gene,ensembl_id,disease_id,disease,therapeutic_area,overall_score
ACAP1,ENSG00000072818,EFO_0004705,hypothyroidism,endocrine system disease,0.489109136073657
ACAP1,ENSG00000072818,EFO_1000627,thyroid disease,endocrine system disease,0.483867423624156
ACAP1,ENSG00000072818,MONDO_0005147,type 1 diabetes mellitus,endocrine system disease; gastrointestinal disease; immune system disease; nutritional or metabolic disease; phenotype,0.344150503778992
ACAP1,ENSG00000072818,EFO_1001055,myxedema,endocrine system disease,0.338703691463045
ACAP1,ENSG00000072818,EFO_0006812,autoimmune thyroid disease,immune system disease; endocrine system disease,0.306271312428574
ACAP1,ENSG00000072818,EFO_0009190,Thyrotoxicosis,immune system disease; endocrine system disease; phenotype,0.304352504609547
ACAP1,ENSG00000072818,EFO_0005140,autoimmune disease,immune system disease,0.297027877609554
ACAP1,ENSG00000072818,MONDO_0007915,systemic lupus erythematosus,immune system disease; urinary system disease; musculoskeletal or connective tissue disease; phenotype,0.294952155359716
ACAP1,ENSG00000072818,EFO_0003779,Hashimoto's thyroiditis,immune system disease; endocrine system disease,0.28659320634169
ACAP1,ENSG00000072818,EFO_0004283,goiter,endocrine system disease; phenotype,0.268120377230987
ACAP1,ENSG00000072818,EFO_0000616,neoplasm,cancer or benign tumor,0.0848128940094354
ACAP1,ENSG00000072818,MONDO_0004992,cancer,cancer or benign tumor,0.0769317425511675
ACAP1,ENSG00000072818,EFO_0000571,lung adenocarcinoma,respiratory or thoracic disease; cancer or benign tumor,0.075155706027266
ACAP1,ENSG00000072818,Orphanet_552,MODY,"endocrine system disease; genetic, familial or congenital disease; nutritional or metabolic disease; phenotype",0.0663765419013724
ACAP1,ENSG00000072818,MONDO_0010894,maturity-onset diabetes of the young type 3,"immune system disease; genetic, familial or congenital disease; nutritional or metabolic disease; endocrine system disease; phenotype",0.0548604336293971
ACAP1,ENSG00000072818,MONDO_0011614,3-hydroxy-3-methylglutaryl-CoA synthase deficiency,"nutritional or metabolic disease; genetic, familial or congenital disease",0.0506102653005231
ACAP1,ENSG00000072818,EFO_0009650,hyperproinsulinemia,"genetic, familial or congenital disease",0.0477645004194509
ACAP1,ENSG00000072818,MONDO_0013240,maturity-onset diabetes of the young type 10,"immune system disease; genetic, familial or congenital disease; nutritional or metabolic disease; endocrine system disease; phenotype",0.0460644330879012
ACAP1,ENSG00000072818,MONDO_0012396,exercise-induced hyperinsulinism,"genetic, familial or congenital disease; endocrine system disease; nutritional or metabolic disease",0.0439430447220111
ACAP1,ENSG00000072818,MONDO_0009414,glycogen storage disorder due to hepatic glycogen synthase deficiency,"nutritional or metabolic disease; genetic, familial or congenital disease",0.0437878211830435
ACAP1,ENSG00000072818,Orphanet_2089,Glycogen storage disease due to hepatic glycogen synthase deficiency,"nutritional or metabolic disease; genetic, familial or congenital disease",0.0437878211830435
ACAP1,ENSG00000072818,EFO_0000668,preeclampsia,"genetic, familial or congenital disease; pregnancy or perinatal disease; cardiovascular disease; phenotype",0.0375003430355279
ACAP1,ENSG00000072818,MONDO_0012381,hyperinsulinism due to INSR deficiency,"endocrine system disease; nutritional or metabolic disease; genetic, familial or congenital disease",0.0354796660497314
ACAP1,ENSG00000072818,MONDO_0009864,"phosphoenolpyruvate carboxykinase deficiency, mitochondrial","nutritional or metabolic disease; genetic, familial or congenital disease",0.0331439213681241
ACAP1,ENSG00000072818,EFO_0000756,melanoma,cancer or benign tumor,0.0297511783021185
ACAP1,ENSG00000072818,EFO_0000637,osteosarcoma,musculoskeletal or connective tissue disease; cancer or benign tumor,0.0216074623002876
ACAP1,ENSG00000072818,MONDO_0007254,breast cancer,integumentary system disease; reproductive system or breast disease; cancer or benign tumor,0.0204989519622285
ACAP1,ENSG00000072818,MONDO_0008903,lung cancer,respiratory or thoracic disease; cancer or benign tumor,0.0199573121529739
ACAP1,ENSG00000072818,MONDO_0008170,ovarian cancer,endocrine system disease; reproductive system or breast disease; cancer or benign tumor,0.0181094128795504
ACAP1,ENSG00000072818,EFO_0000495,fetal growth restriction,pregnancy or perinatal disease; reproductive system or breast disease,0.0177398330248657
ACAP1,ENSG00000072818,EFO_0000519,glioblastoma multiforme,nervous system disease; cancer or benign tumor,0.0171854632428386
ACAP1,ENSG00000072818,EFO_0000557,juvenile dermatomyositis,integumentary system disease; musculoskeletal or connective tissue disease; urinary system disease; immune system disease; nervous system disease; respiratory or thoracic disease; phenotype,0.0153260454605948
ACAP1,ENSG00000072818,EFO_0005221,cholangiocarcinoma,gastrointestinal disease; endocrine system disease; cancer or benign tumor,0.0121961352045952
ACAP1,ENSG00000072818,EFO_0006544,bladder transitional cell carcinoma,urinary system disease; cancer or benign tumor,0.0118060231357613
ACAP1,ENSG00000072818,EFO_0003834,cutaneous lupus erythematosus,immune system disease; musculoskeletal or connective tissue disease,0.00988232246939367
ACAP1,ENSG00000072818,MONDO_0008840,ataxia telangiectasia,"genetic, familial or congenital disease; endocrine system disease; immune system disease; nervous system disease; reproductive system or breast disease; phenotype",0.00869251818218419
ACAP1,ENSG00000072818,EFO_0000186,invasive breast ductal carcinoma,integumentary system disease; reproductive system or breast disease; cancer or benign tumor,0.00829252881503651
ACAP1,ENSG00000072818,MONDO_0004975,Alzheimer disease,psychiatric disorder; nervous system disease; phenotype,0.00751741806334146
ACAP1,ENSG00000072818,EFO_1000044,pancreatic adenocarcinoma,gastrointestinal disease; cancer or benign tumor; endocrine system disease,0.00739159709369404
ACAP1,ENSG00000072818,EFO_0000389,cutaneous melanoma,integumentary system disease; cancer or benign tumor,0.00739159709369404
ACAP1,ENSG00000072818,EFO_1000796,adrenal cortex carcinoma,cardiovascular disease; endocrine system disease; urinary system disease; cancer or benign tumor,0.00739159709369404
ACAP1,ENSG00000072818,MONDO_0007763,nonpapillary renal cell carcinoma,urinary system disease; cancer or benign tumor,0.00739159709369404
ACAP1,ENSG00000072818,EFO_0000544,infection,biological_process,0.00503039246654178
ACAP1,ENSG00000072818,EFO_1000869,chronic interstitial cystitis,urinary system disease,0.00390819067447938
ACAP1,ENSG00000072818,MONDO_0002691,liver cancer,gastrointestinal disease; endocrine system disease; cancer or benign tumor,0.00369579854684702
ACAP1,ENSG00000072818,MONDO_0001056,gastric cancer,gastrointestinal disease; cancer or benign tumor,0.00369579854684702
ACAP1,ENSG00000072818,EFO_0009709,metastatic neoplasm,cancer or benign tumor,0.00369579854684702
ACAP1,ENSG00000072818,MONDO_0018177,glioblastoma,nervous system disease; cancer or benign tumor,0.00369579854684702
ACAP1,ENSG00000072818,MONDO_0007576,esophageal cancer,gastrointestinal disease; cancer or benign tumor,0.00369579854684702
ACAP1,ENSG00000072818,MONDO_0005148,type 2 diabetes mellitus,endocrine system disease; nutritional or metabolic disease; phenotype,0.00369579854684702
AGER,ENSG00000204305,MONDO_0100096,COVID-19,infectious disease,0.209498502166901
AGER,ENSG00000204305,MONDO_0004975,Alzheimer disease,psychiatric disorder; nervous system disease; phenotype,0.205698148648272
AGER,ENSG00000204305,EFO_0000341,chronic obstructive pulmonary disease,respiratory or thoracic disease,0.185634290887146
AGER,ENSG00000204305,EFO_0000616,neoplasm,cancer or benign tumor,0.116644693901808
AGER,ENSG00000204305,MONDO_0007254,breast cancer,integumentary system disease; reproductive system or breast disease; cancer or benign tumor,0.114664330736946
AGER,ENSG00000204305,EFO_0000182,hepatocellular carcinoma,gastrointestinal disease; endocrine system disease; cancer or benign tumor,0.111724420780948
AGER,ENSG00000204305,EFO_0000339,chronic myelogenous leukemia,"musculoskeletal or connective tissue disease; genetic, familial or congenital disease; hematologic disease; immune system disease; cancer or benign tumor",0.111580328479668
AGER,ENSG00000204305,EFO_0000571,lung adenocarcinoma,respiratory or thoracic disease; cancer or benign tumor,0.110712814986068
AGER,ENSG00000204305,EFO_0000400,diabetes mellitus,endocrine system disease; nutritional or metabolic disease; phenotype,0.109925097643715
AGER,ENSG00000204305,MONDO_0001056,gastric cancer,gastrointestinal disease; cancer or benign tumor,0.109748884583379
AGER,ENSG00000204305,MONDO_0004992,cancer,cancer or benign tumor,0.109686919640142
AGER,ENSG00000204305,EFO_0000685,rheumatoid arthritis,immune system disease; musculoskeletal or connective tissue disease; phenotype,0.106253262664598
AGER,ENSG00000204305,EFO_0001361,pulmonary arterial hypertension,respiratory or thoracic disease; cardiovascular disease; phenotype,0.104966659078217
AGER,ENSG00000204305,EFO_0001645,coronary artery disease,cardiovascular disease,0.101682985879356
AGER,ENSG00000204305,MONDO_0005147,type 1 diabetes mellitus,endocrine system disease; gastrointestinal disease; immune system disease; nutritional or metabolic disease; phenotype,0.100381569237853
AGER,ENSG00000204305,EFO_1001249,non-alcoholic steatohepatitis,endocrine system disease; gastrointestinal disease,0.0988542646276697
AGER,ENSG00000204305,EFO_0000519,glioblastoma multiforme,nervous system disease; cancer or benign tumor,0.0980387678829106
AGER,ENSG00000204305,MONDO_0018899,posterior cortical atrophy,"nervous system disease; genetic, familial or congenital disease; psychiatric disorder; phenotype",0.0976310597167716
AGER,ENSG00000204305,MONDO_0008903,lung cancer,respiratory or thoracic disease; cancer or benign tumor,0.0959005789626607
AGER,ENSG00000204305,EFO_0000756,melanoma,cancer or benign tumor,0.0957346834566436
AGER,ENSG00000204305,EFO_1001951,colorectal carcinoma,gastrointestinal disease; cancer or benign tumor,0.0936733265941662
AGER,ENSG00000204305,MONDO_0005148,type 2 diabetes mellitus,endocrine system disease; nutritional or metabolic disease; phenotype,0.0933339735687447
AGER,ENSG00000204305,MONDO_0008315,prostate cancer,reproductive system or breast disease; cancer or benign tumor,0.0918621491600954
AGER,ENSG00000204305,EFO_0003914,atherosclerosis,cardiovascular disease,0.0915385957803259
AGER,ENSG00000204305,MONDO_0004976,amyotrophic lateral sclerosis,nervous system disease; phenotype,0.0911409009711699
AGER,ENSG00000204305,EFO_0003060,non-small cell lung carcinoma,respiratory or thoracic disease; cancer or benign tumor,0.0909358421521148
AGER,ENSG00000204305,EFO_1000637,acute respiratory distress syndrome,respiratory or thoracic disease,0.0908726620756107
AGER,ENSG00000204305,MONDO_0800195,achalasia-alacrima syndrome,"genetic, familial or congenital disease",0.0903890318214152
AGER,ENSG00000204305,EFO_0000401,diabetic nephropathy,nutritional or metabolic disease; urinary system disease,0.0900463141467158
AGER,ENSG00000204305,EFO_0000544,infection,biological_process,0.0885029346799401
AGER,ENSG00000204305,HP_0100806,Sepsis,phenotype,0.0867153715153907
AGER,ENSG00000204305,MONDO_0004979,asthma,phenotype; respiratory or thoracic disease,0.0859811379319772
AGER,ENSG00000204305,EFO_0005922,esophageal squamous cell carcinoma,gastrointestinal disease; cancer or benign tumor,0.0858975301982415
AGER,ENSG00000204305,EFO_0005537,triple-negative breast cancer,integumentary system disease; reproductive system or breast disease; cancer or benign tumor,0.0856829150800597
AGER,ENSG00000204305,EFO_0001073,obesity,nutritional or metabolic disease; phenotype,0.0842808211105198
AGER,ENSG00000204305,EFO_0000660,polycystic ovary syndrome,"endocrine system disease; genetic, familial or congenital disease; reproductive system or breast disease",0.0838398158654342
AGER,ENSG00000204305,EFO_0000729,ulcerative colitis,"gastrointestinal disease; immune system disease; genetic, familial or congenital disease",0.0837537379429498
AGER,ENSG00000204305,MONDO_0001627,dementia,psychiatric disorder; nervous system disease; phenotype,0.083555663713154
AGER,ENSG00000204305,EFO_1000172,cervical squamous cell carcinoma,cancer or benign tumor; reproductive system or breast disease,0.082529712693548
AGER,ENSG00000204305,EFO_0005676,Autoimmune Hepatitis,endocrine system disease; immune system disease; gastrointestinal disease,0.0801592012932725
AGER,ENSG00000204305,MONDO_0011962,endometrial cancer,reproductive system or breast disease; cancer or benign tumor,0.0800680537353923
AGER,ENSG00000204305,MONDO_0007142,Townes-Brocks syndrome,"genetic, familial or congenital disease",0.0796306178061736
AGER,ENSG00000204305,EFO_1000906,dry eye syndrome,disorder of visual system; phenotype,0.0783303826623277
AGER,ENSG00000204305,EFO_0003884,chronic kidney disease,urinary system disease,0.0772232595430496
AGER,ENSG00000204305,MONDO_0001999,idiopathic pulmonary arterial hypertension,respiratory or thoracic disease; cardiovascular disease; phenotype,0.077078137238051
AGER,ENSG00000204305,EFO_1001517,renal fibrosis,urinary system disease; cancer or benign tumor,0.0756983662075517
AGER,ENSG00000204305,EFO_0000768,idiopathic pulmonary fibrosis,respiratory or thoracic disease; cancer or benign tumor,0.0745750105940753
AGER,ENSG00000204305,EFO_0000678,pterygium,disorder of visual system; nervous system disease; cancer or benign tumor,0.0742855507916251
AGER,ENSG00000204305,EFO_0000637,osteosarcoma,musculoskeletal or connective tissue disease; cancer or benign tumor,0.0727473445843268
AGER,ENSG00000204305,MONDO_0002974,cervical cancer,reproductive system or breast disease; cancer or benign tumor,0.0679378480661545
ALDH7A1,ENSG00000164904,MONDO_0009945,pyridoxine-dependent epilepsy,"nervous system disease; genetic, familial or congenital disease; nutritional or metabolic disease",0.794850774069567
ALDH7A1,ENSG00000164904,MONDO_0020741,pyridoxine-dependent epilepsy caused by ALDH7A1 mutant,"nervous system disease; genetic, familial or congenital disease; nutritional or metabolic disease",0.771761728572203
ALDH7A1,ENSG00000164904,EFO_0000508,genetic disorder,"genetic, familial or congenital disease",0.536380520373577
ALDH7A1,ENSG00000164904,HP_0001250,Seizure,phenotype,0.527506250132623
ALDH7A1,ENSG00000164904,EFO_0000474,epilepsy,nervous system disease,0.44015966731691
ALDH7A1,ENSG00000164904,HP_0002119,Ventriculomegaly,phenotype,0.425016832887407
ALDH7A1,ENSG00000164904,MONDO_0100062,genetic developmental and epileptic encephalopathy,"nervous system disease; genetic, familial or congenital disease",0.375328874646464
ALDH7A1,ENSG00000164904,HP_0032807,Neonatal seizure,phenotype,0.340937415946637
ALDH7A1,ENSG00000164904,MONDO_0008215,adult-onset autosomal dominant demyelinating leukodystrophy,"genetic, familial or congenital disease; nervous system disease",0.340013466309926
ALDH7A1,ENSG00000164904,MONDO_0013801,"developmental and epileptic encephalopathy, 13","nervous system disease; genetic, familial or congenital disease; nutritional or metabolic disease",0.332621869216232
ALDH7A1,ENSG00000164904,EFO_0003882,osteoporosis,"musculoskeletal or connective tissue disease; genetic, familial or congenital disease; phenotype",0.325720111357805
ALDH7A1,ENSG00000164904,EFO_0005319,contact dermatitis,immune system disease; integumentary system disease,0.275472051314675
ALDH7A1,ENSG00000164904,HP_0000707,Abnormality of the nervous system,phenotype,0.266097495372985
ALDH7A1,ENSG00000164904,HP_0012443,Abnormal brain morphology,phenotype,0.266097495372985
ALDH7A1,ENSG00000164904,MONDO_0100096,COVID-19,infectious disease,0.25895610461743
ALDH7A1,ENSG00000164904,MONDO_0018097,infantile spasms,nervous system disease,0.152949596250556
ALDH7A1,ENSG00000164904,MONDO_0010632,"developmental and epileptic encephalopathy, 1","nervous system disease; genetic, familial or congenital disease",0.147831941873881
ALDH7A1,ENSG00000164904,MONDO_0018226,infantile epileptic-dyskinetic encephalopathy,"nervous system disease; genetic, familial or congenital disease",0.147831941873881
ALDH7A1,ENSG00000164904,Orphanet_3175,Spasticity - intellectual disability - X-linked epilepsy,"nervous system disease; genetic, familial or congenital disease",0.147831941873881
ALDH7A1,ENSG00000164904,HP_0001249,Intellectual disability,phenotype,0.112993165850869
ALDH7A1,ENSG00000164904,HP_0002352,Leukoencephalopathy,phenotype,0.110873956405411
ALDH7A1,ENSG00000164904,EFO_0000616,neoplasm,cancer or benign tumor,0.0997131717495059
ALDH7A1,ENSG00000164904,Orphanet_777,X-linked non-syndromic intellectual disability,"genetic, familial or congenital disease",0.0923949636711754
ALDH7A1,ENSG00000164904,MONDO_0008315,prostate cancer,reproductive system or breast disease; cancer or benign tumor,0.0902721315441751
ALDH7A1,ENSG00000164904,MONDO_0007254,breast cancer,integumentary system disease; reproductive system or breast disease; cancer or benign tumor,0.0862940993725917
ALDH7A1,ENSG00000164904,EFO_1001951,colorectal carcinoma,gastrointestinal disease; cancer or benign tumor,0.0822557393477171
ALDH7A1,ENSG00000164904,MONDO_0002025,psychiatric disorder,psychiatric disorder,0.0799272545501431
ALDH7A1,ENSG00000164904,MONDO_0009061,cystic fibrosis,"respiratory or thoracic disease; genetic, familial or congenital disease",0.0776030953957977
ALDH7A1,ENSG00000164904,MONDO_0018177,glioblastoma,nervous system disease; cancer or benign tumor,0.077003365442672
ALDH7A1,ENSG00000164904,MONDO_0012774,chromosome 15q13.3 microdeletion syndrome,"nervous system disease; genetic, familial or congenital disease",0.0739159709369404
ALDH7A1,ENSG00000164904,MONDO_0012946,"intellectual disability, autosomal dominant 3","nervous system disease; genetic, familial or congenital disease",0.0739159709369404
ALDH7A1,ENSG00000164904,MONDO_0013657,"intellectual disability, autosomal dominant 10","nervous system disease; genetic, familial or congenital disease",0.0739159709369404
ALDH7A1,ENSG00000164904,Orphanet_199318,15q13.3 microdeletion syndrome,"genetic, familial or congenital disease",0.0739159709369404
ALDH7A1,ENSG00000164904,MONDO_0004992,cancer,cancer or benign tumor,0.0733789121360335
ALDH7A1,ENSG00000164904,EFO_0005917,generalised epilepsy,"nervous system disease; genetic, familial or congenital disease",0.0672505982577018
ALDH7A1,ENSG00000164904,Orphanet_36387,Generalized epilepsy with febrile seizures-plus,"genetic, familial or congenital disease",0.0663381466609135
ALDH7A1,ENSG00000164904,MONDO_0004975,Alzheimer disease,psychiatric disorder; nervous system disease; phenotype,0.065681022949553
ALDH7A1,ENSG00000164904,EFO_0000495,fetal growth restriction,pregnancy or perinatal disease; reproductive system or breast disease,0.0582258146101547
ALDH7A1,ENSG00000164904,EFO_1001900,myoclonic epilepsy,nervous system disease,0.0551339227218638
ALDH7A1,ENSG00000164904,EFO_0003060,non-small cell lung carcinoma,respiratory or thoracic disease; cancer or benign tumor,0.0539646320347931
ALDH7A1,ENSG00000164904,MONDO_0958196,"epilepsy, early-onset, 3, with or without developmental delay","genetic, familial or congenital disease",0.0519555359715754
ALDH7A1,ENSG00000164904,MONDO_0011461,"generalized epilepsy with febrile seizures plus, type 2","genetic, familial or congenital disease; nervous system disease",0.0490875962992221
ALDH7A1,ENSG00000164904,MONDO_0013470,"generalized epilepsy with febrile seizures plus, type 7","nervous system disease; genetic, familial or congenital disease",0.04870323325035
ALDH7A1,ENSG00000164904,Orphanet_1949,Benign familial neonatal seizures,"pregnancy or perinatal disease; genetic, familial or congenital disease",0.0486441004736005
ALDH7A1,ENSG00000164904,EFO_0000182,hepatocellular carcinoma,gastrointestinal disease; endocrine system disease; cancer or benign tumor,0.0477833164651142
ALDH7A1,ENSG00000164904,MONDO_0004979,asthma,phenotype; respiratory or thoracic disease,0.0415682407959713
ALDH7A1,ENSG00000164904,EFO_0000341,chronic obstructive pulmonary disease,respiratory or thoracic disease,0.0378567237826434
ALDH7A1,ENSG00000164904,MONDO_0005180,Parkinson disease,"nervous system disease; genetic, familial or congenital disease",0.0377750438742341
ALDH7A1,ENSG00000164904,EFO_1000984,inflammatory breast carcinoma,integumentary system disease; reproductive system or breast disease; cancer or benign tumor,0.0343709264856773
ALDH7A1,ENSG00000164904,EFO_1001052,myeloid sarcoma,cancer or benign tumor; hematologic disease; immune system disease; musculoskeletal or connective tissue disease,0.0343513287304525
B3GALT4,ENSG00000235863,MONDO_0007254,breast cancer,integumentary system disease; reproductive system or breast disease; cancer or benign tumor,0.07717299606742
B3GALT4,ENSG00000235863,MONDO_0009623,Nijmegen breakage syndrome,"genetic, familial or congenital disease; nutritional or metabolic disease",0.0759281279235571
B3GALT4,ENSG00000235863,EFO_0000195,metabolic syndrome,nutritional or metabolic disease,0.0739159709369404
B3GALT4,ENSG00000235863,EFO_0000616,neoplasm,cancer or benign tumor,0.0661669963393004
B3GALT4,ENSG00000235863,EFO_1001951,colorectal carcinoma,gastrointestinal disease; cancer or benign tumor,0.0651692477094024
B3GALT4,ENSG00000235863,EFO_0000621,neuroblastoma,nervous system disease; cancer or benign tumor,0.0439570066276325
B3GALT4,ENSG00000235863,MONDO_0004992,cancer,cancer or benign tumor,0.0144649448680762
B3GALT4,ENSG00000235863,EFO_0000637,osteosarcoma,musculoskeletal or connective tissue disease; cancer or benign tumor,0.0138054501496055
B3GALT4,ENSG00000235863,EFO_0004190,open-angle glaucoma,disorder of visual system,0.0133048747686493
B3GALT4,ENSG00000235863,MONDO_0005575,colorectal cancer,gastrointestinal disease; cancer or benign tumor,0.0104792314574432
B3GALT4,ENSG00000235863,EFO_0005537,triple-negative breast cancer,integumentary system disease; reproductive system or breast disease; cancer or benign tumor,0.00886991651243284
B3GALT4,ENSG00000235863,MONDO_0004975,Alzheimer disease,psychiatric disorder; nervous system disease; phenotype,0.00864406215679219
B3GALT4,ENSG00000235863,EFO_0000182,hepatocellular carcinoma,gastrointestinal disease; endocrine system disease; cancer or benign tumor,0.00776117694837874
B3GALT4,ENSG00000235863,EFO_0007532,uterine corpus cancer,reproductive system or breast disease; cancer or benign tumor,0.00776117694837874
B3GALT4,ENSG00000235863,EFO_1001331,"Genital neoplasm, female",reproductive system or breast disease; cancer or benign tumor,0.00570795553346373
B3GALT4,ENSG00000235863,EFO_0000756,melanoma,cancer or benign tumor,0.00406537840153172
B3GALT4,ENSG00000235863,EFO_0000519,glioblastoma multiforme,nervous system disease; cancer or benign tumor,0.00369579854684702
B3GALT4,ENSG00000235863,EFO_0000500,ganglioneuroma,nervous system disease; cancer or benign tumor,0.00369579854684702
B3GALT4,ENSG00000235863,MONDO_0021187,hyperlipidemia,nutritional or metabolic disease; phenotype,0.00369579854684702
B3GALT4,ENSG00000235863,Orphanet_91088,Other metabolic disease,"nutritional or metabolic disease; genetic, familial or congenital disease",0.00369579854684702
B3GALT4,ENSG00000235863,EFO_0000537,hypertension,cardiovascular disease; phenotype,0.00369579854684702
B3GALT4,ENSG00000235863,EFO_0000474,epilepsy,nervous system disease,0.00369579854684702
B3GALT4,ENSG00000235863,HP_0100806,Sepsis,phenotype,0.00356258266501596
B3GALT4,ENSG00000235863,MONDO_0008903,lung cancer,respiratory or thoracic disease; cancer or benign tumor,0.00295663883747761
B3GALT4,ENSG00000235863,EFO_0000181,head and neck squamous cell carcinoma,cancer or benign tumor,0.00221747912810821
B3GALT4,ENSG00000235863,EFO_0003914,atherosclerosis,cardiovascular disease,0.00221747912810821
B3GALT4,ENSG00000235863,MONDO_0002525,inherited lipid metabolism disorder,"genetic, familial or congenital disease; nutritional or metabolic disease",0.00221747912810821
B3GALT4,ENSG00000235863,MONDO_0016525,familial hyperaldosteronism,"genetic, familial or congenital disease; endocrine system disease",0.00221747912810821
B3GALT4,ENSG00000235863,MONDO_0016642,meningioma,nervous system disease; cancer or benign tumor,0.00221747912810821
B3GALT4,ENSG00000235863,MONDO_0008170,ovarian cancer,endocrine system disease; reproductive system or breast disease; cancer or benign tumor,0.00201215698661671
B3GALT4,ENSG00000235863,MONDO_0005147,type 1 diabetes mellitus,endocrine system disease; gastrointestinal disease; immune system disease; nutritional or metabolic disease; phenotype,0.00184789927342351
B3GALT4,ENSG00000235863,MONDO_0005180,Parkinson disease,"nervous system disease; genetic, familial or congenital disease",0.00184789927342351
B3GALT4,ENSG00000235863,EFO_0005772,neurodegenerative disease,nervous system disease,0.00184789927342351
B3GALT4,ENSG00000235863,MONDO_0007739,Huntington disease,"nervous system disease; genetic, familial or congenital disease",0.00147831941873881
B3GALT4,ENSG00000235863,EFO_0000228,adenocarcinoma,cancer or benign tumor,0.00147831941873881
B3GALT4,ENSG00000235863,EFO_0000673,prostate adenocarcinoma,cancer or benign tumor; reproductive system or breast disease,0.00147831941873881
B3GALT4,ENSG00000235863,MONDO_0005148,type 2 diabetes mellitus,endocrine system disease; nutritional or metabolic disease; phenotype,0.00147831941873881
B3GALT4,ENSG00000235863,MONDO_0001627,dementia,psychiatric disorder; nervous system disease; phenotype,0.00147831941873881
B3GALT4,ENSG00000235863,Orphanet_98454,Platelet storage pool disease,"hematologic disease; genetic, familial or congenital disease",0.00147831941873881
B3GALT4,ENSG00000235863,HP_0001300,Parkinsonism,phenotype,0.00147831941873881
BCAS4,ENSG00000124243,EFO_0004193,basal cell carcinoma,cancer or benign tumor; integumentary system disease,0.475679246362493
BCAS4,ENSG00000124243,EFO_0004198,skin neoplasm,integumentary system disease; cancer or benign tumor,0.413595825114258
BCAS4,ENSG00000124243,MONDO_0002898,skin cancer,integumentary system disease; cancer or benign tumor,0.400090559112733
BCAS4,ENSG00000124243,EFO_0009260,non-melanoma skin carcinoma,integumentary system disease; cancer or benign tumor,0.367449015352442
BCAS4,ENSG00000124243,EFO_0010176,keratinocyte carcinoma,integumentary system disease; cancer or benign tumor,0.309477101582898
BCAS4,ENSG00000124243,EFO_0001061,cervical carcinoma,cancer or benign tumor; reproductive system or breast disease,0.280211565003664
BCAS4,ENSG00000124243,HP_0005206,Pancreatic pseudocyst,phenotype,0.22947401711118
BCAS4,ENSG00000124243,EFO_1001754,Abruptio Placentae,pregnancy or perinatal disease; reproductive system or breast disease,0.195125892243639
BCAS4,ENSG00000124243,MONDO_0004975,Alzheimer disease,psychiatric disorder; nervous system disease; phenotype,0.0635677350057687
BCAS4,ENSG00000124243,EFO_0000729,ulcerative colitis,"gastrointestinal disease; immune system disease; genetic, familial or congenital disease",0.0272754944454759
BCAS4,ENSG00000124243,MONDO_0011565,metabolic syndrome X,"genetic, familial or congenital disease; nutritional or metabolic disease",0.0261512187482274
BCAS4,ENSG00000124243,EFO_0009759,Chronic Obstructive Asthma,phenotype; respiratory or thoracic disease,0.0228124039269822
BCAS4,ENSG00000124243,MONDO_0007254,breast cancer,integumentary system disease; reproductive system or breast disease; cancer or benign tumor,0.0221900485223341
BCAS4,ENSG00000124243,EFO_1000999,joint disease,musculoskeletal or connective tissue disease,0.0211344851866876
BCAS4,ENSG00000124243,EFO_0004994,lumbar disc degeneration,"genetic, familial or congenital disease; musculoskeletal or connective tissue disease",0.0155223538967575
BCAS4,ENSG00000124243,EFO_0000616,neoplasm,cancer or benign tumor,0.0109233432494893
BCAS4,ENSG00000124243,EFO_0009708,metastasis,biological_process,0.00517411796558583
BCAS4,ENSG00000124243,MONDO_0004992,cancer,cancer or benign tumor,0.00487640086042315
BCAS4,ENSG00000124243,EFO_0000305,breast carcinoma,integumentary system disease; reproductive system or breast disease; cancer or benign tumor,0.00461974818355877
BCAS4,ENSG00000124243,EFO_0003869,breast neoplasm,integumentary system disease; reproductive system or breast disease; cancer or benign tumor,0.00459921596940962
BCAS4,ENSG00000124243,EFO_0000335,chromophobe renal cell carcinoma,urinary system disease; cancer or benign tumor,0.00439622306661756
BCAS4,ENSG00000124243,MONDO_0011962,endometrial cancer,reproductive system or breast disease; cancer or benign tumor,0.00369579854684702
BCAS4,ENSG00000124243,EFO_0000232,adenoma,cancer or benign tumor,0.00369579854684702
BCAS4,ENSG00000124243,EFO_0001365,age-related macular degeneration,"nervous system disease; genetic, familial or congenital disease; disorder of visual system; phenotype",0.00369579854684702
BCAS4,ENSG00000124243,EFO_0000313,carcinoma,cancer or benign tumor,0.00369579854684702
BCAS4,ENSG00000124243,EFO_0000621,neuroblastoma,nervous system disease; cancer or benign tumor,0.00295663883747761
BCAS4,ENSG00000124243,MONDO_0002108,thyroid cancer,endocrine system disease; cancer or benign tumor,0.00221747912810821
BCAS4,ENSG00000124243,EFO_1000043,ovarian serous cystadenocarcinoma,cancer or benign tumor; endocrine system disease; reproductive system or breast disease,0
BCAS4,ENSG00000124243,EFO_1000581,Thymoma,immune system disease; endocrine system disease; hematologic disease; cancer or benign tumor,0
BCAS4,ENSG00000124243,EFO_0000222,acute myeloid leukemia,hematologic disease; immune system disease; cancer or benign tumor; musculoskeletal or connective tissue disease,0
BCAS4,ENSG00000124243,MONDO_0000553,uterine corpus endometrial carcinoma,reproductive system or breast disease; cancer or benign tumor,0
BCAS4,ENSG00000124243,MONDO_0001056,gastric cancer,gastrointestinal disease; cancer or benign tumor,0
BCAS4,ENSG00000124243,EFO_0000182,hepatocellular carcinoma,gastrointestinal disease; endocrine system disease; cancer or benign tumor,0
BCAS4,ENSG00000124243,EFO_0000691,sarcoma,cancer or benign tumor,0
BCAS4,ENSG00000124243,MONDO_0008734,"adrenocortical carcinoma, hereditary","genetic, familial or congenital disease; urinary system disease; cardiovascular disease; endocrine system disease; cancer or benign tumor",0
BCAS4,ENSG00000124243,MONDO_0007576,esophageal cancer,gastrointestinal disease; cancer or benign tumor,0
BCAS4,ENSG00000124243,EFO_1000613,Uterine Carcinosarcoma,reproductive system or breast disease; cancer or benign tumor,0
BCAS4,ENSG00000124243,MONDO_0002974,cervical cancer,reproductive system or breast disease; cancer or benign tumor,0
BCAS4,ENSG00000124243,EFO_0000349,clear cell renal carcinoma,urinary system disease; cancer or benign tumor,0
BCAS4,ENSG00000124243,MONDO_0008903,lung cancer,respiratory or thoracic disease; cancer or benign tumor,0
BTN2A1,ENSG00000112763,EFO_0003898,ankylosing spondylitis,immune system disease; musculoskeletal or connective tissue disease; phenotype,0.19600940158346
BTN2A1,ENSG00000112763,MONDO_0004773,iridocyclitis,disorder of visual system; phenotype,0.137969795846583
BTN2A1,ENSG00000112763,MONDO_0001434,inflammatory spondylopathy,musculoskeletal or connective tissue disease,0.122432104385856
BTN2A1,ENSG00000112763,EFO_0000706,spondyloarthropathy,immune system disease; musculoskeletal or connective tissue disease,0.100229317430782
BTN2A1,ENSG00000112763,EFO_0000384,Crohn's disease,"immune system disease; gastrointestinal disease; genetic, familial or congenital disease",0.0923949636711754
BTN2A1,ENSG00000112763,MONDO_0011804,autoimmune lymphoproliferative syndrome type 2B,"immune system disease; cancer or benign tumor; genetic, familial or congenital disease",0.0645064678366679
BTN2A1,ENSG00000112763,Orphanet_275517,Autoimmune lymphoproliferative syndrome with recurrent viral infections,"genetic, familial or congenital disease; immune system disease",0.0645064678366679
BTN2A1,ENSG00000112763,Orphanet_1334,Chronic mucocutaneous candidosis,"immune system disease; genetic, familial or congenital disease",0.0559414547043499
BTN2A1,ENSG00000112763,MONDO_0007644,IgAD1,"immune system disease; hematologic disease; genetic, familial or congenital disease",0.0551339227218638
BTN2A1,ENSG00000112763,MONDO_0012291,immunoglobulin A deficiency 2,"immune system disease; hematologic disease; genetic, familial or congenital disease",0.0525542553361646
BTN2A1,ENSG00000112763,MONDO_0016462,isolated agammaglobulinemia,"immune system disease; hematologic disease; genetic, familial or congenital disease",0.0494321268526448
BTN2A1,ENSG00000112763,MONDO_0015517,common variable immunodeficiency,"immune system disease; hematologic disease; genetic, familial or congenital disease",0.0493463021975014
BTN2A1,ENSG00000112763,MONDO_0011528,hyper-IgM syndrome type 2,"genetic, familial or congenital disease; immune system disease; hematologic disease",0.0477201508368887
BTN2A1,ENSG00000112763,MONDO_0012682,immunodeficiency 35,"immune system disease; genetic, familial or congenital disease",0.046818375991458
BTN2A1,ENSG00000112763,Orphanet_169446,Autosomal recessive hyper-IgE syndrome,"immune system disease; genetic, familial or congenital disease",0.046818375991458
BTN2A1,ENSG00000112763,Orphanet_331226,Autosomal recessive hyper-IgE syndrome due to TYK2 deficiency,"immune system disease; genetic, familial or congenital disease",0.046818375991458
BTN2A1,ENSG00000112763,MONDO_0015459,nasopharyngeal carcinoma,infectious disease; gastrointestinal disease; respiratory or thoracic disease; cancer or benign tumor,0.0467210532963911
BTN2A1,ENSG00000112763,MONDO_0012426,immunodeficiency 25,"immune system disease; genetic, familial or congenital disease; phenotype",0.0461605238501193
BTN2A1,ENSG00000112763,MONDO_0007814,"immune deficiency, familial variable","immune system disease; hematologic disease; genetic, familial or congenital disease",0.0454952801116868
BTN2A1,ENSG00000112763,MONDO_0030971,immunodeficiency 78 with autoimmunity and developmental delay,"immune system disease; genetic, familial or congenital disease",0.0443643657563516
BTN2A1,ENSG00000112763,MONDO_0032803,immunodeficiency 64,"immune system disease; genetic, familial or congenital disease",0.0443421909650705
BTN2A1,ENSG00000112763,EFO_0000183,Hodgkins lymphoma,"hematologic disease; genetic, familial or congenital disease; infectious disease; cancer or benign tumor",0.0443347993679768
BTN2A1,ENSG00000112763,MONDO_0009348,classic Hodgkin lymphoma,"hematologic disease; genetic, familial or congenital disease; infectious disease; cancer or benign tumor",0.0443347993679768
BTN2A1,ENSG00000112763,MONDO_0958013,"immunodeficiency, common variable, 15","genetic, familial or congenital disease; immune system disease; hematologic disease",0.0442239254115714
BTN2A1,ENSG00000112763,MONDO_0011985,hyper-IgM syndrome type 4,"immune system disease; hematologic disease; genetic, familial or congenital disease",0.0439800027074795
BTN2A1,ENSG00000112763,MONDO_0014391,combined immunodeficiency due to CTPS1 deficiency,"immune system disease; genetic, familial or congenital disease; phenotype",0.0431595354300795
BTN2A1,ENSG00000112763,MONDO_0011225,severe combined immunodeficiency due to DCLRE1C deficiency,"genetic, familial or congenital disease; nutritional or metabolic disease; immune system disease; phenotype",0.0426569068277083
BTN2A1,ENSG00000112763,EFO_0005140,autoimmune disease,immune system disease,0.0426107093458727
BTN2A1,ENSG00000112763,MONDO_0011735,hyper-IgM syndrome type 3,"immune system disease; hematologic disease; genetic, familial or congenital disease",0.0425829908567713
BTN2A1,ENSG00000112763,MONDO_0013862,"immunodeficiency, common variable, 7","immune system disease; hematologic disease; genetic, familial or congenital disease",0.0423908093323353
BTN2A1,ENSG00000112763,MONDO_0011971,hyper-IgM syndrome type 5,"immune system disease; hematologic disease; genetic, familial or congenital disease",0.0419990546863695
BTN2A1,ENSG00000112763,MONDO_0100281,"macroglobulinemia, Waldenstrom, 1","genetic, familial or congenital disease; nutritional or metabolic disease; hematologic disease; immune system disease; cancer or benign tumor",0.0419694882979947
BTN2A1,ENSG00000112763,Orphanet_47,X-linked agammaglobulinemia,immune system disease,0.0419694882979947
BTN2A1,ENSG00000112763,MONDO_0013284,"immunodeficiency, common variable, 4","immune system disease; hematologic disease; genetic, familial or congenital disease",0.0418586143415893
BTN2A1,ENSG00000112763,EFO_0001378,multiple myeloma,"immune system disease; hematologic disease; cancer or benign tumor; genetic, familial or congenital disease",0.0417994815648398
BTN2A1,ENSG00000112763,EFO_0000616,neoplasm,cancer or benign tumor,0.0416499102334803
BTN2A1,ENSG00000112763,MONDO_0032763,immunodeficiency 62,"immune system disease; genetic, familial or congenital disease",0.0416294748316848
BTN2A1,ENSG00000112763,MONDO_0009413,"immunodeficiency, common variable, 2","immune system disease; hematologic disease; genetic, familial or congenital disease",0.0412894613653749
BTN2A1,ENSG00000112763,MONDO_0018338,activated PI3K-delta syndrome,"immune system disease; hematologic disease; genetic, familial or congenital disease",0.0410085806758145
BTN2A1,ENSG00000112763,Orphanet_98813,Hypohidrotic ectodermal dysplasia with immunodeficiency,"integumentary system disease; genetic, familial or congenital disease",0.0406316092240361
BTN2A1,ENSG00000112763,Orphanet_300345,Autosomal recessive systemic lupus erythematosus,"genetic, familial or congenital disease",0.0403655117286631
BTN2A1,ENSG00000112763,MONDO_0013743,autosomal systemic lupus erythematosus type 16,"immune system disease; urinary system disease; musculoskeletal or connective tissue disease; genetic, familial or congenital disease; phenotype",0.0403655117286631
BTN2A1,ENSG00000112763,EFO_0005555,gamma chain deficiency,"immune system disease; genetic, familial or congenital disease; phenotype",0.0403377932395618
BTN2A1,ENSG00000112763,MONDO_0014081,severe combined immunodeficiency due to CARD11 deficiency,"immune system disease; genetic, familial or congenital disease; phenotype",0.0401807218013208
BTN2A1,ENSG00000112763,MONDO_0017287,immunoglobulin G4-related sclerosing disease,immune system disease,0.0400033234710721
BTN2A1,ENSG00000112763,MONDO_0013767,autoimmune lymphoproliferative syndrome type 4,"immune system disease; cancer or benign tumor; genetic, familial or congenital disease",0.0398480999321045
BTN2A1,ENSG00000112763,Orphanet_268114,RAS-associated autoimmune leukoproliferative disease,"genetic, familial or congenital disease; immune system disease",0.0398480999321045
BTN2A1,ENSG00000112763,MONDO_0010455,"X-linked immunodeficiency with magnesium defect, Epstein-Barr virus infection and neoplasia","immune system disease; genetic, familial or congenital disease; phenotype",0.0397076595873244
BTN2A1,ENSG00000112763,MONDO_0958182,C1Q deficiency 1,"immune system disease; genetic, familial or congenital disease",0.0397002679902307
BTN2A1,ENSG00000112763,MONDO_0970993,immunodeficiency 119,"immune system disease; genetic, familial or congenital disease",0.0396337436163874
C19orf83,ENSG00000267757,EFO_0000341,chronic obstructive pulmonary disease,respiratory or thoracic disease,0.00369579854684702
C21orf91,ENSG00000154642,EFO_0004329,alcohol drinking,biological_process,0.206268613344414
C21orf91,ENSG00000154642,HP_0002590,Paralytic ileus,phenotype,0.194010734580789
C21orf91,ENSG00000154642,EFO_0009482,drug allergy,immune system disease,0.189144203546245
C21orf91,ENSG00000154642,MONDO_0002009,major depressive disorder,psychiatric disorder; nervous system disease,0.180534758151576
C21orf91,ENSG00000154642,MONDO_0001056,gastric cancer,gastrointestinal disease; cancer or benign tumor,0.170233014798383
C21orf91,ENSG00000154642,EFO_0000538,hypertrophic cardiomyopathy,cardiovascular disease; musculoskeletal or connective tissue disease,0.0859446644573677
C21orf91,ENSG00000154642,HP_0005206,Pancreatic pseudocyst,phenotype,0.0630816964583162
C21orf91,ENSG00000154642,MONDO_0019537,hemoglobin D disease,"hematologic disease; genetic, familial or congenital disease; phenotype",0.0416220832345911
C21orf91,ENSG00000154642,MONDO_0010722,X-linked retinal dysplasia,"nervous system disease; genetic, familial or congenital disease; disorder of visual system",0.0413929437246866
C21orf91,ENSG00000154642,EFO_0009846,muscle cramp,phenotype,0.0375646282191324
C21orf91,ENSG00000154642,EFO_0000400,diabetes mellitus,endocrine system disease; nutritional or metabolic disease; phenotype,0.0358564228029847
C21orf91,ENSG00000154642,Orphanet_124,Blackfan-Diamond anemia,"hematologic disease; genetic, familial or congenital disease; nutritional or metabolic disease; phenotype",0.0354722744526377
C21orf91,ENSG00000154642,MONDO_0017910,dehydrated hereditary stomatocytosis,hematologic disease; phenotype,0.0319982238186015
C21orf91,ENSG00000154642,MONDO_0009646,monosomy 7 myelodysplasia and leukemia syndrome 1,"genetic, familial or congenital disease; hematologic disease; cancer or benign tumor",0.0309042674487348
C21orf91,ENSG00000154642,MONDO_0100135,Dravet syndrome,"nervous system disease; genetic, familial or congenital disease",0.0299154360153117
C21orf91,ENSG00000154642,EFO_0005537,triple-negative breast cancer,integumentary system disease; reproductive system or breast disease; cancer or benign tumor,0.0273489092466679
C21orf91,ENSG00000154642,EFO_0001064,Down syndrome,"genetic, familial or congenital disease",0.0214356315717127
C21orf91,ENSG00000154642,EFO_0000756,melanoma,cancer or benign tumor,0.0197725222256315
C21orf91,ENSG00000154642,MONDO_0007254,breast cancer,integumentary system disease; reproductive system or breast disease; cancer or benign tumor,0.0147831941873881
C21orf91,ENSG00000154642,EFO_0000557,juvenile dermatomyositis,integumentary system disease; musculoskeletal or connective tissue disease; urinary system disease; immune system disease; nervous system disease; respiratory or thoracic disease; phenotype,0.0131718260209628
C21orf91,ENSG00000154642,EFO_0003033,bacteriemia,infectious disease,0.0111354410216501
C21orf91,ENSG00000154642,MONDO_0004975,Alzheimer disease,psychiatric disorder; nervous system disease; phenotype,0.0109677202120346
C21orf91,ENSG00000154642,MONDO_0043653,herpes labialis,infectious disease; gastrointestinal disease,0.0101634460038293
C21orf91,ENSG00000154642,EFO_0000182,hepatocellular carcinoma,gastrointestinal disease; endocrine system disease; cancer or benign tumor,0.0101456830591279
C21orf91,ENSG00000154642,EFO_0003884,chronic kidney disease,urinary system disease,0.00667663541325869
C21orf91,ENSG00000154642,EFO_0000676,psoriasis,"immune system disease; integumentary system disease; genetic, familial or congenital disease",0.00405265560762727
C21orf91,ENSG00000154642,EFO_0000178,gastric carcinoma,gastrointestinal disease; cancer or benign tumor,0.00383624866326059
C21orf91,ENSG00000154642,MONDO_0100330,disease arising from reactivation of latent virus,infectious disease,0.00369579854684702
C21orf91,ENSG00000154642,EFO_0006544,bladder transitional cell carcinoma,urinary system disease; cancer or benign tumor,0.00369579854684702
C21orf91,ENSG00000154642,EFO_0000632,oligodendroglioma,nervous system disease; cancer or benign tumor,0.00320317145601504
C21orf91,ENSG00000154642,EFO_0004249,meningococcal infection,infectious disease,0.00319078893716447
C21orf91,ENSG00000154642,EFO_0008504,hepatitis C virus induced hepatocellular carcinoma,gastrointestinal disease; endocrine system disease; cancer or benign tumor,0.00223518884222541
C21orf91,ENSG00000154642,EFO_0000495,fetal growth restriction,pregnancy or perinatal disease; reproductive system or breast disease,0.00221747912810821
C21orf91,ENSG00000154642,MONDO_0004992,cancer,cancer or benign tumor,0.00147831941873881
C21orf91,ENSG00000154642,EFO_0001378,multiple myeloma,"immune system disease; hematologic disease; cancer or benign tumor; genetic, familial or congenital disease",0.00137675479620925
C21orf91,ENSG00000154642,EFO_0000222,acute myeloid leukemia,hematologic disease; immune system disease; cancer or benign tumor; musculoskeletal or connective tissue disease,0
C21orf91,ENSG00000154642,MONDO_0000553,uterine corpus endometrial carcinoma,reproductive system or breast disease; cancer or benign tumor,0
C21orf91,ENSG00000154642,MONDO_0001187,urinary bladder cancer,urinary system disease; cancer or benign tumor,0
C21orf91,ENSG00000154642,EFO_1000613,Uterine Carcinosarcoma,reproductive system or breast disease; cancer or benign tumor,0
C21orf91,ENSG00000154642,EFO_1000043,ovarian serous cystadenocarcinoma,cancer or benign tumor; endocrine system disease; reproductive system or breast disease,0
C21orf91,ENSG00000154642,MONDO_0004986,urinary bladder carcinoma,urinary system disease; cancer or benign tumor,0
C21orf91,ENSG00000154642,EFO_0000691,sarcoma,cancer or benign tumor,0
CDK5R1,ENSG00000176749,MONDO_0004975,Alzheimer disease,psychiatric disorder; nervous system disease; phenotype,0.607466198260202
CDK5R1,ENSG00000176749,EFO_0005772,neurodegenerative disease,nervous system disease,0.397471364177768
CDK5R1,ENSG00000176749,MONDO_0005090,schizophrenia,psychiatric disorder; nervous system disease,0.107250923584551
CDK5R1,ENSG00000176749,EFO_0000616,neoplasm,cancer or benign tumor,0.105942214775356
CDK5R1,ENSG00000176749,MONDO_0008903,lung cancer,respiratory or thoracic disease; cancer or benign tumor,0.100769254876446
CDK5R1,ENSG00000176749,MONDO_0008315,prostate cancer,reproductive system or breast disease; cancer or benign tumor,0.0858798009405583
CDK5R1,ENSG00000176749,EFO_0000182,hepatocellular carcinoma,gastrointestinal disease; endocrine system disease; cancer or benign tumor,0.0762080476440357
CDK5R1,ENSG00000176749,EFO_0010970,severe malarial anemia,hematologic disease; infectious disease; endocrine system disease; gastrointestinal disease; phenotype,0.0750247105009944
CDK5R1,ENSG00000176749,EFO_1000478,Pituitary Gland Adenoma,endocrine system disease; reproductive system or breast disease; cancer or benign tumor; nervous system disease; musculoskeletal or connective tissue disease,0.0688650462562494
CDK5R1,ENSG00000176749,EFO_0000403,diffuse large B-cell lymphoma,"hematologic disease; immune system disease; genetic, familial or congenital disease; cancer or benign tumor",0.0638952238214477
CDK5R1,ENSG00000176749,MONDO_0011411,Chudley-McCullough syndrome,"genetic, familial or congenital disease",0.0621052253919248
CDK5R1,ENSG00000176749,EFO_0001066,experimental autoimmune encephalomyelitis,animal disease; nervous system disease,0.0591617957230226
CDK5R1,ENSG00000176749,Orphanet_300573,Polymicrogyria due to TUBB2B mutation,"genetic, familial or congenital disease",0.0584090162007948
CDK5R1,ENSG00000176749,MONDO_0015099,unilateral hemispheric polymicrogyria,nervous system disease,0.0556180723315008
CDK5R1,ENSG00000176749,EFO_0003060,non-small cell lung carcinoma,respiratory or thoracic disease; cancer or benign tumor,0.0534656260818157
CDK5R1,ENSG00000176749,MONDO_0013527,lissencephaly 4,"nervous system disease; genetic, familial or congenital disease; phenotype",0.0533488520237367
CDK5R1,ENSG00000176749,MONDO_0004992,cancer,cancer or benign tumor,0.0512623605413182
CDK5R1,ENSG00000176749,EFO_0000571,lung adenocarcinoma,respiratory or thoracic disease; cancer or benign tumor,0.0502404612675818
CDK5R1,ENSG00000176749,HP_0000023,Inguinal hernia,phenotype,0.049243061936863
CDK5R1,ENSG00000176749,MONDO_0012703,lissencephaly due to TUBA1A mutation,"nervous system disease; genetic, familial or congenital disease",0.0484352878557036
CDK5R1,ENSG00000176749,MONDO_0975828,"intellectual developmental disorder, X-linked 114","nervous system disease; genetic, familial or congenital disease",0.0469458810413243
CDK5R1,ENSG00000176749,MONDO_0016660,autosomal recessive primary microcephaly,"nervous system disease; genetic, familial or congenital disease; phenotype",0.0467649922346703
CDK5R1,ENSG00000176749,MONDO_0005180,Parkinson disease,"nervous system disease; genetic, familial or congenital disease",0.0463637129360244
CDK5R1,ENSG00000176749,Orphanet_77299,Microphthalmia - brain atrophy,"genetic, familial or congenital disease; disorder of visual system; nervous system disease",0.046251070914517
CDK5R1,ENSG00000176749,MONDO_0012638,microphthalmia-brain atrophy syndrome,"nervous system disease; genetic, familial or congenital disease; disorder of visual system",0.046251070914517
CDK5R1,ENSG00000176749,MONDO_0015459,nasopharyngeal carcinoma,infectious disease; gastrointestinal disease; respiratory or thoracic disease; cancer or benign tumor,0.0462414207738669
CDK5R1,ENSG00000176749,EFO_0004229,Dupuytren Contracture,musculoskeletal or connective tissue disease,0.0454243496563618
CDK5R1,ENSG00000176749,MONDO_0044743,major salivary gland cancer,gastrointestinal disease; cancer or benign tumor,0.0449462255055202
CDK5R1,ENSG00000176749,Orphanet_2182,Hydrocephalus with stenosis of the aqueduct of Sylvius,"genetic, familial or congenital disease",0.0440687018726038
CDK5R1,ENSG00000176749,MONDO_0012399,complex cortical dysplasia with other brain malformations 7,"nervous system disease; genetic, familial or congenital disease",0.0437360800033876
CDK5R1,ENSG00000176749,MONDO_0013172,polymicrogyria with optic nerve hypoplasia,"nervous system disease; genetic, familial or congenital disease",0.0423908093323353
CDK5R1,ENSG00000176749,EFO_0000717,systemic scleroderma,"respiratory or thoracic disease; urinary system disease; integumentary system disease; immune system disease; musculoskeletal or connective tissue disease; disorder of visual system; genetic, familial or congenital disease; phenotype",0.0422963611472492
CDK5R1,ENSG00000176749,MONDO_0010569,X-linked complicated corpus callosum dysgenesis,"genetic, familial or congenital disease",0.0422947185701173
CDK5R1,ENSG00000176749,MONDO_0010239,lissencephaly type 1 due to doublecortin gene mutation,"nervous system disease; genetic, familial or congenital disease",0.0404486671959672
CDK5R1,ENSG00000176749,MONDO_0013907,bilateral generalized polymicrogyria,"nervous system disease; genetic, familial or congenital disease; musculoskeletal or connective tissue disease; phenotype",0.0399349511979555
CDK5R1,ENSG00000176749,EFO_0000685,rheumatoid arthritis,immune system disease; musculoskeletal or connective tissue disease; phenotype,0.0397195682715309
CDK5R1,ENSG00000176749,MONDO_0010011,schizencephaly,nervous system disease,0.0386876191883946
CDK5R1,ENSG00000176749,Orphanet_171703,Microcephaly - polymicrogyria - corpus callosum agenesis,"genetic, familial or congenital disease",0.0384658712755838
CDK5R1,ENSG00000176749,MONDO_0015745,microcephaly-polymicrogyria-corpus callosum agenesis syndrome,"genetic, familial or congenital disease",0.0384658712755838
CDK5R1,ENSG00000176749,MONDO_0968946,developmental and epileptic encephalopathy 115,"nervous system disease; genetic, familial or congenital disease",0.0383919553046468
CDK5R1,ENSG00000176749,MONDO_0013541,complex cortical dysplasia with other brain malformations 1,"nervous system disease; genetic, familial or congenital disease",0.0381628157947423
CDK5R1,ENSG00000176749,Orphanet_300570,Cortical dysgenesis with pontocerebellar hypoplasia due to TUBB3 mutation,"genetic, familial or congenital disease",0.0381628157947423
CDK5R1,ENSG00000176749,MONDO_0020491,subcortical band heterotopia,nervous system disease,0.038000200658681
CDK5R1,ENSG00000176749,MONDO_0009503,pyruvate dehydrogenase E3-binding protein deficiency,"genetic, familial or congenital disease; nutritional or metabolic disease; nervous system disease; phenotype",0.0379484594790252
CDK5R1,ENSG00000176749,Orphanet_183506,Genetic central nervous system malformation,"genetic, familial or congenital disease",0.0373645233086233
CDK5R1,ENSG00000176749,MONDO_0014341,complex cortical dysplasia with other brain malformations 6,"nervous system disease; genetic, familial or congenital disease",0.0373645233086233
CDK5R1,ENSG00000176749,MONDO_0957873,leukoencephalopathy with vanishing white matter 5,"nervous system disease; genetic, familial or congenital disease",0.0372462577551242
CDK5R1,ENSG00000176749,MONDO_0968947,neurodevelopmental disorder plus optic atrophy,"nervous system disease; genetic, familial or congenital disease",0.0371723417841873
CDK5R1,ENSG00000176749,EFO_0007355,male reproductive organ cancer,reproductive system or breast disease; cancer or benign tumor,0.0368414598305561
CDK5R1,ENSG00000176749,MONDO_0030046,neurodevelopmental disorder and structural brain anomalies with or without seizures and spasticity,"nervous system disease; genetic, familial or congenital disease",0.0365957972108792
CFD,ENSG00000197766,MONDO_0013487,recurrent Neisseria infections due to factor D deficiency,"immune system disease; genetic, familial or congenital disease",0.772640820442413
CFD,ENSG00000197766,MONDO_0100244,paroxysmal nocturnal hemoglobinuria,urinary system disease; nutritional or metabolic disease; hematologic disease; phenotype,0.488809385306587
CFD,ENSG00000197766,EFO_0009473,hemolysis,biological_process,0.461974818355877
CFD,ENSG00000197766,MONDO_0003832,complement deficiency,"immune system disease; genetic, familial or congenital disease",0.461974818355877
CFD,ENSG00000197766,EFO_1001492,atrophic macular degeneration,"nervous system disease; genetic, familial or congenital disease; disorder of visual system; phenotype",0.363176283797084
CFD,ENSG00000197766,EFO_0005772,neurodegenerative disease,nervous system disease,0.320433625003631
CFD,ENSG00000197766,EFO_0010282,gastrointestinal disease,gastrointestinal disease,0.267816513674869
CFD,ENSG00000197766,EFO_0009606,macular degeneration,nervous system disease; disorder of visual system; phenotype,0.259416499660694
CFD,ENSG00000197766,MONDO_0005148,type 2 diabetes mellitus,endocrine system disease; nutritional or metabolic disease; phenotype,0.108807783119673
CFD,ENSG00000197766,EFO_0000616,neoplasm,cancer or benign tumor,0.102741648127732
CFD,ENSG00000197766,EFO_0000668,preeclampsia,"genetic, familial or congenital disease; pregnancy or perinatal disease; cardiovascular disease; phenotype",0.0909582777396634
CFD,ENSG00000197766,EFO_0003095,non-alcoholic fatty liver disease,endocrine system disease; gastrointestinal disease,0.0855132947773332
CFD,ENSG00000197766,EFO_0000685,rheumatoid arthritis,immune system disease; musculoskeletal or connective tissue disease; phenotype,0.0841565889403646
CFD,ENSG00000197766,EFO_0001645,coronary artery disease,cardiovascular disease,0.0815516011887242
CFD,ENSG00000197766,EFO_0000222,acute myeloid leukemia,hematologic disease; immune system disease; cancer or benign tumor; musculoskeletal or connective tissue disease,0.0809444791813981
CFD,ENSG00000197766,EFO_0000612,myocardial infarction,cardiovascular disease,0.0802842773905828
CFD,ENSG00000197766,MONDO_0007254,breast cancer,integumentary system disease; reproductive system or breast disease; cancer or benign tumor,0.0799470165788756
CFD,ENSG00000197766,MONDO_0100096,COVID-19,infectious disease,0.0799291724469661
CFD,ENSG00000197766,EFO_0000546,injury,"injury, poisoning or other complication",0.0768191642854477
CFD,ENSG00000197766,EFO_0001068,malaria,infectious disease; hematologic disease; endocrine system disease; gastrointestinal disease,0.0761026517438249
CFD,ENSG00000197766,EFO_0000407,dilated cardiomyopathy,cardiovascular disease; musculoskeletal or connective tissue disease; phenotype,0.0754482900788914
CFD,ENSG00000197766,MONDO_0007804,Pallister-Hall syndrome,"endocrine system disease; genetic, familial or congenital disease; musculoskeletal or connective tissue disease; phenotype",0.0745422034684894
CFD,ENSG00000197766,Orphanet_169150,Immunodeficiency due to a late component of complements deficiency,immune system disease,0.0722078960418726
CFD,ENSG00000197766,EFO_0001073,obesity,nutritional or metabolic disease; phenotype,0.0699521012422318
CFD,ENSG00000197766,EFO_0007374,mixed connective tissue disease,immune system disease; musculoskeletal or connective tissue disease,0.068581937428384
CFD,ENSG00000197766,EFO_0001365,age-related macular degeneration,"nervous system disease; genetic, familial or congenital disease; disorder of visual system; phenotype",0.0636863219149285
CFD,ENSG00000197766,HP_0002857,Genu valgum,phenotype,0.0635993317930669
CFD,ENSG00000197766,EFO_0000195,metabolic syndrome,nutritional or metabolic disease,0.0626866916176172
CFD,ENSG00000197766,EFO_0004593,gestational diabetes,pregnancy or perinatal disease; endocrine system disease; nutritional or metabolic disease; phenotype,0.061314529825041
CFD,ENSG00000197766,MONDO_0012682,immunodeficiency 35,"immune system disease; genetic, familial or congenital disease",0.0578244640639684
CFD,ENSG00000197766,Orphanet_169446,Autosomal recessive hyper-IgE syndrome,"immune system disease; genetic, familial or congenital disease",0.0578244640639684
CFD,ENSG00000197766,Orphanet_331226,Autosomal recessive hyper-IgE syndrome due to TYK2 deficiency,"immune system disease; genetic, familial or congenital disease",0.0578244640639684
CFD,ENSG00000197766,EFO_0008583,acute myocardial infarction,cardiovascular disease,0.0568947654072949
CFD,ENSG00000197766,MONDO_0100319,COVID-19–associated multisystem inflammatory syndrome in adults,infectious disease,0.0555807037017493
CFD,ENSG00000197766,HP_0002970,Genu varum,phenotype,0.0542374804496608
CFD,ENSG00000197766,MONDO_0018177,glioblastoma,nervous system disease; cancer or benign tumor,0.05266512929257
CFD,ENSG00000197766,MONDO_0008800,microphthalmia with limb anomalies,"genetic, familial or congenital disease",0.0505662607262731
CFD,ENSG00000197766,MONDO_0016462,isolated agammaglobulinemia,"immune system disease; hematologic disease; genetic, familial or congenital disease",0.0503476582815554
CFD,ENSG00000197766,Orphanet_319547,Mendelian susceptibility to mycobacterial diseases due to complete IFNgammaR2 deficiency,immune system disease,0.0492797778236581
CFD,ENSG00000197766,MONDO_0013953,immunodeficiency 28,"genetic, familial or congenital disease; immune system disease",0.0492797778236581
CFD,ENSG00000197766,HP_0000855,Insulin resistance,phenotype,0.0491032534807594
CFD,ENSG00000197766,EFO_0009783,carotid atherosclerosis,nervous system disease; cardiovascular disease,0.0482301710363536
CFD,ENSG00000197766,Orphanet_391311,Susceptibility to viral and mycobacterial infections,immune system disease,0.0482227794392599
CFD,ENSG00000197766,MONDO_0013427,immunodeficiency 31B,"immune system disease; genetic, familial or congenital disease",0.0482227794392599
CFD,ENSG00000197766,MONDO_0013714,mannose-binding lectin deficiency,"immune system disease; genetic, familial or congenital disease",0.0459905171169643
CFD,ENSG00000197766,MONDO_0013421,type II complement component 8 deficiency,"immune system disease; genetic, familial or congenital disease",0.045539629694249
CFD,ENSG00000197766,Orphanet_70592,Immunodeficiency due to interleukin-1 receptor-associated kinase-4 deficiency,immune system disease,0.044837427970348
CFD,ENSG00000197766,MONDO_0004992,cancer,cancer or benign tumor,0.0432765184145449
CFD,ENSG00000197766,MONDO_0007814,"immune deficiency, familial variable","immune system disease; hematologic disease; genetic, familial or congenital disease",0.0430856194591425
CFD,ENSG00000197766,MONDO_0008725,congenital lipoid adrenal hyperplasia due to STAR deficency,"endocrine system disease; genetic, familial or congenital disease; nutritional or metabolic disease; reproductive system or breast disease; phenotype",0.0418733975357767
CTSH,ENSG00000103811,MONDO_0005147,type 1 diabetes mellitus,endocrine system disease; gastrointestinal disease; immune system disease; nutritional or metabolic disease; phenotype,0.548131955189888
CTSH,ENSG00000103811,MONDO_0002898,skin cancer,integumentary system disease; cancer or benign tumor,0.493421781648228
CTSH,ENSG00000103811,EFO_0004193,basal cell carcinoma,cancer or benign tumor; integumentary system disease,0.492568796128126
CTSH,ENSG00000103811,MONDO_0016158,narcolepsy-cataplexy syndrome,nervous system disease; psychiatric disorder,0.448853938675885
CTSH,ENSG00000103811,MONDO_0005301,multiple sclerosis,nervous system disease; immune system disease,0.433912733691392
CTSH,ENSG00000103811,MONDO_0004975,Alzheimer disease,psychiatric disorder; nervous system disease; phenotype,0.370606057205396
CTSH,ENSG00000103811,MONDO_0005180,Parkinson disease,"nervous system disease; genetic, familial or congenital disease",0.364199744395843
CTSH,ENSG00000103811,MONDO_0005148,type 2 diabetes mellitus,endocrine system disease; nutritional or metabolic disease; phenotype,0.358672637752823
CTSH,ENSG00000103811,EFO_0004238,hearing loss,nervous system disease,0.35864338807689
CTSH,ENSG00000103811,HP_0000407,Sensorineural hearing impairment,phenotype,0.358114281309136
CTSH,ENSG00000103811,EFO_0005772,neurodegenerative disease,nervous system disease,0.357589973713306
CTSH,ENSG00000103811,MONDO_0002561,lysosomal storage disease,"genetic, familial or congenital disease; nutritional or metabolic disease",0.357589973713306
CTSH,ENSG00000103811,EFO_0005140,autoimmune disease,immune system disease,0.357589249846434
CTSH,ENSG00000103811,EFO_0000319,cardiovascular disease,cardiovascular disease,0.304568319547874
CTSH,ENSG00000103811,EFO_0001645,coronary artery disease,cardiovascular disease,0.293907042592012
CTSH,ENSG00000103811,EFO_0000612,myocardial infarction,cardiovascular disease,0.291089730870152
CTSH,ENSG00000103811,EFO_0003913,angina pectoris,phenotype,0.288330057297332
CTSH,ENSG00000103811,EFO_1001375,Myocardial Ischemia,cardiovascular disease,0.288330057297332
CTSH,ENSG00000103811,EFO_0003776,coronary artery bypass,medical procedure,0.282860997918078
CTSH,ENSG00000103811,MONDO_0021661,coronary atherosclerosis,cardiovascular disease,0.27308005893119
CTSH,ENSG00000103811,EFO_0009677,occlusion precerebral artery,nervous system disease; cardiovascular disease,0.255426991543738
CTSH,ENSG00000103811,EFO_0003951,percutaneous transluminal coronary angioplasty,medical procedure,0.208588188865084
CTSH,ENSG00000103811,MONDO_0008903,lung cancer,respiratory or thoracic disease; cancer or benign tumor,0.095729641071278
CTSH,ENSG00000103811,EFO_0004911,familial hypercholesterolemia,"nutritional or metabolic disease; phenotype; genetic, familial or congenital disease",0.0779604314364738
CTSH,ENSG00000103811,MONDO_0007473,Duane retraction syndrome,"nervous system disease; disorder of visual system; genetic, familial or congenital disease",0.0766892571020661
CTSH,ENSG00000103811,EFO_0010133,diabetic maculopathy,nutritional or metabolic disease; nervous system disease; disorder of visual system; cardiovascular disease,0.0716984918088321
CTSH,ENSG00000103811,EFO_0000182,hepatocellular carcinoma,gastrointestinal disease; endocrine system disease; cancer or benign tumor,0.0691723142164688
CTSH,ENSG00000103811,EFO_0009322,proliferative diabetic retinopathy,nutritional or metabolic disease; nervous system disease; disorder of visual system; cardiovascular disease,0.064840732283016
CTSH,ENSG00000103811,HP_0000924,Abnormality of the skeletal system,phenotype,0.0647740481117378
CTSH,ENSG00000103811,EFO_0000571,lung adenocarcinoma,respiratory or thoracic disease; cancer or benign tumor,0.0642777664034323
CTSH,ENSG00000103811,EFO_0001065,endometriosis,reproductive system or breast disease,0.0587631968948676
CTSH,ENSG00000103811,Orphanet_891,Familial exudative vitreoretinopathy,"genetic, familial or congenital disease; disorder of visual system",0.0564196499718836
CTSH,ENSG00000103811,MONDO_0012657,Mungan syndrome,"genetic, familial or congenital disease",0.0504630493250737
CTSH,ENSG00000103811,MONDO_0004992,cancer,cancer or benign tumor,0.0494468573108326
CTSH,ENSG00000103811,EFO_0000616,neoplasm,cancer or benign tumor,0.0463947089027306
CTSH,ENSG00000103811,MONDO_0010722,X-linked retinal dysplasia,"nervous system disease; genetic, familial or congenital disease; disorder of visual system",0.0439282615278237
CTSH,ENSG00000103811,MONDO_0011151,exudative vitreoretinopathy 4,"nervous system disease; disorder of visual system; cardiovascular disease; genetic, familial or congenital disease",0.0426569068277083
CTSH,ENSG00000103811,MONDO_0008663,snowflake vitreoretinal degeneration,"nervous system disease; disorder of visual system; genetic, familial or congenital disease",0.0412672865740938
CTSH,ENSG00000103811,MONDO_0019200,retinitis pigmentosa,"nervous system disease; genetic, familial or congenital disease; disorder of visual system",0.0389167586982991
CTSH,ENSG00000103811,MONDO_0019516,exudative vitreoretinopathy,"nervous system disease; disorder of visual system; cardiovascular disease; genetic, familial or congenital disease",0.0388650175186432
CTSH,ENSG00000103811,EFO_0000768,idiopathic pulmonary fibrosis,respiratory or thoracic disease; cancer or benign tumor,0.03816938610327
CTSH,ENSG00000103811,MONDO_0009066,juvenile nephropathic cystinosis,"genetic, familial or congenital disease; nutritional or metabolic disease",0.0373127821289675
CTSH,ENSG00000103811,EFO_0001071,lung carcinoma,respiratory or thoracic disease; cancer or benign tumor,0.0369163525503147
CTSH,ENSG00000103811,MONDO_0015998,isolated ectopia lentis,disorder of visual system,0.0340900457961169
CTSH,ENSG00000103811,MONDO_0009395,hyperostosis corticalis generalisata,"genetic, familial or congenital disease; musculoskeletal or connective tissue disease; phenotype",0.0336317667763079
CTSH,ENSG00000103811,EFO_0000266,aortic stenosis,cardiovascular disease,0.0317873767254237
CTSH,ENSG00000103811,MONDO_0005341,skin basal cell carcinoma,integumentary system disease; cancer or benign tumor,0.0305519346539354
CTSH,ENSG00000103811,MONDO_0007624,Flynn-Aird syndrome,"genetic, familial or congenital disease",0.0304090304434573
CTSH,ENSG00000103811,MONDO_0008315,prostate cancer,reproductive system or breast disease; cancer or benign tumor,0.0270239736830501
CTSH,ENSG00000103811,MONDO_0000548,ovarian clear cell cancer,cancer or benign tumor; endocrine system disease; reproductive system or breast disease,0.0260553797552715
DXO,ENSG00000204348,MONDO_0007254,breast cancer,integumentary system disease; reproductive system or breast disease; cancer or benign tumor,0.0517411796558582
DXO,ENSG00000204348,EFO_0000729,ulcerative colitis,"gastrointestinal disease; immune system disease; genetic, familial or congenital disease",0.00937590854832152
DXO,ENSG00000204348,MONDO_0005147,type 1 diabetes mellitus,endocrine system disease; gastrointestinal disease; immune system disease; nutritional or metabolic disease; phenotype,0.00776117694837874
DXO,ENSG00000204348,MONDO_0009571,"Meckel syndrome, type 1","genetic, familial or congenital disease; musculoskeletal or connective tissue disease; phenotype",0.00517411796558583
DXO,ENSG00000204348,EFO_0000544,infection,biological_process,0.00369579854684702
DXO,ENSG00000204348,EFO_0001060,celiac disease,"gastrointestinal disease; genetic, familial or congenital disease; immune system disease",0.00369579854684702
DXO,ENSG00000204348,HP_0100806,Sepsis,phenotype,0.00304480545428154
DXO,ENSG00000204348,MONDO_0004992,cancer,cancer or benign tumor,0.00295663883747761
DXO,ENSG00000204348,MONDO_0007915,systemic lupus erythematosus,immune system disease; urinary system disease; musculoskeletal or connective tissue disease; phenotype,0.00275131669598611
DXO,ENSG00000204348,EFO_0004237,Graves disease,immune system disease; endocrine system disease; phenotype,0.00221747912810821
DXO,ENSG00000204348,EFO_0000676,psoriasis,"immune system disease; integumentary system disease; genetic, familial or congenital disease",0.00221747912810821
DXO,ENSG00000204348,EFO_0003779,Hashimoto's thyroiditis,immune system disease; endocrine system disease,0.00221747912810821
DXO,ENSG00000204348,MONDO_0004979,asthma,phenotype; respiratory or thoracic disease,0.00221747912810821
DXO,ENSG00000204348,EFO_0005140,autoimmune disease,immune system disease,0.00184789927342351
DXO,ENSG00000204348,EFO_0000616,neoplasm,cancer or benign tumor,0.00147831941873881
DXO,ENSG00000204348,EFO_0000180,HIV-1 infection,infectious disease; reproductive system or breast disease,0.00147831941873881
DXO,ENSG00000204348,MONDO_0004986,urinary bladder carcinoma,urinary system disease; cancer or benign tumor,0.00147831941873881
DXO,ENSG00000204348,MONDO_0008567,"thyroid cancer, nonmedullary, 1","endocrine system disease; genetic, familial or congenital disease; cancer or benign tumor",0
DXO,ENSG00000204348,EFO_1000043,ovarian serous cystadenocarcinoma,cancer or benign tumor; endocrine system disease; reproductive system or breast disease,0
EVI2A,ENSG00000126860,MONDO_0005148,type 2 diabetes mellitus,endocrine system disease; nutritional or metabolic disease; phenotype,0.361833175250743
EVI2A,ENSG00000126860,MONDO_0018975,neurofibromatosis type 1,"genetic, familial or congenital disease; nervous system disease; cancer or benign tumor",0.335527177518336
EVI2A,ENSG00000126860,EFO_0000400,diabetes mellitus,endocrine system disease; nutritional or metabolic disease; phenotype,0.303661141003027
EVI2A,ENSG00000126860,HP_0000924,Abnormality of the skeletal system,phenotype,0.277161794450418
EVI2A,ENSG00000126860,EFO_1000786,"osteoarthritis, hip",musculoskeletal or connective tissue disease; phenotype,0.238811868059157
EVI2A,ENSG00000126860,EFO_0005670,smoking initiation,biological_process,0.227948399129267
EVI2A,ENSG00000126860,MONDO_0002494,substance-related disorder,psychiatric disorder,0.225497117214603
EVI2A,ENSG00000126860,MONDO_0005178,osteoarthritis,musculoskeletal or connective tissue disease; phenotype,0.215923342665621
EVI2A,ENSG00000126860,MONDO_0011962,endometrial cancer,reproductive system or breast disease; cancer or benign tumor,0.209125790352888
EVI2A,ENSG00000126860,EFO_0009552,hemorrhoid,cardiovascular disease,0.206322253170363
EVI2A,ENSG00000126860,EFO_0004229,Dupuytren Contracture,musculoskeletal or connective tissue disease,0.18210954413822
EVI2A,ENSG00000126860,HP_0100790,Hernia,phenotype,0.160815656698741
EVI2A,ENSG00000126860,EFO_0004698,insomnia,psychiatric disorder; nervous system disease,0.0528854539414389
EVI2A,ENSG00000126860,EFO_0009806,total hip arthroplasty,medical procedure,0.0527069886231925
EVI2A,ENSG00000126860,EFO_0004799,cholelithiasis,urinary system disease; gastrointestinal disease,0.0433909596793565
EVI2A,ENSG00000126860,MONDO_0002175,degeneration of macula and posterior pole,nervous system disease; disorder of visual system; phenotype,0.0425549686732941
EVI2A,ENSG00000126860,EFO_0000616,neoplasm,cancer or benign tumor,0.0366678307466667
EVI2A,ENSG00000126860,EFO_0000349,clear cell renal carcinoma,urinary system disease; cancer or benign tumor,0.0278411077003846
EVI2A,ENSG00000126860,MONDO_0005147,type 1 diabetes mellitus,endocrine system disease; gastrointestinal disease; immune system disease; nutritional or metabolic disease; phenotype,0.027596602785145
EVI2A,ENSG00000126860,EFO_0004616,"osteoarthritis, knee",musculoskeletal or connective tissue disease; phenotype,0.0271731868510367
EVI2A,ENSG00000126860,EFO_0004319,smoking cessation,biological_process,0.0234920574197947
EVI2A,ENSG00000126860,EFO_0001663,prostate carcinoma,cancer or benign tumor; reproductive system or breast disease,0.0229505333627634
EVI2A,ENSG00000126860,EFO_0001061,cervical carcinoma,cancer or benign tumor; reproductive system or breast disease,0.0225206038245338
EVI2A,ENSG00000126860,EFO_0003033,bacteriemia,infectious disease,0.0214647880170718
EVI2A,ENSG00000126860,EFO_0008579,risk-taking behaviour,biological_process,0.0210677286609994
EVI2A,ENSG00000126860,MONDO_0015486,keratoconus,"genetic, familial or congenital disease; disorder of visual system",0.0205238557963945
EVI2A,ENSG00000126860,EFO_0000668,preeclampsia,"genetic, familial or congenital disease; pregnancy or perinatal disease; cardiovascular disease; phenotype",0.0195529625555782
EVI2A,ENSG00000126860,MONDO_0009061,cystic fibrosis,"respiratory or thoracic disease; genetic, familial or congenital disease",0.0174027295846188
EVI2A,ENSG00000126860,EFO_0000637,osteosarcoma,musculoskeletal or connective tissue disease; cancer or benign tumor,0.0171932654842153
EVI2A,ENSG00000126860,EFO_0002939,medulloblastoma,cancer or benign tumor; nervous system disease,0.0165639888998513
EVI2A,ENSG00000126860,HP_0006554,Acute hepatic failure,phenotype,0.0160954552659569
EVI2A,ENSG00000126860,EFO_1002008,atypical teratoid rhabdoid tumor,cancer or benign tumor; nervous system disease,0.0149211327676934
EVI2A,ENSG00000126860,EFO_0001071,lung carcinoma,respiratory or thoracic disease; cancer or benign tumor,0.0140440344780187
EVI2A,ENSG00000126860,EFO_0008508,large cell medulloblastoma,cancer or benign tumor; nervous system disease,0.011684608538469
EVI2A,ENSG00000126860,MONDO_0007763,nonpapillary renal cell carcinoma,urinary system disease; cancer or benign tumor,0.0103482359311717
EVI2A,ENSG00000126860,MONDO_0004992,cancer,cancer or benign tumor,0.010068767355115
EVI2A,ENSG00000126860,EFO_0000685,rheumatoid arthritis,immune system disease; musculoskeletal or connective tissue disease; phenotype,0.00919782714767851
EVI2A,ENSG00000126860,MONDO_0004643,myeloid leukemia,immune system disease; hematologic disease; musculoskeletal or connective tissue disease; cancer or benign tumor,0.00886991651243284
EVI2A,ENSG00000126860,MONDO_0015356,hereditary neoplastic syndrome,"genetic, familial or congenital disease; cancer or benign tumor",0.00739159709369404
EVI2A,ENSG00000126860,HP_0001626,Abnormality of the cardiovascular system,phenotype,0.00739159709369404
EVI2A,ENSG00000126860,Orphanet_140162,Inherited cancer-predisposing syndrome,"genetic, familial or congenital disease",0.00739159709369404
EVI2A,ENSG00000126860,EFO_0000699,Sjogren syndrome,gastrointestinal disease; immune system disease; disorder of visual system,0.00731269163501193
EVI2A,ENSG00000126860,EFO_0000339,chronic myelogenous leukemia,"musculoskeletal or connective tissue disease; genetic, familial or congenital disease; hematologic disease; immune system disease; cancer or benign tumor",0.00670190575626519
EVI2A,ENSG00000126860,MONDO_0005184,pancreatic ductal adenocarcinoma,gastrointestinal disease; cancer or benign tumor; endocrine system disease,0.00628222590547839
EVI2A,ENSG00000126860,EFO_0000186,invasive breast ductal carcinoma,integumentary system disease; reproductive system or breast disease; cancer or benign tumor,0.00593364444491652
EVI2A,ENSG00000126860,EFO_1000869,chronic interstitial cystitis,urinary system disease,0.0059045432386853
EVI2A,ENSG00000126860,EFO_0000632,oligodendroglioma,nervous system disease; cancer or benign tumor,0.0054601027909275
EVI2A,ENSG00000126860,EFO_0001075,ovarian carcinoma,cancer or benign tumor; endocrine system disease; reproductive system or breast disease,0.00541303865067781
EVI2A,ENSG00000126860,MONDO_0002367,kidney cancer,urinary system disease; cancer or benign tumor,0.00517411796558583
EVI2A,ENSG00000126860,EFO_0002427,myeloid neoplasm,hematologic disease; cancer or benign tumor,0.00483287256642695
HCG11,ENSG00000228223,EFO_0003060,non-small cell lung carcinoma,respiratory or thoracic disease; cancer or benign tumor,0.102138410663841
HCG11,ENSG00000228223,EFO_1001951,colorectal carcinoma,gastrointestinal disease; cancer or benign tumor,0.0952009861471257
HCG11,ENSG00000228223,EFO_0005543,glioma,nervous system disease; cancer or benign tumor,0.0877307205779058
HCG11,ENSG00000228223,MONDO_0001056,gastric cancer,gastrointestinal disease; cancer or benign tumor,0.0860394444458462
HCG11,ENSG00000228223,EFO_0000182,hepatocellular carcinoma,gastrointestinal disease; endocrine system disease; cancer or benign tumor,0.0854163470568717
HCG11,ENSG00000228223,MONDO_0007254,breast cancer,integumentary system disease; reproductive system or breast disease; cancer or benign tumor,0.0851091054188938
HCG11,ENSG00000228223,EFO_0000616,neoplasm,cancer or benign tumor,0.0807595904745732
HCG11,ENSG00000228223,MONDO_0015459,nasopharyngeal carcinoma,infectious disease; gastrointestinal disease; respiratory or thoracic disease; cancer or benign tumor,0.0745422034684894
HCG11,ENSG00000228223,EFO_0002618,pancreatic carcinoma,gastrointestinal disease; endocrine system disease; cancer or benign tumor,0.0739159709369404
HCG11,ENSG00000228223,EFO_0000637,osteosarcoma,musculoskeletal or connective tissue disease; cancer or benign tumor,0.0716528110078277
HCG11,ENSG00000228223,MONDO_0008170,ovarian cancer,endocrine system disease; reproductive system or breast disease; cancer or benign tumor,0.0481431144483612
HCG11,ENSG00000228223,MONDO_0100319,COVID-19–associated multisystem inflammatory syndrome in adults,infectious disease,0.0436104228527948
HCG11,ENSG00000228223,EFO_0000199,oral squamous cell carcinoma,gastrointestinal disease; cancer or benign tumor,0.0317838675028844
HCG11,ENSG00000228223,MONDO_0002358,laryngeal carcinoma,respiratory or thoracic disease; cancer or benign tumor,0.0203268920076586
HCG11,ENSG00000228223,HP_0002637,Cerebral ischemia,phenotype,0.0193824101567977
HCG11,ENSG00000228223,MONDO_0004992,cancer,cancer or benign tumor,0.0175470089201338
HCG11,ENSG00000228223,EFO_0000571,lung adenocarcinoma,respiratory or thoracic disease; cancer or benign tumor,0.0171649310286895
HCG11,ENSG00000228223,MONDO_0009685,Miyoshi myopathy,"nervous system disease; genetic, familial or congenital disease; musculoskeletal or connective tissue disease; phenotype",0.0155223538967575
HCG11,ENSG00000228223,EFO_0003914,atherosclerosis,cardiovascular disease,0.0153272978623406
HCG11,ENSG00000228223,EFO_1002008,atypical teratoid rhabdoid tumor,cancer or benign tumor; nervous system disease,0.0147455283786908
HCG11,ENSG00000228223,MONDO_0002974,cervical cancer,reproductive system or breast disease; cancer or benign tumor,0.0130762131797838
HCG11,ENSG00000228223,EFO_1000044,pancreatic adenocarcinoma,gastrointestinal disease; cancer or benign tumor; endocrine system disease,0.0120113452772528
HCG11,ENSG00000228223,EFO_0008508,large cell medulloblastoma,cancer or benign tumor; nervous system disease,0.0116553576946959
HCG11,ENSG00000228223,EFO_0005537,triple-negative breast cancer,integumentary system disease; reproductive system or breast disease; cancer or benign tumor,0.0116417654225681
HCG11,ENSG00000228223,MONDO_0018899,posterior cortical atrophy,"nervous system disease; genetic, familial or congenital disease; psychiatric disorder; phenotype",0.0111034149914934
HCG11,ENSG00000228223,MONDO_0002525,inherited lipid metabolism disorder,"genetic, familial or congenital disease; nutritional or metabolic disease",0.0110873956405411
HCG11,ENSG00000228223,MONDO_0007473,Duane retraction syndrome,"nervous system disease; disorder of visual system; genetic, familial or congenital disease",0.0110873956405411
HCG11,ENSG00000228223,EFO_0000537,hypertension,cardiovascular disease; phenotype,0.0110873956405411
HCG11,ENSG00000228223,MONDO_0008315,prostate cancer,reproductive system or breast disease; cancer or benign tumor,0.0106615706551446
HCG11,ENSG00000228223,MONDO_0008903,lung cancer,respiratory or thoracic disease; cancer or benign tumor,0.00908304089530102
HCG11,ENSG00000228223,EFO_0000313,carcinoma,cancer or benign tumor,0.0090547064397752
HCG11,ENSG00000228223,EFO_0000519,glioblastoma multiforme,nervous system disease; cancer or benign tumor,0.00813075680306344
HCG11,ENSG00000228223,HP_0009588,Vestibular schwannoma,phenotype,0.00813075680306344
HCG11,ENSG00000228223,EFO_0000275,atrial fibrillation,cardiovascular disease,0.00776117694837874
HCG11,ENSG00000228223,EFO_1002025,measles,infectious disease,0.00739159709369404
HCG11,ENSG00000228223,EFO_0001378,multiple myeloma,"immune system disease; hematologic disease; cancer or benign tumor; genetic, familial or congenital disease",0.00739159709369404
HCG11,ENSG00000228223,EFO_1000860,cerebral atherosclerosis,cardiovascular disease,0.00739159709369404
HCG11,ENSG00000228223,MONDO_0005575,colorectal cancer,gastrointestinal disease; cancer or benign tumor,0.00739159709369404
HCG11,ENSG00000228223,EFO_1001949,colon adenocarcinoma,gastrointestinal disease; cancer or benign tumor,0.00739159709369404
HCG11,ENSG00000228223,EFO_0000341,chronic obstructive pulmonary disease,respiratory or thoracic disease,0.00739159709369404
HCG11,ENSG00000228223,EFO_0003770,diabetic retinopathy,nutritional or metabolic disease; nervous system disease; disorder of visual system; cardiovascular disease,0.00739159709369404
HCG11,ENSG00000228223,MONDO_0005277,migraine disorder,nervous system disease; cardiovascular disease,0.00702201723900934
HCG11,ENSG00000228223,EFO_0004906,lymph node metastatic carcinoma,hematologic disease; immune system disease; cancer or benign tumor,0.00591327767495523
HCG11,ENSG00000228223,MONDO_0016471,pachyonychia congenita,"integumentary system disease; genetic, familial or congenital disease",0.00570795553346373
HCG11,ENSG00000228223,EFO_0001073,obesity,nutritional or metabolic disease; phenotype,0.00517411796558583
HCG11,ENSG00000228223,EFO_1000760,rosacea,integumentary system disease,0.00507261510609822
HCG11,ENSG00000228223,MONDO_0002691,liver cancer,gastrointestinal disease; endocrine system disease; cancer or benign tumor,0.00422963611472492
HCG11,ENSG00000228223,EFO_0000612,myocardial infarction,cardiovascular disease,0.00406537840153172
HCG11,ENSG00000228223,EFO_0005854,allergic rhinitis,respiratory or thoracic disease; immune system disease,0.00369579854684702
HCG11,ENSG00000228223,EFO_0000756,melanoma,cancer or benign tumor,0.00369579854684702
HCG15,ENSG00000227214,EFO_0005543,glioma,nervous system disease; cancer or benign tumor,0.075689543595144
HCG15,ENSG00000227214,MONDO_0100319,COVID-19–associated multisystem inflammatory syndrome in adults,infectious disease,0.0288888253078542
HCG15,ENSG00000227214,EFO_0000182,hepatocellular carcinoma,gastrointestinal disease; endocrine system disease; cancer or benign tumor,0.0270520008593279
HCG15,ENSG00000227214,EFO_0000616,neoplasm,cancer or benign tumor,0.0219900013537398
HCG15,ENSG00000227214,EFO_1001951,colorectal carcinoma,gastrointestinal disease; cancer or benign tumor,0.00720680716635169
HCG15,ENSG00000227214,EFO_0005922,esophageal squamous cell carcinoma,gastrointestinal disease; cancer or benign tumor,0.00295663883747761
HCG15,ENSG00000227214,MONDO_0004992,cancer,cancer or benign tumor,0.00184789927342351
HCG15,ENSG00000227214,EFO_0008583,acute myocardial infarction,cardiovascular disease,0.00184789927342351
HCG15,ENSG00000227214,MONDO_0005575,colorectal cancer,gastrointestinal disease; cancer or benign tumor,0.00147831941873881
HCG23,ENSG00000225914,EFO_0000571,lung adenocarcinoma,respiratory or thoracic disease; cancer or benign tumor,0.00665243738432463
HCG23,ENSG00000225914,EFO_0000400,diabetes mellitus,endocrine system disease; nutritional or metabolic disease; phenotype,0.00371202659594521
HCG23,ENSG00000225914,MONDO_0007915,systemic lupus erythematosus,immune system disease; urinary system disease; musculoskeletal or connective tissue disease; phenotype,0.00369579854684702
HCG23,ENSG00000225914,EFO_0000403,diffuse large B-cell lymphoma,"hematologic disease; immune system disease; genetic, familial or congenital disease; cancer or benign tumor",0.00369579854684702
HCG23,ENSG00000225914,MONDO_0004979,asthma,phenotype; respiratory or thoracic disease,0.00369579854684702
HCG23,ENSG00000225914,EFO_1000749,pemphigus,immune system disease; integumentary system disease,0.00221747912810821
HCG23,ENSG00000225914,EFO_0000729,ulcerative colitis,"gastrointestinal disease; immune system disease; genetic, familial or congenital disease",0.00221747912810821
HCG23,ENSG00000225914,EFO_0003818,lung disease,respiratory or thoracic disease,0.00221747912810821
HCG23,ENSG00000225914,EFO_1001512,endometrial carcinoma,cancer or benign tumor; reproductive system or breast disease,0.00219076381517347
HCG25,ENSG00000232940,EFO_0000182,hepatocellular carcinoma,gastrointestinal disease; endocrine system disease; cancer or benign tumor,0.0238379006271633
HCG25,ENSG00000232940,EFO_0000519,glioblastoma multiforme,nervous system disease; cancer or benign tumor,0.020223736926213
HCG25,ENSG00000232940,MONDO_0004992,cancer,cancer or benign tumor,0.00332621869216232
HCG25,ENSG00000232940,MONDO_0002691,liver cancer,gastrointestinal disease; endocrine system disease; cancer or benign tumor,0.00147831941873881
HCG25,ENSG00000232940,MONDO_0007254,breast cancer,integumentary system disease; reproductive system or breast disease; cancer or benign tumor,0.00147831941873881
HCG25,ENSG00000232940,MONDO_0005148,type 2 diabetes mellitus,endocrine system disease; nutritional or metabolic disease; phenotype,0.00147831941873881
HFE,ENSG00000010704,EFO_0006513,hereditary hemochromatosis type 1,"gastrointestinal disease; genetic, familial or congenital disease; nutritional or metabolic disease",0.833796475260105
HFE,ENSG00000010704,MONDO_0006507,hereditary hemochromatosis,"genetic, familial or congenital disease; nutritional or metabolic disease",0.659253835828916
HFE,ENSG00000010704,EFO_0009043,Familial porphyria cutanea tarda,"urinary system disease; genetic, familial or congenital disease; nutritional or metabolic disease; endocrine system disease; integumentary system disease; disorder of visual system; gastrointestinal disease",0.629605264685116
HFE,ENSG00000010704,MONDO_0008297,variegate porphyria,"endocrine system disease; gastrointestinal disease; integumentary system disease; genetic, familial or congenital disease; nutritional or metabolic disease",0.60026643155946
HFE,ENSG00000010704,EFO_0003770,diabetic retinopathy,nutritional or metabolic disease; nervous system disease; disorder of visual system; cardiovascular disease,0.588951480669799
HFE,ENSG00000010704,MONDO_0007088,Alzheimer disease type 1,"nervous system disease; genetic, familial or congenital disease; nutritional or metabolic disease; cardiovascular disease; psychiatric disorder; phenotype",0.57950666216119
HFE,ENSG00000010704,EFO_1000642,hemochromatosis,nutritional or metabolic disease,0.571201088601735
HFE,ENSG00000010704,EFO_0000318,cardiomyopathy,cardiovascular disease; musculoskeletal or connective tissue disease,0.426385458952054
HFE,ENSG00000010704,MONDO_0009061,cystic fibrosis,"respiratory or thoracic disease; genetic, familial or congenital disease",0.417511109506651
HFE,ENSG00000010704,EFO_0000508,genetic disorder,"genetic, familial or congenital disease",0.413095057685843
HFE,ENSG00000010704,MONDO_0004975,Alzheimer disease,psychiatric disorder; nervous system disease; phenotype,0.391419180630623
HFE,ENSG00000010704,EFO_0000589,metabolic disease,nutritional or metabolic disease,0.370394110967322
HFE,ENSG00000010704,MONDO_0002279,iron metabolism disease,nutritional or metabolic disease,0.3702266194304
HFE,ENSG00000010704,Orphanet_79473,Porphyria variegata,"urinary system disease; genetic, familial or congenital disease; nutritional or metabolic disease",0.369579854684702
HFE,ENSG00000010704,EFO_0003100,peripheral neuropathy,nervous system disease; phenotype,0.340752626019295
HFE,ENSG00000010704,MONDO_0015356,hereditary neoplastic syndrome,"genetic, familial or congenital disease; cancer or benign tumor",0.340567836091953
HFE,ENSG00000010704,Orphanet_140162,Inherited cancer-predisposing syndrome,"genetic, familial or congenital disease",0.340013466309926
HFE,ENSG00000010704,HP_0000708,Atypical behavior,phenotype,0.340013466309926
HFE,ENSG00000010704,EFO_0009387,peripheral nervous system disease,nervous system disease,0.340013466309926
HFE,ENSG00000010704,HP_0012531,Pain,phenotype,0.340013466309926
HFE,ENSG00000010704,HP_0002027,Abdominal pain,phenotype,0.340013466309926
HFE,ENSG00000010704,HP_0010461,Abnormality of the male genitalia,phenotype,0.340013466309926
HFE,ENSG00000010704,HP_0000707,Abnormality of the nervous system,phenotype,0.340013466309926
HFE,ENSG00000010704,MONDO_0019257,hemochromatosis type 2,"genetic, familial or congenital disease; nutritional or metabolic disease",0.326156195133165
HFE,ENSG00000010704,EFO_1001901,neuroendocrine neoplasm,endocrine system disease; cancer or benign tumor,0.149926227717094
HFE,ENSG00000010704,EFO_0000616,neoplasm,cancer or benign tumor,0.118877902055366
HFE,ENSG00000010704,MONDO_0004992,cancer,cancer or benign tumor,0.111479766954684
HFE,ENSG00000010704,MONDO_0008006,Mobius syndrome,"nervous system disease; disorder of visual system; genetic, familial or congenital disease",0.10932961300874
HFE,ENSG00000010704,EFO_0000182,hepatocellular carcinoma,gastrointestinal disease; endocrine system disease; cancer or benign tumor,0.105837824757924
HFE,ENSG00000010704,EFO_0000756,melanoma,cancer or benign tumor,0.105710622293047
HFE,ENSG00000010704,MONDO_0005341,skin basal cell carcinoma,integumentary system disease; cancer or benign tumor,0.103940058986571
HFE,ENSG00000010704,EFO_1001951,colorectal carcinoma,gastrointestinal disease; cancer or benign tumor,0.10042639901921
HFE,ENSG00000010704,EFO_0000519,glioblastoma multiforme,nervous system disease; cancer or benign tumor,0.0998343981925233
HFE,ENSG00000010704,MONDO_0958237,isolated hyperferritinemia,"genetic, familial or congenital disease",0.0949324849644881
HFE,ENSG00000010704,MONDO_0007254,breast cancer,integumentary system disease; reproductive system or breast disease; cancer or benign tumor,0.0944780735724667
HFE,ENSG00000010704,EFO_0000339,chronic myelogenous leukemia,"musculoskeletal or connective tissue disease; genetic, familial or congenital disease; hematologic disease; immune system disease; cancer or benign tumor",0.0939709347651052
HFE,ENSG00000010704,EFO_0003060,non-small cell lung carcinoma,respiratory or thoracic disease; cancer or benign tumor,0.0938893866409411
HFE,ENSG00000010704,MONDO_0008170,ovarian cancer,endocrine system disease; reproductive system or breast disease; cancer or benign tumor,0.0938662057215206
HFE,ENSG00000010704,EFO_0003095,non-alcoholic fatty liver disease,endocrine system disease; gastrointestinal disease,0.0934354715093971
HFE,ENSG00000010704,Orphanet_247790,FTH1-related iron overload,"nutritional or metabolic disease; genetic, familial or congenital disease; gastrointestinal disease",0.0925388072522591
HFE,ENSG00000010704,MONDO_0014225,hemochromatosis type 5,"genetic, familial or congenital disease; nutritional or metabolic disease",0.0925388072522591
HFE,ENSG00000010704,MONDO_0018899,posterior cortical atrophy,"nervous system disease; genetic, familial or congenital disease; psychiatric disorder; phenotype",0.0896227088102194
HFE,ENSG00000010704,MONDO_0005575,colorectal cancer,gastrointestinal disease; cancer or benign tumor,0.0886680742360286
HFE,ENSG00000010704,EFO_0003872,colitis,"gastrointestinal disease; immune system disease; genetic, familial or congenital disease",0.0884339998391958
HFE,ENSG00000010704,EFO_0000544,infection,biological_process,0.0869676271505565
HFE,ENSG00000010704,EFO_0000341,chronic obstructive pulmonary disease,respiratory or thoracic disease,0.0858925343600997
HFE,ENSG00000010704,EFO_1000680,mucous membrane pemphigoid,immune system disease; integumentary system disease,0.0849398971607335
HFE,ENSG00000010704,EFO_0000637,osteosarcoma,musculoskeletal or connective tissue disease; cancer or benign tumor,0.0847304537842464
HFE,ENSG00000010704,MONDO_0008787,microcytic anemia with liver iron overload,"genetic, familial or congenital disease; hematologic disease; nutritional or metabolic disease; phenotype",0.0806616165567674
HFE,ENSG00000010704,EFO_0000222,acute myeloid leukemia,hematologic disease; immune system disease; cancer or benign tumor; musculoskeletal or connective tissue disease,0.0800051555176513
HIST1H2AB,ENSG00000278463,EFO_0000763,viral disease,infectious disease,0.50405559125456
HIST1H2AB,ENSG00000278463,EFO_0005741,infectious disease,infectious disease,0.503408826508862
HIST1H2AB,ENSG00000278463,EFO_0000305,breast carcinoma,integumentary system disease; reproductive system or breast disease; cancer or benign tumor,0.391350025878372
HIST1H2AB,ENSG00000278463,EFO_0005547,dengue disease,infectious disease,0.388328332729644
HIST1H2AB,ENSG00000278463,MONDO_0004992,cancer,cancer or benign tumor,0.373426484836235
HIST1H2AB,ENSG00000278463,EFO_0000756,melanoma,cancer or benign tumor,0.370947659236408
HIST1H2AB,ENSG00000278463,EFO_0000544,infection,biological_process,0.0727175055970545
HIST1H2AB,ENSG00000278463,EFO_0002496,actinic keratosis,cancer or benign tumor; integumentary system disease,0.0475649272979211
HIST1H2AB,ENSG00000278463,EFO_1001841,sebaceous of Jadassohn nevus,integumentary system disease,0.045635720456467
HIST1H2AB,ENSG00000278463,EFO_0000707,squamous cell carcinoma,cancer or benign tumor,0.0354401309146015
HIST1H2AB,ENSG00000278463,EFO_0000616,neoplasm,cancer or benign tumor,0.0258214626219791
HIST1H2AB,ENSG00000278463,MONDO_0007915,systemic lupus erythematosus,immune system disease; urinary system disease; musculoskeletal or connective tissue disease; phenotype,0.0193207778888597
HIST1H2AB,ENSG00000278463,MONDO_0013577,Lipedema,integumentary system disease,0.0177398330248657
HIST1H2AB,ENSG00000278463,EFO_0001066,experimental autoimmune encephalomyelitis,animal disease; nervous system disease,0.0147831941873881
HIST1H2AB,ENSG00000278463,EFO_0004274,gout,nutritional or metabolic disease; musculoskeletal or connective tissue disease; phenotype,0.0133048747686493
HIST1H2AB,ENSG00000278463,EFO_0005537,triple-negative breast cancer,integumentary system disease; reproductive system or breast disease; cancer or benign tumor,0.0126273117017273
HIST1H2AB,ENSG00000278463,MONDO_0008170,ovarian cancer,endocrine system disease; reproductive system or breast disease; cancer or benign tumor,0.012175602990446
HIST1H2AB,ENSG00000278463,EFO_0000095,chronic lymphocytic leukemia,"hematologic disease; immune system disease; genetic, familial or congenital disease; cancer or benign tumor",0.01175673325106
HIST1H2AB,ENSG00000278463,MONDO_0007254,breast cancer,integumentary system disease; reproductive system or breast disease; cancer or benign tumor,0.0110027545502138
HIST1H2AB,ENSG00000278463,EFO_0000685,rheumatoid arthritis,immune system disease; musculoskeletal or connective tissue disease; phenotype,0.0109026057131987
HIST1H2AB,ENSG00000278463,MONDO_0002492,acute kidney injury,urinary system disease; phenotype,0.0107178157858564
HIST1H2AB,ENSG00000278463,EFO_0000182,hepatocellular carcinoma,gastrointestinal disease; endocrine system disease; cancer or benign tumor,0.0104477963508715
HIST1H2AB,ENSG00000278463,MONDO_0008315,prostate cancer,reproductive system or breast disease; cancer or benign tumor,0.0103496731861621
HIST1H2AB,ENSG00000278463,MONDO_0007739,Huntington disease,"nervous system disease; genetic, familial or congenital disease",0.00963741067732807
HIST1H2AB,ENSG00000278463,MONDO_0005148,type 2 diabetes mellitus,endocrine system disease; nutritional or metabolic disease; phenotype,0.00960907622180225
HIST1H2AB,ENSG00000278463,EFO_0001068,malaria,infectious disease; hematologic disease; endocrine system disease; gastrointestinal disease,0.00923949636711754
HIST1H2AB,ENSG00000278463,EFO_0000571,lung adenocarcinoma,respiratory or thoracic disease; cancer or benign tumor,0.00919740532811179
HIST1H2AB,ENSG00000278463,EFO_0003060,non-small cell lung carcinoma,respiratory or thoracic disease; cancer or benign tumor,0.00919145098600853
HIST1H2AB,ENSG00000278463,MONDO_0018177,glioblastoma,nervous system disease; cancer or benign tumor,0.00918816583174467
HIST1H2AB,ENSG00000278463,EFO_0000702,small cell lung carcinoma,"endocrine system disease; genetic, familial or congenital disease; respiratory or thoracic disease; cancer or benign tumor",0.00886991651243284
HIST1H2AB,ENSG00000278463,MONDO_0004975,Alzheimer disease,psychiatric disorder; nervous system disease; phenotype,0.00881858597705997
HIST1H2AB,ENSG00000278463,EFO_0000313,carcinoma,cancer or benign tumor,0.00857219940727017
HIST1H2AB,ENSG00000278463,EFO_0000519,glioblastoma multiforme,nervous system disease; cancer or benign tumor,0.00847980444359899
HIST1H2AB,ENSG00000278463,EFO_1001901,neuroendocrine neoplasm,endocrine system disease; cancer or benign tumor,0.00829501451625664
HIST1H2AB,ENSG00000278463,EFO_0010642,Neurodevelopmental disorder,nervous system disease,0.00811022458891429
HIST1H2AB,ENSG00000278463,EFO_0003047,hepatitis C virus infection,infectious disease; gastrointestinal disease; endocrine system disease,0.00794596687572109
HIST1H2AB,ENSG00000278463,EFO_0000771,bacterial disease,infectious disease,0.00766364893117028
HIST1H2AB,ENSG00000278463,EFO_0000621,neuroblastoma,nervous system disease; cancer or benign tumor,0.00739159709369404
HIST1H2AB,ENSG00000278463,EFO_0003144,heart failure,cardiovascular disease,0.00739159709369404
HIST1H2AB,ENSG00000278463,EFO_0005044,Leishmaniasis,infectious disease,0.00739159709369404
HIST1H2AB,ENSG00000278463,EFO_0000514,germ cell tumor,cancer or benign tumor,0.00739159709369404
HIST1H2AB,ENSG00000278463,MONDO_0004647,in situ carcinoma,cancer or benign tumor,0.00739159709369404
HIST1H2AB,ENSG00000278463,EFO_0000556,ischemia,phenotype,0.00739159709369404
HIST1H2AB,ENSG00000278463,EFO_1001375,Myocardial Ischemia,cardiovascular disease,0.00739159709369404
HIST1H2AB,ENSG00000278463,MONDO_0004986,urinary bladder carcinoma,urinary system disease; cancer or benign tumor,0.00739159709369404
HIST1H2AB,ENSG00000278463,MONDO_0008006,Mobius syndrome,"nervous system disease; disorder of visual system; genetic, familial or congenital disease",0.00739159709369404
HIST1H2AB,ENSG00000278463,EFO_0008527,steatosis,phenotype,0.00739159709369404
HIST1H2AB,ENSG00000278463,EFO_0000681,renal cell carcinoma,urinary system disease; cancer or benign tumor,0.00739159709369404
HIST1H2AB,ENSG00000278463,EFO_0000222,acute myeloid leukemia,hematologic disease; immune system disease; cancer or benign tumor; musculoskeletal or connective tissue disease,0.00712053325027066
HIST1H2AB,ENSG00000278463,EFO_1001951,colorectal carcinoma,gastrointestinal disease; cancer or benign tumor,0.00512278743021295
HIST1H2AG,ENSG00000276903,EFO_0005741,infectious disease,infectious disease,0.503039246654177
HIST1H2AG,ENSG00000276903,EFO_0000763,viral disease,infectious disease,0.503039246654177
HIST1H2AG,ENSG00000276903,EFO_0005547,dengue disease,infectious disease,0.369579854684702
HIST1H2AG,ENSG00000276903,EFO_0001378,multiple myeloma,"immune system disease; hematologic disease; cancer or benign tumor; genetic, familial or congenital disease",0.258705898279291
HIST1H2AG,ENSG00000276903,EFO_0000182,hepatocellular carcinoma,gastrointestinal disease; endocrine system disease; cancer or benign tumor,0.0858007791589916
HIST1H2AG,ENSG00000276903,EFO_0000616,neoplasm,cancer or benign tumor,0.0681095091962018
HIST1H2AG,ENSG00000276903,EFO_0000305,breast carcinoma,integumentary system disease; reproductive system or breast disease; cancer or benign tumor,0.0672007049773193
HIST1H2AG,ENSG00000276903,MONDO_0002691,liver cancer,gastrointestinal disease; endocrine system disease; cancer or benign tumor,0.0602415163136064
HIST1H2AG,ENSG00000276903,EFO_1001841,sebaceous of Jadassohn nevus,integumentary system disease,0.045635720456467
HIST1H2AG,ENSG00000276903,EFO_0002496,actinic keratosis,cancer or benign tumor; integumentary system disease,0.0434625909109209
HIST1H2AG,ENSG00000276903,EFO_0000707,squamous cell carcinoma,cancer or benign tumor,0.0403581201315694
HIST1H2AG,ENSG00000276903,MONDO_0009623,Nijmegen breakage syndrome,"genetic, familial or congenital disease; nutritional or metabolic disease",0.0399146243059478
HIST1H2AG,ENSG00000276903,MONDO_0004992,cancer,cancer or benign tumor,0.0231298451607741
HIST1H2AG,ENSG00000276903,MONDO_0002009,major depressive disorder,psychiatric disorder; nervous system disease,0.0221747912810821
HIST1H2AG,ENSG00000276903,EFO_0000403,diffuse large B-cell lymphoma,"hematologic disease; immune system disease; genetic, familial or congenital disease; cancer or benign tumor",0.0184789927342351
HIST1H2AG,ENSG00000276903,MONDO_0007739,Huntington disease,"nervous system disease; genetic, familial or congenital disease",0.0164401438692245
HIST1H2AG,ENSG00000276903,MONDO_0007915,systemic lupus erythematosus,immune system disease; urinary system disease; musculoskeletal or connective tissue disease; phenotype,0.0161177881070828
HIST1H2AG,ENSG00000276903,MONDO_0004979,asthma,phenotype; respiratory or thoracic disease,0.0147295333349508
HIST1H2AG,ENSG00000276903,EFO_0000621,neuroblastoma,nervous system disease; cancer or benign tumor,0.0133048747686493
HIST1H2AG,ENSG00000276903,MONDO_0000430,mature T-cell and NK-cell non-Hodgkin lymphoma,"hematologic disease; genetic, familial or congenital disease; cancer or benign tumor",0.0110873956405411
HIST1H2AG,ENSG00000276903,EFO_0000519,glioblastoma multiforme,nervous system disease; cancer or benign tumor,0.0110873956405411
HIST1H2AG,ENSG00000276903,EFO_0000637,osteosarcoma,musculoskeletal or connective tissue disease; cancer or benign tumor,0.010533025858514
HIST1H2AG,ENSG00000276903,MONDO_0005148,type 2 diabetes mellitus,endocrine system disease; nutritional or metabolic disease; phenotype,0.010533025858514
HIST1H2AG,ENSG00000276903,EFO_0000222,acute myeloid leukemia,hematologic disease; immune system disease; cancer or benign tumor; musculoskeletal or connective tissue disease,0.00977333393499545
HIST1H2AG,ENSG00000276903,EFO_0000198,myelodysplastic syndrome,"hematologic disease; cancer or benign tumor; genetic, familial or congenital disease",0.0095885440076531
HIST1H2AG,ENSG00000276903,EFO_0000544,infection,biological_process,0.00940375408031074
HIST1H2AG,ENSG00000276903,EFO_1001512,endometrial carcinoma,cancer or benign tumor; reproductive system or breast disease,0.00878507389849883
HIST1H2AG,ENSG00000276903,MONDO_0004975,Alzheimer disease,psychiatric disorder; nervous system disease; phenotype,0.00757638702103639
HIST1H2AG,ENSG00000276903,EFO_1000491,Primary Effusion Lymphoma,"infectious disease; cancer or benign tumor; hematologic disease; immune system disease; genetic, familial or congenital disease",0.00739159709369404
HIST1H2AG,ENSG00000276903,EFO_0000232,adenoma,cancer or benign tumor,0.00739159709369404
HIST1H2AG,ENSG00000276903,EFO_1001951,colorectal carcinoma,gastrointestinal disease; cancer or benign tumor,0.00739159709369404
HIST1H2AG,ENSG00000276903,EFO_0000702,small cell lung carcinoma,"endocrine system disease; genetic, familial or congenital disease; respiratory or thoracic disease; cancer or benign tumor",0.00533837567877903
HIST1H2AG,ENSG00000276903,MONDO_0003783,lymphopenia,hematologic disease; immune system disease,0.00517411796558583
HIST1H2AG,ENSG00000276903,EFO_0000756,melanoma,cancer or benign tumor,0.00487640086042315
HIST1H2AG,ENSG00000276903,MONDO_0005575,colorectal cancer,gastrointestinal disease; cancer or benign tumor,0.00461974818355877
HIST1H2AG,ENSG00000276903,MONDO_0008170,ovarian cancer,endocrine system disease; reproductive system or breast disease; cancer or benign tumor,0.00443495825621642
HIST1H2AG,ENSG00000276903,EFO_0000574,lymphoma,"hematologic disease; genetic, familial or congenital disease; cancer or benign tumor",0.00406537840153172
HIST1H2AG,ENSG00000276903,EFO_0008527,steatosis,phenotype,0.00406537840153172
HIST1H2AG,ENSG00000276903,MONDO_0007254,breast cancer,integumentary system disease; reproductive system or breast disease; cancer or benign tumor,0.00406537840153172
HIST1H2AG,ENSG00000276903,EFO_0000400,diabetes mellitus,endocrine system disease; nutritional or metabolic disease; phenotype,0.00369579854684702
HIST1H2AG,ENSG00000276903,MONDO_0008903,lung cancer,respiratory or thoracic disease; cancer or benign tumor,0.00369579854684702
HIST1H2AG,ENSG00000276903,MONDO_0002974,cervical cancer,reproductive system or breast disease; cancer or benign tumor,0.00369579854684702
HIST1H2AG,ENSG00000276903,MONDO_0009820,osteoporosis-pseudoglioma syndrome,"nervous system disease; genetic, familial or congenital disease; disorder of visual system; cardiovascular disease; musculoskeletal or connective tissue disease; phenotype",0.00369579854684702
HIST1H2AG,ENSG00000276903,EFO_0003907,deep vein thrombosis,phenotype,0.00369579854684702
HIST1H2AG,ENSG00000276903,MONDO_0018899,posterior cortical atrophy,"nervous system disease; genetic, familial or congenital disease; psychiatric disorder; phenotype",0.00369579854684702
HIST1H2AG,ENSG00000276903,MONDO_0008315,prostate cancer,reproductive system or breast disease; cancer or benign tumor,0.00369579854684702
HIST1H2AG,ENSG00000276903,EFO_0000540,immune system disease,immune system disease,0.00369579854684702
HIST1H2AG,ENSG00000276903,EFO_0003869,breast neoplasm,integumentary system disease; reproductive system or breast disease; cancer or benign tumor,0.00369579854684702
HIST1H2AG,ENSG00000276903,MONDO_0002050,depressive disorder,psychiatric disorder; nervous system disease,0.00369579854684702
HIST1H2AG,ENSG00000276903,EFO_0000228,adenocarcinoma,cancer or benign tumor,0.00369579854684702
HIST1H2AH,ENSG00000274997,EFO_0000763,viral disease,infectious disease,0.50405559125456
HIST1H2AH,ENSG00000274997,EFO_0005741,infectious disease,infectious disease,0.503408826508862
HIST1H2AH,ENSG00000274997,EFO_0005547,dengue disease,infectious disease,0.388328332729644
HIST1H2AH,ENSG00000274997,EFO_0000305,breast carcinoma,integumentary system disease; reproductive system or breast disease; cancer or benign tumor,0.0863892910325491
HIST1H2AH,ENSG00000274997,EFO_0000544,infection,biological_process,0.0727175055970545
HIST1H2AH,ENSG00000274997,EFO_1001841,sebaceous of Jadassohn nevus,integumentary system disease,0.0570779127575054
HIST1H2AH,ENSG00000274997,EFO_0000707,squamous cell carcinoma,cancer or benign tumor,0.0526873040838511
HIST1H2AH,ENSG00000274997,EFO_0000616,neoplasm,cancer or benign tumor,0.025816447264196
HIST1H2AH,ENSG00000274997,MONDO_0001056,gastric cancer,gastrointestinal disease; cancer or benign tumor,0.0225443711357668
HIST1H2AH,ENSG00000274997,MONDO_0007915,systemic lupus erythematosus,immune system disease; urinary system disease; musculoskeletal or connective tissue disease; phenotype,0.019285762975837
HIST1H2AH,ENSG00000274997,MONDO_0013577,Lipedema,integumentary system disease,0.0177398330248657
HIST1H2AH,ENSG00000274997,EFO_0000519,glioblastoma multiforme,nervous system disease; cancer or benign tumor,0.0157071438240998
HIST1H2AH,ENSG00000274997,MONDO_0004992,cancer,cancer or benign tumor,0.01538579057185
HIST1H2AH,ENSG00000274997,EFO_0001066,experimental autoimmune encephalomyelitis,animal disease; nervous system disease,0.0147831941873881
HIST1H2AH,ENSG00000274997,EFO_0004274,gout,nutritional or metabolic disease; musculoskeletal or connective tissue disease; phenotype,0.0133048747686493
HIST1H2AH,ENSG00000274997,MONDO_0008170,ovarian cancer,endocrine system disease; reproductive system or breast disease; cancer or benign tumor,0.012175602990446
HIST1H2AH,ENSG00000274997,EFO_0000095,chronic lymphocytic leukemia,"hematologic disease; immune system disease; genetic, familial or congenital disease; cancer or benign tumor",0.01175673325106
HIST1H2AH,ENSG00000274997,EFO_0000685,rheumatoid arthritis,immune system disease; musculoskeletal or connective tissue disease; phenotype,0.0109026057131987
HIST1H2AH,ENSG00000274997,MONDO_0002492,acute kidney injury,urinary system disease; phenotype,0.0107178157858564
HIST1H2AH,ENSG00000274997,MONDO_0007254,breast cancer,integumentary system disease; reproductive system or breast disease; cancer or benign tumor,0.0106634948047243
HIST1H2AH,ENSG00000274997,MONDO_0008315,prostate cancer,reproductive system or breast disease; cancer or benign tumor,0.0103496731861621
HIST1H2AH,ENSG00000274997,MONDO_0007739,Huntington disease,"nervous system disease; genetic, familial or congenital disease",0.00963741067732807
HIST1H2AH,ENSG00000274997,MONDO_0005148,type 2 diabetes mellitus,endocrine system disease; nutritional or metabolic disease; phenotype,0.00960907622180225
HIST1H2AH,ENSG00000274997,EFO_0000182,hepatocellular carcinoma,gastrointestinal disease; endocrine system disease; cancer or benign tumor,0.00938493172004964
HIST1H2AH,ENSG00000274997,EFO_0001068,malaria,infectious disease; hematologic disease; endocrine system disease; gastrointestinal disease,0.00923949636711754
HIST1H2AH,ENSG00000274997,MONDO_0018177,glioblastoma,nervous system disease; cancer or benign tumor,0.00918816583174467
HIST1H2AH,ENSG00000274997,EFO_0005537,triple-negative breast cancer,integumentary system disease; reproductive system or breast disease; cancer or benign tumor,0.00893151315488029
HIST1H2AH,ENSG00000274997,EFO_0000702,small cell lung carcinoma,"endocrine system disease; genetic, familial or congenital disease; respiratory or thoracic disease; cancer or benign tumor",0.00886991651243284
HIST1H2AH,ENSG00000274997,MONDO_0004975,Alzheimer disease,psychiatric disorder; nervous system disease; phenotype,0.00872619101338879
HIST1H2AH,ENSG00000274997,EFO_0000313,carcinoma,cancer or benign tumor,0.00857219940727017
HIST1H2AH,ENSG00000274997,EFO_1001901,neuroendocrine neoplasm,endocrine system disease; cancer or benign tumor,0.00829501451625664
HIST1H2AH,ENSG00000274997,EFO_0010642,Neurodevelopmental disorder,nervous system disease,0.00811022458891429
HIST1H2AH,ENSG00000274997,EFO_0003047,hepatitis C virus infection,infectious disease; gastrointestinal disease; endocrine system disease,0.00794596687572109
HIST1H2AH,ENSG00000274997,EFO_0000771,bacterial disease,infectious disease,0.00743266152199234
HIST1H2AH,ENSG00000274997,EFO_0000220,acute lymphoblastic leukemia,"hematologic disease; genetic, familial or congenital disease; cancer or benign tumor",0.00739159709369404
HIST1H2AH,ENSG00000274997,EFO_0000621,neuroblastoma,nervous system disease; cancer or benign tumor,0.00739159709369404
HIST1H2AH,ENSG00000274997,EFO_0000556,ischemia,phenotype,0.00739159709369404
HIST1H2AH,ENSG00000274997,MONDO_0004986,urinary bladder carcinoma,urinary system disease; cancer or benign tumor,0.00739159709369404
HIST1H2AH,ENSG00000274997,EFO_0005044,Leishmaniasis,infectious disease,0.00739159709369404
HIST1H2AH,ENSG00000274997,EFO_0008527,steatosis,phenotype,0.00739159709369404
HIST1H2AH,ENSG00000274997,EFO_0003144,heart failure,cardiovascular disease,0.00739159709369404
HIST1H2AH,ENSG00000274997,EFO_0000514,germ cell tumor,cancer or benign tumor,0.00739159709369404
HIST1H2AH,ENSG00000274997,EFO_0000681,renal cell carcinoma,urinary system disease; cancer or benign tumor,0.00739159709369404
HIST1H2AH,ENSG00000274997,EFO_1001375,Myocardial Ischemia,cardiovascular disease,0.00739159709369404
HIST1H2AH,ENSG00000274997,MONDO_0004647,in situ carcinoma,cancer or benign tumor,0.00739159709369404
HIST1H2AH,ENSG00000274997,MONDO_0008006,Mobius syndrome,"nervous system disease; disorder of visual system; genetic, familial or congenital disease",0.00739159709369404
HIST1H2AH,ENSG00000274997,EFO_0000571,lung adenocarcinoma,respiratory or thoracic disease; cancer or benign tumor,0.00589274546080608
HIST1H2AH,ENSG00000274997,EFO_0003060,non-small cell lung carcinoma,respiratory or thoracic disease; cancer or benign tumor,0.00554369782027053
HIST1H2AH,ENSG00000274997,EFO_0000756,melanoma,cancer or benign tumor,0.00528930278946458
HIST1H2AH,ENSG00000274997,EFO_0003914,atherosclerosis,cardiovascular disease,0.00480453811090112
HIST1H2AM,ENSG00000276903,EFO_0005741,infectious disease,infectious disease,0.503039246654177
HIST1H2AM,ENSG00000276903,EFO_0000763,viral disease,infectious disease,0.503039246654177
HIST1H2AM,ENSG00000276903,EFO_0005547,dengue disease,infectious disease,0.369579854684702
HIST1H2AM,ENSG00000276903,EFO_0001378,multiple myeloma,"immune system disease; hematologic disease; cancer or benign tumor; genetic, familial or congenital disease",0.258705898279291
HIST1H2AM,ENSG00000276903,EFO_0000182,hepatocellular carcinoma,gastrointestinal disease; endocrine system disease; cancer or benign tumor,0.0858007791589916
HIST1H2AM,ENSG00000276903,EFO_0000616,neoplasm,cancer or benign tumor,0.0681095091962018
HIST1H2AM,ENSG00000276903,EFO_0000305,breast carcinoma,integumentary system disease; reproductive system or breast disease; cancer or benign tumor,0.0672007049773193
HIST1H2AM,ENSG00000276903,MONDO_0002691,liver cancer,gastrointestinal disease; endocrine system disease; cancer or benign tumor,0.0602415163136064
HIST1H2AM,ENSG00000276903,EFO_1001841,sebaceous of Jadassohn nevus,integumentary system disease,0.045635720456467
HIST1H2AM,ENSG00000276903,EFO_0002496,actinic keratosis,cancer or benign tumor; integumentary system disease,0.0434625909109209
HIST1H2AM,ENSG00000276903,EFO_0000707,squamous cell carcinoma,cancer or benign tumor,0.0403581201315694
HIST1H2AM,ENSG00000276903,MONDO_0009623,Nijmegen breakage syndrome,"genetic, familial or congenital disease; nutritional or metabolic disease",0.0399146243059478
HIST1H2AM,ENSG00000276903,MONDO_0004992,cancer,cancer or benign tumor,0.0231298451607741
HIST1H2AM,ENSG00000276903,MONDO_0002009,major depressive disorder,psychiatric disorder; nervous system disease,0.0221747912810821
HIST1H2AM,ENSG00000276903,EFO_0000403,diffuse large B-cell lymphoma,"hematologic disease; immune system disease; genetic, familial or congenital disease; cancer or benign tumor",0.0184789927342351
HIST1H2AM,ENSG00000276903,MONDO_0007739,Huntington disease,"nervous system disease; genetic, familial or congenital disease",0.0164401438692245
HIST1H2AM,ENSG00000276903,MONDO_0007915,systemic lupus erythematosus,immune system disease; urinary system disease; musculoskeletal or connective tissue disease; phenotype,0.0161177881070828
HIST1H2AM,ENSG00000276903,MONDO_0004979,asthma,phenotype; respiratory or thoracic disease,0.0147295333349508
HIST1H2AM,ENSG00000276903,EFO_0000621,neuroblastoma,nervous system disease; cancer or benign tumor,0.0133048747686493
HIST1H2AM,ENSG00000276903,MONDO_0000430,mature T-cell and NK-cell non-Hodgkin lymphoma,"hematologic disease; genetic, familial or congenital disease; cancer or benign tumor",0.0110873956405411
HIST1H2AM,ENSG00000276903,EFO_0000519,glioblastoma multiforme,nervous system disease; cancer or benign tumor,0.0110873956405411
HIST1H2AM,ENSG00000276903,EFO_0000637,osteosarcoma,musculoskeletal or connective tissue disease; cancer or benign tumor,0.010533025858514
HIST1H2AM,ENSG00000276903,MONDO_0005148,type 2 diabetes mellitus,endocrine system disease; nutritional or metabolic disease; phenotype,0.010533025858514
HIST1H2AM,ENSG00000276903,EFO_0000222,acute myeloid leukemia,hematologic disease; immune system disease; cancer or benign tumor; musculoskeletal or connective tissue disease,0.00977333393499545
HIST1H2AM,ENSG00000276903,EFO_0000198,myelodysplastic syndrome,"hematologic disease; cancer or benign tumor; genetic, familial or congenital disease",0.0095885440076531
HIST1H2AM,ENSG00000276903,EFO_0000544,infection,biological_process,0.00940375408031074
HIST1H2AM,ENSG00000276903,EFO_1001512,endometrial carcinoma,cancer or benign tumor; reproductive system or breast disease,0.00878507389849883
HIST1H2AM,ENSG00000276903,MONDO_0004975,Alzheimer disease,psychiatric disorder; nervous system disease; phenotype,0.00757638702103639
HIST1H2AM,ENSG00000276903,EFO_1000491,Primary Effusion Lymphoma,"infectious disease; cancer or benign tumor; hematologic disease; immune system disease; genetic, familial or congenital disease",0.00739159709369404
HIST1H2AM,ENSG00000276903,EFO_0000232,adenoma,cancer or benign tumor,0.00739159709369404
HIST1H2AM,ENSG00000276903,EFO_1001951,colorectal carcinoma,gastrointestinal disease; cancer or benign tumor,0.00739159709369404
HIST1H2AM,ENSG00000276903,EFO_0000702,small cell lung carcinoma,"endocrine system disease; genetic, familial or congenital disease; respiratory or thoracic disease; cancer or benign tumor",0.00533837567877903
HIST1H2AM,ENSG00000276903,MONDO_0003783,lymphopenia,hematologic disease; immune system disease,0.00517411796558583
HIST1H2AM,ENSG00000276903,EFO_0000756,melanoma,cancer or benign tumor,0.00487640086042315
HIST1H2AM,ENSG00000276903,MONDO_0005575,colorectal cancer,gastrointestinal disease; cancer or benign tumor,0.00461974818355877
HIST1H2AM,ENSG00000276903,MONDO_0008170,ovarian cancer,endocrine system disease; reproductive system or breast disease; cancer or benign tumor,0.00443495825621642
HIST1H2AM,ENSG00000276903,EFO_0000574,lymphoma,"hematologic disease; genetic, familial or congenital disease; cancer or benign tumor",0.00406537840153172
HIST1H2AM,ENSG00000276903,EFO_0008527,steatosis,phenotype,0.00406537840153172
HIST1H2AM,ENSG00000276903,MONDO_0007254,breast cancer,integumentary system disease; reproductive system or breast disease; cancer or benign tumor,0.00406537840153172
HIST1H2AM,ENSG00000276903,EFO_0000400,diabetes mellitus,endocrine system disease; nutritional or metabolic disease; phenotype,0.00369579854684702
HIST1H2AM,ENSG00000276903,MONDO_0008903,lung cancer,respiratory or thoracic disease; cancer or benign tumor,0.00369579854684702
HIST1H2AM,ENSG00000276903,MONDO_0002974,cervical cancer,reproductive system or breast disease; cancer or benign tumor,0.00369579854684702
HIST1H2AM,ENSG00000276903,MONDO_0009820,osteoporosis-pseudoglioma syndrome,"nervous system disease; genetic, familial or congenital disease; disorder of visual system; cardiovascular disease; musculoskeletal or connective tissue disease; phenotype",0.00369579854684702
HIST1H2AM,ENSG00000276903,EFO_0003907,deep vein thrombosis,phenotype,0.00369579854684702
HIST1H2AM,ENSG00000276903,MONDO_0018899,posterior cortical atrophy,"nervous system disease; genetic, familial or congenital disease; psychiatric disorder; phenotype",0.00369579854684702
HIST1H2AM,ENSG00000276903,MONDO_0008315,prostate cancer,reproductive system or breast disease; cancer or benign tumor,0.00369579854684702
HIST1H2AM,ENSG00000276903,EFO_0000540,immune system disease,immune system disease,0.00369579854684702
HIST1H2AM,ENSG00000276903,EFO_0003869,breast neoplasm,integumentary system disease; reproductive system or breast disease; cancer or benign tumor,0.00369579854684702
HIST1H2AM,ENSG00000276903,MONDO_0002050,depressive disorder,psychiatric disorder; nervous system disease,0.00369579854684702
HIST1H2AM,ENSG00000276903,EFO_0000228,adenocarcinoma,cancer or benign tumor,0.00369579854684702
HIST1H2BB,ENSG00000276410,EFO_0005741,infectious disease,infectious disease,0.503039246654177
HIST1H2BB,ENSG00000276410,EFO_0000763,viral disease,infectious disease,0.503039246654177
HIST1H2BB,ENSG00000276410,EFO_0000305,breast carcinoma,integumentary system disease; reproductive system or breast disease; cancer or benign tumor,0.384127451985235
HIST1H2BB,ENSG00000276410,MONDO_0004992,cancer,cancer or benign tumor,0.37184548185499
HIST1H2BB,ENSG00000276410,EFO_0000756,melanoma,cancer or benign tumor,0.370503804321414
HIST1H2BB,ENSG00000276410,EFO_0005547,dengue disease,infectious disease,0.369579854684702
HIST1H2BB,ENSG00000276410,EFO_0002496,actinic keratosis,cancer or benign tumor; integumentary system disease,0.0643955938802625
HIST1H2BB,ENSG00000276410,EFO_1001841,sebaceous of Jadassohn nevus,integumentary system disease,0.0622002895434353
HIST1H2BB,ENSG00000276410,EFO_0000707,squamous cell carcinoma,cancer or benign tumor,0.0600049852066082
HIST1H2BB,ENSG00000276410,MONDO_0016060,laryngotracheoesophageal cleft,gastrointestinal disease; respiratory or thoracic disease,0.0184789927342351
HIST1H2BB,ENSG00000276410,EFO_0000616,neoplasm,cancer or benign tumor,0.0133459391969476
HIST1H2BB,ENSG00000276410,EFO_0000637,osteosarcoma,musculoskeletal or connective tissue disease; cancer or benign tumor,0.00831554673040579
HIST1H2BB,ENSG00000276410,EFO_0000571,lung adenocarcinoma,respiratory or thoracic disease; cancer or benign tumor,0.00813075680306344
HIST1H2BB,ENSG00000276410,EFO_0003060,non-small cell lung carcinoma,respiratory or thoracic disease; cancer or benign tumor,0.0078055265309409
HIST1H2BB,ENSG00000276410,EFO_0000182,hepatocellular carcinoma,gastrointestinal disease; endocrine system disease; cancer or benign tumor,0.00561056202932932
HIST1H2BB,ENSG00000276410,MONDO_0100096,COVID-19,infectious disease,0.0053582540604848
HIST1H2BB,ENSG00000276410,MONDO_0018899,posterior cortical atrophy,"nervous system disease; genetic, familial or congenital disease; psychiatric disorder; phenotype",0.00480453811090112
HIST1H2BB,ENSG00000276410,MONDO_0007254,breast cancer,integumentary system disease; reproductive system or breast disease; cancer or benign tumor,0.00443495825621642
HIST1H2BB,ENSG00000276410,EFO_0000339,chronic myelogenous leukemia,"musculoskeletal or connective tissue disease; genetic, familial or congenital disease; hematologic disease; immune system disease; cancer or benign tumor",0.00390261753546224
HIST1H2BB,ENSG00000276410,MONDO_0007915,systemic lupus erythematosus,immune system disease; urinary system disease; musculoskeletal or connective tissue disease; phenotype,0.00369579854684702
HIST1H2BB,ENSG00000276410,EFO_1001951,colorectal carcinoma,gastrointestinal disease; cancer or benign tumor,0.00369579854684702
HIST1H2BB,ENSG00000276410,EFO_1001056,myxosarcoma,musculoskeletal or connective tissue disease; cancer or benign tumor,0.00300036980734926
HIST1H2BB,ENSG00000276410,MONDO_0008903,lung cancer,respiratory or thoracic disease; cancer or benign tumor,0.00258705898279291
HIST1H2BB,ENSG00000276410,EFO_0000729,ulcerative colitis,"gastrointestinal disease; immune system disease; genetic, familial or congenital disease",0.00221747912810821
HIST1H2BB,ENSG00000276410,EFO_0000708,squamous cell lung carcinoma,respiratory or thoracic disease; cancer or benign tumor,0.00221747912810821
HIST1H2BB,ENSG00000276410,EFO_0004593,gestational diabetes,pregnancy or perinatal disease; endocrine system disease; nutritional or metabolic disease; phenotype,0.00221747912810821
HIST1H2BB,ENSG00000276410,MONDO_0008170,ovarian cancer,endocrine system disease; reproductive system or breast disease; cancer or benign tumor,0.00147831941873881
HIST1H2BB,ENSG00000276410,EFO_0003825,serous adenocarcinoma,cancer or benign tumor,0.00147831941873881
HIST1H2BB,ENSG00000276410,MONDO_0018661,Zika virus infectious disease,infectious disease,0.00147831941873881
HIST1H2BC,ENSG00000180596,MONDO_0006507,hereditary hemochromatosis,"genetic, familial or congenital disease; nutritional or metabolic disease",0.564662909402523
HIST1H2BC,ENSG00000180596,EFO_0006513,hereditary hemochromatosis type 1,"gastrointestinal disease; genetic, familial or congenital disease; nutritional or metabolic disease",0.55886575023201
HIST1H2BC,ENSG00000180596,MONDO_0008297,variegate porphyria,"endocrine system disease; gastrointestinal disease; integumentary system disease; genetic, familial or congenital disease; nutritional or metabolic disease",0.506678898574154
HIST1H2BC,ENSG00000180596,EFO_0005741,infectious disease,infectious disease,0.503039246654177
HIST1H2BC,ENSG00000180596,EFO_0000763,viral disease,infectious disease,0.503039246654177
HIST1H2BC,ENSG00000180596,EFO_0009043,Familial porphyria cutanea tarda,"urinary system disease; genetic, familial or congenital disease; nutritional or metabolic disease; endocrine system disease; integumentary system disease; disorder of visual system; gastrointestinal disease",0.495324584149674
HIST1H2BC,ENSG00000180596,EFO_0003770,diabetic retinopathy,nutritional or metabolic disease; nervous system disease; disorder of visual system; cardiovascular disease,0.495324584149674
HIST1H2BC,ENSG00000180596,MONDO_0030729,Tessadori-van Haaften neurodevelopmental syndrome 1,"genetic, familial or congenital disease",0.480239270403493
HIST1H2BC,ENSG00000180596,MONDO_0007088,Alzheimer disease type 1,"nervous system disease; genetic, familial or congenital disease; nutritional or metabolic disease; cardiovascular disease; psychiatric disorder; phenotype",0.475712145319318
HIST1H2BC,ENSG00000180596,EFO_0000318,cardiomyopathy,cardiovascular disease; musculoskeletal or connective tissue disease,0.425016832887407
HIST1H2BC,ENSG00000180596,EFO_0000508,genetic disorder,"genetic, familial or congenital disease",0.411290726380307
HIST1H2BC,ENSG00000180596,MONDO_0004992,cancer,cancer or benign tumor,0.37528011063786
HIST1H2BC,ENSG00000180596,EFO_0000305,breast carcinoma,integumentary system disease; reproductive system or breast disease; cancer or benign tumor,0.372855537250106
HIST1H2BC,ENSG00000180596,EFO_0000756,melanoma,cancer or benign tumor,0.370503804321414
HIST1H2BC,ENSG00000180596,EFO_0005547,dengue disease,infectious disease,0.369579854684702
HIST1H2BC,ENSG00000180596,MONDO_0004975,Alzheimer disease,psychiatric disorder; nervous system disease; phenotype,0.369579854684702
HIST1H2BC,ENSG00000180596,HP_0002027,Abdominal pain,phenotype,0.340013466309926
HIST1H2BC,ENSG00000180596,HP_0000708,Atypical behavior,phenotype,0.340013466309926
HIST1H2BC,ENSG00000180596,EFO_0009387,peripheral nervous system disease,nervous system disease,0.340013466309926
HIST1H2BC,ENSG00000180596,HP_0000707,Abnormality of the nervous system,phenotype,0.340013466309926
HIST1H2BC,ENSG00000180596,HP_0001263,Global developmental delay,phenotype,0.340013466309926
HIST1H2BC,ENSG00000180596,HP_0012531,Pain,phenotype,0.340013466309926
HIST1H2BC,ENSG00000180596,MONDO_0015356,hereditary neoplastic syndrome,"genetic, familial or congenital disease; cancer or benign tumor",0.340013466309926
HIST1H2BC,ENSG00000180596,EFO_0003100,peripheral neuropathy,nervous system disease; phenotype,0.340013466309926
HIST1H2BC,ENSG00000180596,Orphanet_140162,Inherited cancer-predisposing syndrome,"genetic, familial or congenital disease",0.340013466309926
HIST1H2BC,ENSG00000180596,HP_0010461,Abnormality of the male genitalia,phenotype,0.340013466309926
HIST1H2BC,ENSG00000180596,MONDO_0019257,hemochromatosis type 2,"genetic, familial or congenital disease; nutritional or metabolic disease",0.314142876481997
HIST1H2BC,ENSG00000180596,MONDO_0009061,cystic fibrosis,"respiratory or thoracic disease; genetic, familial or congenital disease",0.186053521214981
HIST1H2BC,ENSG00000180596,EFO_1001901,neuroendocrine neoplasm,endocrine system disease; cancer or benign tumor,0.147831941873881
HIST1H2BC,ENSG00000180596,EFO_1002029,chronic rhinosinusitis with nasal polyps,respiratory or thoracic disease; musculoskeletal or connective tissue disease,0.0262401696826138
HIST1H2BC,ENSG00000180596,EFO_0000519,glioblastoma multiforme,nervous system disease; cancer or benign tumor,0.0207375362906416
HIST1H2BC,ENSG00000180596,EFO_0000616,neoplasm,cancer or benign tumor,0.013857874572442
HIST1H2BC,ENSG00000180596,MONDO_0008061,nail-patella syndrome,"disorder of visual system; genetic, familial or congenital disease; musculoskeletal or connective tissue disease",0.0110873956405411
HIST1H2BC,ENSG00000180596,MONDO_0018899,posterior cortical atrophy,"nervous system disease; genetic, familial or congenital disease; psychiatric disorder; phenotype",0.0104098325736191
HIST1H2BC,ENSG00000180596,EFO_0004248,male infertility,reproductive system or breast disease; phenotype,0.0103482359311717
HIST1H2BC,ENSG00000180596,MONDO_0007254,breast cancer,integumentary system disease; reproductive system or breast disease; cancer or benign tumor,0.00945712526635518
HIST1H2BC,ENSG00000180596,MONDO_0008315,prostate cancer,reproductive system or breast disease; cancer or benign tumor,0.00923949636711754
HIST1H2BC,ENSG00000180596,EFO_0005543,glioma,nervous system disease; cancer or benign tumor,0.00847980444359899
HIST1H2BC,ENSG00000180596,EFO_0003060,non-small cell lung carcinoma,respiratory or thoracic disease; cancer or benign tumor,0.00820923833206069
HIST1H2BC,ENSG00000180596,EFO_1001951,colorectal carcinoma,gastrointestinal disease; cancer or benign tumor,0.00813075680306344
HIST1H2BC,ENSG00000180596,MONDO_0018177,glioblastoma,nervous system disease; cancer or benign tumor,0.00757638702103639
HIST1H2BC,ENSG00000180596,MONDO_0100096,COVID-19,infectious disease,0.00739159709369404
HIST1H2BC,ENSG00000180596,MONDO_0008903,lung cancer,respiratory or thoracic disease; cancer or benign tumor,0.00739159709369404
HIST1H2BC,ENSG00000180596,EFO_0001065,endometriosis,reproductive system or breast disease,0.00739159709369404
HIST1H2BC,ENSG00000180596,MONDO_0007915,systemic lupus erythematosus,immune system disease; urinary system disease; musculoskeletal or connective tissue disease; phenotype,0.00739159709369404
HIST1H2BC,ENSG00000180596,EFO_0000641,papillary thyroid carcinoma,endocrine system disease; cancer or benign tumor,0.0066916744917299
HIST1H2BC,ENSG00000180596,MONDO_0009685,Miyoshi myopathy,"nervous system disease; genetic, familial or congenital disease; musculoskeletal or connective tissue disease; phenotype",0.00665243738432463
HIST1H2BC,ENSG00000180596,HP_0100806,Sepsis,phenotype,0.00597225839397554
HIST1H2BC,ENSG00000180596,EFO_0000403,diffuse large B-cell lymphoma,"hematologic disease; immune system disease; genetic, familial or congenital disease; cancer or benign tumor",0.00554369782027053
HIST1H2BC,ENSG00000180596,EFO_0004274,gout,nutritional or metabolic disease; musculoskeletal or connective tissue disease; phenotype,0.00517411796558583
HIST1H2BE,ENSG00000180596,MONDO_0006507,hereditary hemochromatosis,"genetic, familial or congenital disease; nutritional or metabolic disease",0.564662909402523
HIST1H2BE,ENSG00000180596,EFO_0006513,hereditary hemochromatosis type 1,"gastrointestinal disease; genetic, familial or congenital disease; nutritional or metabolic disease",0.55886575023201
HIST1H2BE,ENSG00000180596,MONDO_0008297,variegate porphyria,"endocrine system disease; gastrointestinal disease; integumentary system disease; genetic, familial or congenital disease; nutritional or metabolic disease",0.506678898574154
HIST1H2BE,ENSG00000180596,EFO_0005741,infectious disease,infectious disease,0.503039246654177
HIST1H2BE,ENSG00000180596,EFO_0000763,viral disease,infectious disease,0.503039246654177
HIST1H2BE,ENSG00000180596,EFO_0009043,Familial porphyria cutanea tarda,"urinary system disease; genetic, familial or congenital disease; nutritional or metabolic disease; endocrine system disease; integumentary system disease; disorder of visual system; gastrointestinal disease",0.495324584149674
HIST1H2BE,ENSG00000180596,EFO_0003770,diabetic retinopathy,nutritional or metabolic disease; nervous system disease; disorder of visual system; cardiovascular disease,0.495324584149674
HIST1H2BE,ENSG00000180596,MONDO_0030729,Tessadori-van Haaften neurodevelopmental syndrome 1,"genetic, familial or congenital disease",0.480239270403493
HIST1H2BE,ENSG00000180596,MONDO_0007088,Alzheimer disease type 1,"nervous system disease; genetic, familial or congenital disease; nutritional or metabolic disease; cardiovascular disease; psychiatric disorder; phenotype",0.475712145319318
HIST1H2BE,ENSG00000180596,EFO_0000318,cardiomyopathy,cardiovascular disease; musculoskeletal or connective tissue disease,0.425016832887407
HIST1H2BE,ENSG00000180596,EFO_0000508,genetic disorder,"genetic, familial or congenital disease",0.411290726380307
HIST1H2BE,ENSG00000180596,MONDO_0004992,cancer,cancer or benign tumor,0.37528011063786
HIST1H2BE,ENSG00000180596,EFO_0000305,breast carcinoma,integumentary system disease; reproductive system or breast disease; cancer or benign tumor,0.372855537250106
HIST1H2BE,ENSG00000180596,EFO_0000756,melanoma,cancer or benign tumor,0.370503804321414
HIST1H2BE,ENSG00000180596,EFO_0005547,dengue disease,infectious disease,0.369579854684702
HIST1H2BE,ENSG00000180596,MONDO_0004975,Alzheimer disease,psychiatric disorder; nervous system disease; phenotype,0.369579854684702
HIST1H2BE,ENSG00000180596,HP_0002027,Abdominal pain,phenotype,0.340013466309926
HIST1H2BE,ENSG00000180596,HP_0000708,Atypical behavior,phenotype,0.340013466309926
HIST1H2BE,ENSG00000180596,EFO_0009387,peripheral nervous system disease,nervous system disease,0.340013466309926
HIST1H2BE,ENSG00000180596,HP_0000707,Abnormality of the nervous system,phenotype,0.340013466309926
HIST1H2BE,ENSG00000180596,HP_0001263,Global developmental delay,phenotype,0.340013466309926
HIST1H2BE,ENSG00000180596,HP_0012531,Pain,phenotype,0.340013466309926
HIST1H2BE,ENSG00000180596,MONDO_0015356,hereditary neoplastic syndrome,"genetic, familial or congenital disease; cancer or benign tumor",0.340013466309926
HIST1H2BE,ENSG00000180596,EFO_0003100,peripheral neuropathy,nervous system disease; phenotype,0.340013466309926
HIST1H2BE,ENSG00000180596,Orphanet_140162,Inherited cancer-predisposing syndrome,"genetic, familial or congenital disease",0.340013466309926
HIST1H2BE,ENSG00000180596,HP_0010461,Abnormality of the male genitalia,phenotype,0.340013466309926
HIST1H2BE,ENSG00000180596,MONDO_0019257,hemochromatosis type 2,"genetic, familial or congenital disease; nutritional or metabolic disease",0.314142876481997
HIST1H2BE,ENSG00000180596,MONDO_0009061,cystic fibrosis,"respiratory or thoracic disease; genetic, familial or congenital disease",0.186053521214981
HIST1H2BE,ENSG00000180596,EFO_1001901,neuroendocrine neoplasm,endocrine system disease; cancer or benign tumor,0.147831941873881
HIST1H2BE,ENSG00000180596,EFO_1002029,chronic rhinosinusitis with nasal polyps,respiratory or thoracic disease; musculoskeletal or connective tissue disease,0.0262401696826138
HIST1H2BE,ENSG00000180596,EFO_0000519,glioblastoma multiforme,nervous system disease; cancer or benign tumor,0.0207375362906416
HIST1H2BE,ENSG00000180596,EFO_0000616,neoplasm,cancer or benign tumor,0.013857874572442
HIST1H2BE,ENSG00000180596,MONDO_0008061,nail-patella syndrome,"disorder of visual system; genetic, familial or congenital disease; musculoskeletal or connective tissue disease",0.0110873956405411
HIST1H2BE,ENSG00000180596,MONDO_0018899,posterior cortical atrophy,"nervous system disease; genetic, familial or congenital disease; psychiatric disorder; phenotype",0.0104098325736191
HIST1H2BE,ENSG00000180596,EFO_0004248,male infertility,reproductive system or breast disease; phenotype,0.0103482359311717
HIST1H2BE,ENSG00000180596,MONDO_0007254,breast cancer,integumentary system disease; reproductive system or breast disease; cancer or benign tumor,0.00945712526635518
HIST1H2BE,ENSG00000180596,MONDO_0008315,prostate cancer,reproductive system or breast disease; cancer or benign tumor,0.00923949636711754
HIST1H2BE,ENSG00000180596,EFO_0005543,glioma,nervous system disease; cancer or benign tumor,0.00847980444359899
HIST1H2BE,ENSG00000180596,EFO_0003060,non-small cell lung carcinoma,respiratory or thoracic disease; cancer or benign tumor,0.00820923833206069
HIST1H2BE,ENSG00000180596,EFO_1001951,colorectal carcinoma,gastrointestinal disease; cancer or benign tumor,0.00813075680306344
HIST1H2BE,ENSG00000180596,MONDO_0018177,glioblastoma,nervous system disease; cancer or benign tumor,0.00757638702103639
HIST1H2BE,ENSG00000180596,MONDO_0100096,COVID-19,infectious disease,0.00739159709369404
HIST1H2BE,ENSG00000180596,MONDO_0008903,lung cancer,respiratory or thoracic disease; cancer or benign tumor,0.00739159709369404
HIST1H2BE,ENSG00000180596,EFO_0001065,endometriosis,reproductive system or breast disease,0.00739159709369404
HIST1H2BE,ENSG00000180596,MONDO_0007915,systemic lupus erythematosus,immune system disease; urinary system disease; musculoskeletal or connective tissue disease; phenotype,0.00739159709369404
HIST1H2BE,ENSG00000180596,EFO_0000641,papillary thyroid carcinoma,endocrine system disease; cancer or benign tumor,0.0066916744917299
HIST1H2BE,ENSG00000180596,MONDO_0009685,Miyoshi myopathy,"nervous system disease; genetic, familial or congenital disease; musculoskeletal or connective tissue disease; phenotype",0.00665243738432463
HIST1H2BE,ENSG00000180596,HP_0100806,Sepsis,phenotype,0.00597225839397554
HIST1H2BE,ENSG00000180596,EFO_0000403,diffuse large B-cell lymphoma,"hematologic disease; immune system disease; genetic, familial or congenital disease; cancer or benign tumor",0.00554369782027053
HIST1H2BE,ENSG00000180596,EFO_0004274,gout,nutritional or metabolic disease; musculoskeletal or connective tissue disease; phenotype,0.00517411796558583
HIST1H2BF,ENSG00000180596,MONDO_0006507,hereditary hemochromatosis,"genetic, familial or congenital disease; nutritional or metabolic disease",0.564662909402523
HIST1H2BF,ENSG00000180596,EFO_0006513,hereditary hemochromatosis type 1,"gastrointestinal disease; genetic, familial or congenital disease; nutritional or metabolic disease",0.55886575023201
HIST1H2BF,ENSG00000180596,MONDO_0008297,variegate porphyria,"endocrine system disease; gastrointestinal disease; integumentary system disease; genetic, familial or congenital disease; nutritional or metabolic disease",0.506678898574154
HIST1H2BF,ENSG00000180596,EFO_0005741,infectious disease,infectious disease,0.503039246654177
HIST1H2BF,ENSG00000180596,EFO_0000763,viral disease,infectious disease,0.503039246654177
HIST1H2BF,ENSG00000180596,EFO_0009043,Familial porphyria cutanea tarda,"urinary system disease; genetic, familial or congenital disease; nutritional or metabolic disease; endocrine system disease; integumentary system disease; disorder of visual system; gastrointestinal disease",0.495324584149674
HIST1H2BF,ENSG00000180596,EFO_0003770,diabetic retinopathy,nutritional or metabolic disease; nervous system disease; disorder of visual system; cardiovascular disease,0.495324584149674
HIST1H2BF,ENSG00000180596,MONDO_0030729,Tessadori-van Haaften neurodevelopmental syndrome 1,"genetic, familial or congenital disease",0.480239270403493
HIST1H2BF,ENSG00000180596,MONDO_0007088,Alzheimer disease type 1,"nervous system disease; genetic, familial or congenital disease; nutritional or metabolic disease; cardiovascular disease; psychiatric disorder; phenotype",0.475712145319318
HIST1H2BF,ENSG00000180596,EFO_0000318,cardiomyopathy,cardiovascular disease; musculoskeletal or connective tissue disease,0.425016832887407
HIST1H2BF,ENSG00000180596,EFO_0000508,genetic disorder,"genetic, familial or congenital disease",0.411290726380307
HIST1H2BF,ENSG00000180596,MONDO_0004992,cancer,cancer or benign tumor,0.37528011063786
HIST1H2BF,ENSG00000180596,EFO_0000305,breast carcinoma,integumentary system disease; reproductive system or breast disease; cancer or benign tumor,0.372855537250106
HIST1H2BF,ENSG00000180596,EFO_0000756,melanoma,cancer or benign tumor,0.370503804321414
HIST1H2BF,ENSG00000180596,EFO_0005547,dengue disease,infectious disease,0.369579854684702
HIST1H2BF,ENSG00000180596,MONDO_0004975,Alzheimer disease,psychiatric disorder; nervous system disease; phenotype,0.369579854684702
HIST1H2BF,ENSG00000180596,HP_0002027,Abdominal pain,phenotype,0.340013466309926
HIST1H2BF,ENSG00000180596,HP_0000708,Atypical behavior,phenotype,0.340013466309926
HIST1H2BF,ENSG00000180596,EFO_0009387,peripheral nervous system disease,nervous system disease,0.340013466309926
HIST1H2BF,ENSG00000180596,HP_0000707,Abnormality of the nervous system,phenotype,0.340013466309926
HIST1H2BF,ENSG00000180596,HP_0001263,Global developmental delay,phenotype,0.340013466309926
HIST1H2BF,ENSG00000180596,HP_0012531,Pain,phenotype,0.340013466309926
HIST1H2BF,ENSG00000180596,MONDO_0015356,hereditary neoplastic syndrome,"genetic, familial or congenital disease; cancer or benign tumor",0.340013466309926
HIST1H2BF,ENSG00000180596,EFO_0003100,peripheral neuropathy,nervous system disease; phenotype,0.340013466309926
HIST1H2BF,ENSG00000180596,Orphanet_140162,Inherited cancer-predisposing syndrome,"genetic, familial or congenital disease",0.340013466309926
HIST1H2BF,ENSG00000180596,HP_0010461,Abnormality of the male genitalia,phenotype,0.340013466309926
HIST1H2BF,ENSG00000180596,MONDO_0019257,hemochromatosis type 2,"genetic, familial or congenital disease; nutritional or metabolic disease",0.314142876481997
HIST1H2BF,ENSG00000180596,MONDO_0009061,cystic fibrosis,"respiratory or thoracic disease; genetic, familial or congenital disease",0.186053521214981
HIST1H2BF,ENSG00000180596,EFO_1001901,neuroendocrine neoplasm,endocrine system disease; cancer or benign tumor,0.147831941873881
HIST1H2BF,ENSG00000180596,EFO_1002029,chronic rhinosinusitis with nasal polyps,respiratory or thoracic disease; musculoskeletal or connective tissue disease,0.0262401696826138
HIST1H2BF,ENSG00000180596,EFO_0000519,glioblastoma multiforme,nervous system disease; cancer or benign tumor,0.0207375362906416
HIST1H2BF,ENSG00000180596,EFO_0000616,neoplasm,cancer or benign tumor,0.013857874572442
HIST1H2BF,ENSG00000180596,MONDO_0008061,nail-patella syndrome,"disorder of visual system; genetic, familial or congenital disease; musculoskeletal or connective tissue disease",0.0110873956405411
HIST1H2BF,ENSG00000180596,MONDO_0018899,posterior cortical atrophy,"nervous system disease; genetic, familial or congenital disease; psychiatric disorder; phenotype",0.0104098325736191
HIST1H2BF,ENSG00000180596,EFO_0004248,male infertility,reproductive system or breast disease; phenotype,0.0103482359311717
HIST1H2BF,ENSG00000180596,MONDO_0007254,breast cancer,integumentary system disease; reproductive system or breast disease; cancer or benign tumor,0.00945712526635518
HIST1H2BF,ENSG00000180596,MONDO_0008315,prostate cancer,reproductive system or breast disease; cancer or benign tumor,0.00923949636711754
HIST1H2BF,ENSG00000180596,EFO_0005543,glioma,nervous system disease; cancer or benign tumor,0.00847980444359899
HIST1H2BF,ENSG00000180596,EFO_0003060,non-small cell lung carcinoma,respiratory or thoracic disease; cancer or benign tumor,0.00820923833206069
HIST1H2BF,ENSG00000180596,EFO_1001951,colorectal carcinoma,gastrointestinal disease; cancer or benign tumor,0.00813075680306344
HIST1H2BF,ENSG00000180596,MONDO_0018177,glioblastoma,nervous system disease; cancer or benign tumor,0.00757638702103639
HIST1H2BF,ENSG00000180596,MONDO_0100096,COVID-19,infectious disease,0.00739159709369404
HIST1H2BF,ENSG00000180596,MONDO_0008903,lung cancer,respiratory or thoracic disease; cancer or benign tumor,0.00739159709369404
HIST1H2BF,ENSG00000180596,EFO_0001065,endometriosis,reproductive system or breast disease,0.00739159709369404
HIST1H2BF,ENSG00000180596,MONDO_0007915,systemic lupus erythematosus,immune system disease; urinary system disease; musculoskeletal or connective tissue disease; phenotype,0.00739159709369404
HIST1H2BF,ENSG00000180596,EFO_0000641,papillary thyroid carcinoma,endocrine system disease; cancer or benign tumor,0.0066916744917299
HIST1H2BF,ENSG00000180596,MONDO_0009685,Miyoshi myopathy,"nervous system disease; genetic, familial or congenital disease; musculoskeletal or connective tissue disease; phenotype",0.00665243738432463
HIST1H2BF,ENSG00000180596,HP_0100806,Sepsis,phenotype,0.00597225839397554
HIST1H2BF,ENSG00000180596,EFO_0000403,diffuse large B-cell lymphoma,"hematologic disease; immune system disease; genetic, familial or congenital disease; cancer or benign tumor",0.00554369782027053
HIST1H2BF,ENSG00000180596,EFO_0004274,gout,nutritional or metabolic disease; musculoskeletal or connective tissue disease; phenotype,0.00517411796558583
HIST1H2BG,ENSG00000180596,MONDO_0006507,hereditary hemochromatosis,"genetic, familial or congenital disease; nutritional or metabolic disease",0.564662909402523
HIST1H2BG,ENSG00000180596,EFO_0006513,hereditary hemochromatosis type 1,"gastrointestinal disease; genetic, familial or congenital disease; nutritional or metabolic disease",0.55886575023201
HIST1H2BG,ENSG00000180596,MONDO_0008297,variegate porphyria,"endocrine system disease; gastrointestinal disease; integumentary system disease; genetic, familial or congenital disease; nutritional or metabolic disease",0.506678898574154
HIST1H2BG,ENSG00000180596,EFO_0005741,infectious disease,infectious disease,0.503039246654177
HIST1H2BG,ENSG00000180596,EFO_0000763,viral disease,infectious disease,0.503039246654177
HIST1H2BG,ENSG00000180596,EFO_0009043,Familial porphyria cutanea tarda,"urinary system disease; genetic, familial or congenital disease; nutritional or metabolic disease; endocrine system disease; integumentary system disease; disorder of visual system; gastrointestinal disease",0.495324584149674
HIST1H2BG,ENSG00000180596,EFO_0003770,diabetic retinopathy,nutritional or metabolic disease; nervous system disease; disorder of visual system; cardiovascular disease,0.495324584149674
HIST1H2BG,ENSG00000180596,MONDO_0030729,Tessadori-van Haaften neurodevelopmental syndrome 1,"genetic, familial or congenital disease",0.480239270403493
HIST1H2BG,ENSG00000180596,MONDO_0007088,Alzheimer disease type 1,"nervous system disease; genetic, familial or congenital disease; nutritional or metabolic disease; cardiovascular disease; psychiatric disorder; phenotype",0.475712145319318
HIST1H2BG,ENSG00000180596,EFO_0000318,cardiomyopathy,cardiovascular disease; musculoskeletal or connective tissue disease,0.425016832887407
HIST1H2BG,ENSG00000180596,EFO_0000508,genetic disorder,"genetic, familial or congenital disease",0.411290726380307
HIST1H2BG,ENSG00000180596,MONDO_0004992,cancer,cancer or benign tumor,0.37528011063786
HIST1H2BG,ENSG00000180596,EFO_0000305,breast carcinoma,integumentary system disease; reproductive system or breast disease; cancer or benign tumor,0.372855537250106
HIST1H2BG,ENSG00000180596,EFO_0000756,melanoma,cancer or benign tumor,0.370503804321414
HIST1H2BG,ENSG00000180596,EFO_0005547,dengue disease,infectious disease,0.369579854684702
HIST1H2BG,ENSG00000180596,MONDO_0004975,Alzheimer disease,psychiatric disorder; nervous system disease; phenotype,0.369579854684702
HIST1H2BG,ENSG00000180596,HP_0002027,Abdominal pain,phenotype,0.340013466309926
HIST1H2BG,ENSG00000180596,HP_0000708,Atypical behavior,phenotype,0.340013466309926
HIST1H2BG,ENSG00000180596,EFO_0009387,peripheral nervous system disease,nervous system disease,0.340013466309926
HIST1H2BG,ENSG00000180596,HP_0000707,Abnormality of the nervous system,phenotype,0.340013466309926
HIST1H2BG,ENSG00000180596,HP_0001263,Global developmental delay,phenotype,0.340013466309926
HIST1H2BG,ENSG00000180596,HP_0012531,Pain,phenotype,0.340013466309926
HIST1H2BG,ENSG00000180596,MONDO_0015356,hereditary neoplastic syndrome,"genetic, familial or congenital disease; cancer or benign tumor",0.340013466309926
HIST1H2BG,ENSG00000180596,EFO_0003100,peripheral neuropathy,nervous system disease; phenotype,0.340013466309926
HIST1H2BG,ENSG00000180596,Orphanet_140162,Inherited cancer-predisposing syndrome,"genetic, familial or congenital disease",0.340013466309926
HIST1H2BG,ENSG00000180596,HP_0010461,Abnormality of the male genitalia,phenotype,0.340013466309926
HIST1H2BG,ENSG00000180596,MONDO_0019257,hemochromatosis type 2,"genetic, familial or congenital disease; nutritional or metabolic disease",0.314142876481997
HIST1H2BG,ENSG00000180596,MONDO_0009061,cystic fibrosis,"respiratory or thoracic disease; genetic, familial or congenital disease",0.186053521214981
HIST1H2BG,ENSG00000180596,EFO_1001901,neuroendocrine neoplasm,endocrine system disease; cancer or benign tumor,0.147831941873881
HIST1H2BG,ENSG00000180596,EFO_1002029,chronic rhinosinusitis with nasal polyps,respiratory or thoracic disease; musculoskeletal or connective tissue disease,0.0262401696826138
HIST1H2BG,ENSG00000180596,EFO_0000519,glioblastoma multiforme,nervous system disease; cancer or benign tumor,0.0207375362906416
HIST1H2BG,ENSG00000180596,EFO_0000616,neoplasm,cancer or benign tumor,0.013857874572442
HIST1H2BG,ENSG00000180596,MONDO_0008061,nail-patella syndrome,"disorder of visual system; genetic, familial or congenital disease; musculoskeletal or connective tissue disease",0.0110873956405411
HIST1H2BG,ENSG00000180596,MONDO_0018899,posterior cortical atrophy,"nervous system disease; genetic, familial or congenital disease; psychiatric disorder; phenotype",0.0104098325736191
HIST1H2BG,ENSG00000180596,EFO_0004248,male infertility,reproductive system or breast disease; phenotype,0.0103482359311717
HIST1H2BG,ENSG00000180596,MONDO_0007254,breast cancer,integumentary system disease; reproductive system or breast disease; cancer or benign tumor,0.00945712526635518
HIST1H2BG,ENSG00000180596,MONDO_0008315,prostate cancer,reproductive system or breast disease; cancer or benign tumor,0.00923949636711754
HIST1H2BG,ENSG00000180596,EFO_0005543,glioma,nervous system disease; cancer or benign tumor,0.00847980444359899
HIST1H2BG,ENSG00000180596,EFO_0003060,non-small cell lung carcinoma,respiratory or thoracic disease; cancer or benign tumor,0.00820923833206069
HIST1H2BG,ENSG00000180596,EFO_1001951,colorectal carcinoma,gastrointestinal disease; cancer or benign tumor,0.00813075680306344
HIST1H2BG,ENSG00000180596,MONDO_0018177,glioblastoma,nervous system disease; cancer or benign tumor,0.00757638702103639
HIST1H2BG,ENSG00000180596,MONDO_0100096,COVID-19,infectious disease,0.00739159709369404
HIST1H2BG,ENSG00000180596,MONDO_0008903,lung cancer,respiratory or thoracic disease; cancer or benign tumor,0.00739159709369404
HIST1H2BG,ENSG00000180596,EFO_0001065,endometriosis,reproductive system or breast disease,0.00739159709369404
HIST1H2BG,ENSG00000180596,MONDO_0007915,systemic lupus erythematosus,immune system disease; urinary system disease; musculoskeletal or connective tissue disease; phenotype,0.00739159709369404
HIST1H2BG,ENSG00000180596,EFO_0000641,papillary thyroid carcinoma,endocrine system disease; cancer or benign tumor,0.0066916744917299
HIST1H2BG,ENSG00000180596,MONDO_0009685,Miyoshi myopathy,"nervous system disease; genetic, familial or congenital disease; musculoskeletal or connective tissue disease; phenotype",0.00665243738432463
HIST1H2BG,ENSG00000180596,HP_0100806,Sepsis,phenotype,0.00597225839397554
HIST1H2BG,ENSG00000180596,EFO_0000403,diffuse large B-cell lymphoma,"hematologic disease; immune system disease; genetic, familial or congenital disease; cancer or benign tumor",0.00554369782027053
HIST1H2BG,ENSG00000180596,EFO_0004274,gout,nutritional or metabolic disease; musculoskeletal or connective tissue disease; phenotype,0.00517411796558583
HIST1H2BH,ENSG00000275713,EFO_0000763,viral disease,infectious disease,0.504979540891272
HIST1H2BH,ENSG00000275713,EFO_0005741,infectious disease,infectious disease,0.503039246654177
HIST1H2BH,ENSG00000275713,EFO_0000305,breast carcinoma,integumentary system disease; reproductive system or breast disease; cancer or benign tumor,0.38464599010954
HIST1H2BH,ENSG00000275713,MONDO_0004992,cancer,cancer or benign tumor,0.372984711757055
HIST1H2BH,ENSG00000275713,EFO_0000756,melanoma,cancer or benign tumor,0.369579854684702
HIST1H2BH,ENSG00000275713,EFO_0005547,dengue disease,infectious disease,0.369579854684702
HIST1H2BH,ENSG00000275713,EFO_0000181,head and neck squamous cell carcinoma,cancer or benign tumor,0.0807531982486074
HIST1H2BH,ENSG00000275713,EFO_0005543,glioma,nervous system disease; cancer or benign tumor,0.0581677626845422
HIST1H2BH,ENSG00000275713,EFO_0003060,non-small cell lung carcinoma,respiratory or thoracic disease; cancer or benign tumor,0.0522888039374965
HIST1H2BH,ENSG00000275713,EFO_0000326,central nervous system cancer,nervous system disease; cancer or benign tumor,0.0486582866257277
HIST1H2BH,ENSG00000275713,EFO_0000616,neoplasm,cancer or benign tumor,0.0332585623572887
HIST1H2BH,ENSG00000275713,EFO_0000571,lung adenocarcinoma,respiratory or thoracic disease; cancer or benign tumor,0.0200669616095617
HIST1H2BH,ENSG00000275713,EFO_0000182,hepatocellular carcinoma,gastrointestinal disease; endocrine system disease; cancer or benign tumor,0.0189659978679357
HIST1H2BH,ENSG00000275713,MONDO_0009685,Miyoshi myopathy,"nervous system disease; genetic, familial or congenital disease; musculoskeletal or connective tissue disease; phenotype",0.013674454623334
HIST1H2BH,ENSG00000275713,EFO_0001071,lung carcinoma,respiratory or thoracic disease; cancer or benign tumor,0.0120304893821773
HIST1H2BH,ENSG00000275713,EFO_0000641,papillary thyroid carcinoma,endocrine system disease; cancer or benign tumor,0.0111034176423248
HIST1H2BH,ENSG00000275713,MONDO_0016060,laryngotracheoesophageal cleft,gastrointestinal disease; respiratory or thoracic disease,0.0110873956405411
HIST1H2BH,ENSG00000275713,EFO_1001512,endometrial carcinoma,cancer or benign tumor; reproductive system or breast disease,0.00857688707776601
HIST1H2BH,ENSG00000275713,MONDO_0009061,cystic fibrosis,"respiratory or thoracic disease; genetic, familial or congenital disease",0.00828036868059567
HIST1H2BH,ENSG00000275713,MONDO_0008903,lung cancer,respiratory or thoracic disease; cancer or benign tumor,0.00794596687572109
HIST1H2BH,ENSG00000275713,EFO_0001378,multiple myeloma,"immune system disease; hematologic disease; cancer or benign tumor; genetic, familial or congenital disease",0.00792543466157194
HIST1H2BH,ENSG00000275713,MONDO_0007915,systemic lupus erythematosus,immune system disease; urinary system disease; musculoskeletal or connective tissue disease; phenotype,0.00776117694837874
HIST1H2BH,ENSG00000275713,EFO_0000199,oral squamous cell carcinoma,gastrointestinal disease; cancer or benign tumor,0.00739159709369404
HIST1H2BH,ENSG00000275713,MONDO_0002974,cervical cancer,reproductive system or breast disease; cancer or benign tumor,0.00737106487954489
HIST1H2BH,ENSG00000275713,EFO_0000186,invasive breast ductal carcinoma,integumentary system disease; reproductive system or breast disease; cancer or benign tumor,0.00699286166058371
HIST1H2BH,ENSG00000275713,EFO_0000432,breast ductal carcinoma in situ,cancer or benign tumor; integumentary system disease; reproductive system or breast disease,0.00627185800580116
HIST1H2BH,ENSG00000275713,EFO_0000708,squamous cell lung carcinoma,respiratory or thoracic disease; cancer or benign tumor,0.00443495825621642
HIST1H2BH,ENSG00000275713,EFO_1001951,colorectal carcinoma,gastrointestinal disease; cancer or benign tumor,0.00443495825621642
HIST1H2BH,ENSG00000275713,EFO_0004249,meningococcal infection,infectious disease,0.00441783553122023
HIST1H2BH,ENSG00000275713,EFO_0000685,rheumatoid arthritis,immune system disease; musculoskeletal or connective tissue disease; phenotype,0.00406537840153172
HIST1H2BH,ENSG00000275713,EFO_0006834,septic shock,phenotype,0.00390993870266972
HIST1H2BH,ENSG00000275713,MONDO_0015459,nasopharyngeal carcinoma,infectious disease; gastrointestinal disease; respiratory or thoracic disease; cancer or benign tumor,0.00369579854684702
HIST1H2BH,ENSG00000275713,EFO_0003869,breast neoplasm,integumentary system disease; reproductive system or breast disease; cancer or benign tumor,0.00369579854684702
HIST1H2BH,ENSG00000275713,EFO_0000272,astrocytoma,nervous system disease; cancer or benign tumor,0.00369579854684702
HIST1H2BH,ENSG00000275713,MONDO_0007763,nonpapillary renal cell carcinoma,urinary system disease; cancer or benign tumor,0.00369579854684702
HIST1H2BH,ENSG00000275713,EFO_0003882,osteoporosis,"musculoskeletal or connective tissue disease; genetic, familial or congenital disease; phenotype",0.00369579854684702
HIST1H2BH,ENSG00000275713,EFO_0003817,laryngeal neoplasm,respiratory or thoracic disease; cancer or benign tumor,0.00369579854684702
HIST1H2BH,ENSG00000275713,EFO_0002618,pancreatic carcinoma,gastrointestinal disease; endocrine system disease; cancer or benign tumor,0.00323169204665796
HIST1H2BH,ENSG00000275713,MONDO_0008170,ovarian cancer,endocrine system disease; reproductive system or breast disease; cancer or benign tumor,0.00295663883747761
HIST1H2BH,ENSG00000275713,EFO_0004257,neurotic disorder,psychiatric disorder; nervous system disease,0.00221747912810821
HIST1H2BH,ENSG00000275713,EFO_0006352,laryngeal squamous cell carcinoma,respiratory or thoracic disease; cancer or benign tumor,0.00221747912810821
HIST1H2BH,ENSG00000275713,MONDO_0011962,endometrial cancer,reproductive system or breast disease; cancer or benign tumor,0.00221747912810821
HIST1H2BH,ENSG00000275713,EFO_0002627,vulvar intraepithelial neoplasia,reproductive system or breast disease; cancer or benign tumor,0.00210320229439614
HIST1H2BH,ENSG00000275713,EFO_0001645,coronary artery disease,cardiovascular disease,0.00147831941873881
HIST1H2BH,ENSG00000275713,EFO_0000222,acute myeloid leukemia,hematologic disease; immune system disease; cancer or benign tumor; musculoskeletal or connective tissue disease,0.00147831941873881
HIST1H2BH,ENSG00000275713,MONDO_0044323,Rahman syndrome,"genetic, familial or congenital disease",0.00147831941873881
HIST1H2BH,ENSG00000275713,EFO_0000540,immune system disease,immune system disease,0.00147831941873881
HIST1H2BH,ENSG00000275713,EFO_1002022,Herpes simplex infection,infectious disease,0.00147831941873881
HIST1H2BI,ENSG00000180596,MONDO_0006507,hereditary hemochromatosis,"genetic, familial or congenital disease; nutritional or metabolic disease",0.564662909402523
HIST1H2BI,ENSG00000180596,EFO_0006513,hereditary hemochromatosis type 1,"gastrointestinal disease; genetic, familial or congenital disease; nutritional or metabolic disease",0.55886575023201
HIST1H2BI,ENSG00000180596,MONDO_0008297,variegate porphyria,"endocrine system disease; gastrointestinal disease; integumentary system disease; genetic, familial or congenital disease; nutritional or metabolic disease",0.506678898574154
HIST1H2BI,ENSG00000180596,EFO_0005741,infectious disease,infectious disease,0.503039246654177
HIST1H2BI,ENSG00000180596,EFO_0000763,viral disease,infectious disease,0.503039246654177
HIST1H2BI,ENSG00000180596,EFO_0009043,Familial porphyria cutanea tarda,"urinary system disease; genetic, familial or congenital disease; nutritional or metabolic disease; endocrine system disease; integumentary system disease; disorder of visual system; gastrointestinal disease",0.495324584149674
HIST1H2BI,ENSG00000180596,EFO_0003770,diabetic retinopathy,nutritional or metabolic disease; nervous system disease; disorder of visual system; cardiovascular disease,0.495324584149674
HIST1H2BI,ENSG00000180596,MONDO_0030729,Tessadori-van Haaften neurodevelopmental syndrome 1,"genetic, familial or congenital disease",0.480239270403493
HIST1H2BI,ENSG00000180596,MONDO_0007088,Alzheimer disease type 1,"nervous system disease; genetic, familial or congenital disease; nutritional or metabolic disease; cardiovascular disease; psychiatric disorder; phenotype",0.475712145319318
HIST1H2BI,ENSG00000180596,EFO_0000318,cardiomyopathy,cardiovascular disease; musculoskeletal or connective tissue disease,0.425016832887407
HIST1H2BI,ENSG00000180596,EFO_0000508,genetic disorder,"genetic, familial or congenital disease",0.411290726380307
HIST1H2BI,ENSG00000180596,MONDO_0004992,cancer,cancer or benign tumor,0.37528011063786
HIST1H2BI,ENSG00000180596,EFO_0000305,breast carcinoma,integumentary system disease; reproductive system or breast disease; cancer or benign tumor,0.372855537250106
HIST1H2BI,ENSG00000180596,EFO_0000756,melanoma,cancer or benign tumor,0.370503804321414
HIST1H2BI,ENSG00000180596,EFO_0005547,dengue disease,infectious disease,0.369579854684702
HIST1H2BI,ENSG00000180596,MONDO_0004975,Alzheimer disease,psychiatric disorder; nervous system disease; phenotype,0.369579854684702
HIST1H2BI,ENSG00000180596,HP_0002027,Abdominal pain,phenotype,0.340013466309926
HIST1H2BI,ENSG00000180596,HP_0000708,Atypical behavior,phenotype,0.340013466309926
HIST1H2BI,ENSG00000180596,EFO_0009387,peripheral nervous system disease,nervous system disease,0.340013466309926
HIST1H2BI,ENSG00000180596,HP_0000707,Abnormality of the nervous system,phenotype,0.340013466309926
HIST1H2BI,ENSG00000180596,HP_0001263,Global developmental delay,phenotype,0.340013466309926
HIST1H2BI,ENSG00000180596,HP_0012531,Pain,phenotype,0.340013466309926
HIST1H2BI,ENSG00000180596,MONDO_0015356,hereditary neoplastic syndrome,"genetic, familial or congenital disease; cancer or benign tumor",0.340013466309926
HIST1H2BI,ENSG00000180596,EFO_0003100,peripheral neuropathy,nervous system disease; phenotype,0.340013466309926
HIST1H2BI,ENSG00000180596,Orphanet_140162,Inherited cancer-predisposing syndrome,"genetic, familial or congenital disease",0.340013466309926
HIST1H2BI,ENSG00000180596,HP_0010461,Abnormality of the male genitalia,phenotype,0.340013466309926
HIST1H2BI,ENSG00000180596,MONDO_0019257,hemochromatosis type 2,"genetic, familial or congenital disease; nutritional or metabolic disease",0.314142876481997
HIST1H2BI,ENSG00000180596,MONDO_0009061,cystic fibrosis,"respiratory or thoracic disease; genetic, familial or congenital disease",0.186053521214981
HIST1H2BI,ENSG00000180596,EFO_1001901,neuroendocrine neoplasm,endocrine system disease; cancer or benign tumor,0.147831941873881
HIST1H2BI,ENSG00000180596,EFO_1002029,chronic rhinosinusitis with nasal polyps,respiratory or thoracic disease; musculoskeletal or connective tissue disease,0.0262401696826138
HIST1H2BI,ENSG00000180596,EFO_0000519,glioblastoma multiforme,nervous system disease; cancer or benign tumor,0.0207375362906416
HIST1H2BI,ENSG00000180596,EFO_0000616,neoplasm,cancer or benign tumor,0.013857874572442
HIST1H2BI,ENSG00000180596,MONDO_0008061,nail-patella syndrome,"disorder of visual system; genetic, familial or congenital disease; musculoskeletal or connective tissue disease",0.0110873956405411
HIST1H2BI,ENSG00000180596,MONDO_0018899,posterior cortical atrophy,"nervous system disease; genetic, familial or congenital disease; psychiatric disorder; phenotype",0.0104098325736191
HIST1H2BI,ENSG00000180596,EFO_0004248,male infertility,reproductive system or breast disease; phenotype,0.0103482359311717
HIST1H2BI,ENSG00000180596,MONDO_0007254,breast cancer,integumentary system disease; reproductive system or breast disease; cancer or benign tumor,0.00945712526635518
HIST1H2BI,ENSG00000180596,MONDO_0008315,prostate cancer,reproductive system or breast disease; cancer or benign tumor,0.00923949636711754
HIST1H2BI,ENSG00000180596,EFO_0005543,glioma,nervous system disease; cancer or benign tumor,0.00847980444359899
HIST1H2BI,ENSG00000180596,EFO_0003060,non-small cell lung carcinoma,respiratory or thoracic disease; cancer or benign tumor,0.00820923833206069
HIST1H2BI,ENSG00000180596,EFO_1001951,colorectal carcinoma,gastrointestinal disease; cancer or benign tumor,0.00813075680306344
HIST1H2BI,ENSG00000180596,MONDO_0018177,glioblastoma,nervous system disease; cancer or benign tumor,0.00757638702103639
HIST1H2BI,ENSG00000180596,MONDO_0100096,COVID-19,infectious disease,0.00739159709369404
HIST1H2BI,ENSG00000180596,MONDO_0008903,lung cancer,respiratory or thoracic disease; cancer or benign tumor,0.00739159709369404
HIST1H2BI,ENSG00000180596,EFO_0001065,endometriosis,reproductive system or breast disease,0.00739159709369404
HIST1H2BI,ENSG00000180596,MONDO_0007915,systemic lupus erythematosus,immune system disease; urinary system disease; musculoskeletal or connective tissue disease; phenotype,0.00739159709369404
HIST1H2BI,ENSG00000180596,EFO_0000641,papillary thyroid carcinoma,endocrine system disease; cancer or benign tumor,0.0066916744917299
HIST1H2BI,ENSG00000180596,MONDO_0009685,Miyoshi myopathy,"nervous system disease; genetic, familial or congenital disease; musculoskeletal or connective tissue disease; phenotype",0.00665243738432463
HIST1H2BI,ENSG00000180596,HP_0100806,Sepsis,phenotype,0.00597225839397554
HIST1H2BI,ENSG00000180596,EFO_0000403,diffuse large B-cell lymphoma,"hematologic disease; immune system disease; genetic, familial or congenital disease; cancer or benign tumor",0.00554369782027053
HIST1H2BI,ENSG00000180596,EFO_0004274,gout,nutritional or metabolic disease; musculoskeletal or connective tissue disease; phenotype,0.00517411796558583
HIST1H2BJ,ENSG00000124635,EFO_0000763,viral disease,infectious disease,0.503408826508862
HIST1H2BJ,ENSG00000124635,EFO_0005741,infectious disease,infectious disease,0.503039246654177
HIST1H2BJ,ENSG00000124635,EFO_0000305,breast carcinoma,integumentary system disease; reproductive system or breast disease; cancer or benign tumor,0.372839549003021
HIST1H2BJ,ENSG00000124635,MONDO_0004992,cancer,cancer or benign tumor,0.371722904536519
HIST1H2BJ,ENSG00000124635,EFO_0005547,dengue disease,infectious disease,0.369579854684702
HIST1H2BJ,ENSG00000124635,EFO_0000756,melanoma,cancer or benign tumor,0.369579854684702
HIST1H2BJ,ENSG00000124635,MONDO_0007414,Gorham-Stout disease,musculoskeletal or connective tissue disease; cardiovascular disease; hematologic disease; immune system disease; cancer or benign tumor,0.0720902464547979
HIST1H2BJ,ENSG00000124635,EFO_0005543,glioma,nervous system disease; cancer or benign tumor,0.050611907877655
HIST1H2BJ,ENSG00000124635,MONDO_0007970,melorheostosis,"genetic, familial or congenital disease; musculoskeletal or connective tissue disease; phenotype",0.0421173202398686
HIST1H2BJ,ENSG00000124635,MONDO_0012723,Leber congenital amaurosis 10,"nervous system disease; genetic, familial or congenital disease; disorder of visual system",0.0396411352134811
HIST1H2BJ,ENSG00000124635,Orphanet_2951,Absent thumb - short stature - immunodeficiency,immune system disease,0.030970791822578
HIST1H2BJ,ENSG00000124635,HP_0000598,Abnormality of the ear,phenotype,0.0304533800260194
HIST1H2BJ,ENSG00000124635,MONDO_0018555,hypogonadotropic hypogonadism,"genetic, familial or congenital disease; endocrine system disease; phenotype; reproductive system or breast disease",0.0303942472492699
HIST1H2BJ,ENSG00000124635,MONDO_0018800,Kallmann syndrome,"genetic, familial or congenital disease; endocrine system disease; phenotype; reproductive system or breast disease",0.0303942472492699
HIST1H2BJ,ENSG00000124635,EFO_0000616,neoplasm,cancer or benign tumor,0.0193054143537384
HIST1H2BJ,ENSG00000124635,EFO_1001951,colorectal carcinoma,gastrointestinal disease; cancer or benign tumor,0.0125657150592799
HIST1H2BJ,ENSG00000124635,EFO_0000707,squamous cell carcinoma,cancer or benign tumor,0.0110873956405411
HIST1H2BJ,ENSG00000124635,MONDO_0007915,systemic lupus erythematosus,immune system disease; urinary system disease; musculoskeletal or connective tissue disease; phenotype,0.00891098094073114
HIST1H2BJ,ENSG00000124635,EFO_0000571,lung adenocarcinoma,respiratory or thoracic disease; cancer or benign tumor,0.00776117694837874
HIST1H2BJ,ENSG00000124635,MONDO_0100096,COVID-19,infectious disease,0.00751341791463822
HIST1H2BJ,ENSG00000124635,EFO_1000044,pancreatic adenocarcinoma,gastrointestinal disease; cancer or benign tumor; endocrine system disease,0.00665243738432463
HIST1H2BJ,ENSG00000124635,MONDO_0004976,amyotrophic lateral sclerosis,nervous system disease; phenotype,0.00665243738432463
HIST1H2BJ,ENSG00000124635,EFO_0000182,hepatocellular carcinoma,gastrointestinal disease; endocrine system disease; cancer or benign tumor,0.00574447775015658
HIST1H2BJ,ENSG00000124635,EFO_0001066,experimental autoimmune encephalomyelitis,animal disease; nervous system disease,0.00517411796558583
HIST1H2BJ,ENSG00000124635,EFO_0003060,non-small cell lung carcinoma,respiratory or thoracic disease; cancer or benign tumor,0.00461974818355877
HIST1H2BJ,ENSG00000124635,EFO_0000228,adenocarcinoma,cancer or benign tumor,0.00369579854684702
HIST1H2BJ,ENSG00000124635,MONDO_0007254,breast cancer,integumentary system disease; reproductive system or breast disease; cancer or benign tumor,0.00369579854684702
HIST1H2BJ,ENSG00000124635,EFO_0005537,triple-negative breast cancer,integumentary system disease; reproductive system or breast disease; cancer or benign tumor,0.00369579854684702
HIST1H2BJ,ENSG00000124635,MONDO_0016060,laryngotracheoesophageal cleft,gastrointestinal disease; respiratory or thoracic disease,0.00369579854684702
HIST1H2BJ,ENSG00000124635,EFO_1000601,Transitional Cell Carcinoma,cancer or benign tumor,0.00369579854684702
HIST1H2BJ,ENSG00000124635,EFO_0001378,multiple myeloma,"immune system disease; hematologic disease; cancer or benign tumor; genetic, familial or congenital disease",0.00369579854684702
HIST1H2BJ,ENSG00000124635,EFO_0000407,dilated cardiomyopathy,cardiovascular disease; musculoskeletal or connective tissue disease; phenotype,0.00369579854684702
HIST1H2BJ,ENSG00000124635,EFO_0000275,atrial fibrillation,cardiovascular disease,0.00369579854684702
HIST1H2BJ,ENSG00000124635,MONDO_0017610,epidermolysis bullosa simplex,"integumentary system disease; genetic, familial or congenital disease",0.00369579854684702
HIST1H2BJ,ENSG00000124635,EFO_0000198,myelodysplastic syndrome,"hematologic disease; cancer or benign tumor; genetic, familial or congenital disease",0.00369579854684702
HIST1H2BJ,ENSG00000124635,EFO_0000519,glioblastoma multiforme,nervous system disease; cancer or benign tumor,0.00369579854684702
HIST1H2BJ,ENSG00000124635,EFO_0008510,Lyme disease,infectious disease,0.00302300342020296
HIST1H2BJ,ENSG00000124635,MONDO_0005090,schizophrenia,psychiatric disorder; nervous system disease,0.00221747912810821
HIST1H2BJ,ENSG00000124635,HP_0100806,Sepsis,phenotype,0.00221747912810821
HIST1H2BJ,ENSG00000124635,MONDO_0002974,cervical cancer,reproductive system or breast disease; cancer or benign tumor,0.00184789927342351
HIST1H2BJ,ENSG00000124635,EFO_0005772,neurodegenerative disease,nervous system disease,0.00147831941873881
HIST1H2BJ,ENSG00000124635,EFO_0000685,rheumatoid arthritis,immune system disease; musculoskeletal or connective tissue disease; phenotype,0.00147831941873881
HIST1H2BJ,ENSG00000124635,EFO_1001052,myeloid sarcoma,cancer or benign tumor; hematologic disease; immune system disease; musculoskeletal or connective tissue disease,0.00147831941873881
HIST1H2BJ,ENSG00000124635,HP_0002960,Autoimmunity,phenotype,0.00147831941873881
HIST1H2BJ,ENSG00000124635,EFO_0000545,infertility,reproductive system or breast disease; phenotype,0.00147831941873881
HIST1H2BL,ENSG00000185130,EFO_0005741,infectious disease,infectious disease,0.503039246654177
HIST1H2BL,ENSG00000185130,EFO_0000763,viral disease,infectious disease,0.503039246654177
HIST1H2BL,ENSG00000185130,EFO_0000305,breast carcinoma,integumentary system disease; reproductive system or breast disease; cancer or benign tumor,0.386505803573329
HIST1H2BL,ENSG00000185130,EFO_0000756,melanoma,cancer or benign tumor,0.370503804321414
HIST1H2BL,ENSG00000185130,MONDO_0004992,cancer,cancer or benign tumor,0.369949434539386
HIST1H2BL,ENSG00000185130,EFO_0005547,dengue disease,infectious disease,0.369579854684702
HIST1H2BL,ENSG00000185130,EFO_0002496,actinic keratosis,cancer or benign tumor; integumentary system disease,0.0482966954101968
HIST1H2BL,ENSG00000185130,EFO_1001841,sebaceous of Jadassohn nevus,integumentary system disease,0.044186967426103
HIST1H2BL,ENSG00000185130,MONDO_0016060,laryngotracheoesophageal cleft,gastrointestinal disease; respiratory or thoracic disease,0.0147831941873881
HIST1H2BL,ENSG00000185130,EFO_0000571,lung adenocarcinoma,respiratory or thoracic disease; cancer or benign tumor,0.00961909957653806
HIST1H2BL,ENSG00000185130,MONDO_0007915,systemic lupus erythematosus,immune system disease; urinary system disease; musculoskeletal or connective tissue disease; phenotype,0.00776117694837874
HIST1H2BL,ENSG00000185130,EFO_0000616,neoplasm,cancer or benign tumor,0.00739159709369404
HIST1H2BL,ENSG00000185130,EFO_0003106,pneumonia,infectious disease; respiratory or thoracic disease; phenotype,0.00665243738432463
HIST1H2BL,ENSG00000185130,EFO_0005140,autoimmune disease,immune system disease,0.00369579854684702
HIST1H2BL,ENSG00000185130,MONDO_0005178,osteoarthritis,musculoskeletal or connective tissue disease; phenotype,0.00369579854684702
HIST1H2BL,ENSG00000185130,EFO_0000182,hepatocellular carcinoma,gastrointestinal disease; endocrine system disease; cancer or benign tumor,0.0033308118087791
HIST1H2BL,ENSG00000185130,MONDO_0011962,endometrial cancer,reproductive system or breast disease; cancer or benign tumor,0.00221747912810821
HIST1H2BL,ENSG00000185130,MONDO_0008903,lung cancer,respiratory or thoracic disease; cancer or benign tumor,0.00221747912810821
HIST1H2BL,ENSG00000185130,EFO_0000222,acute myeloid leukemia,hematologic disease; immune system disease; cancer or benign tumor; musculoskeletal or connective tissue disease,0.00152429582566197
HIST1H2BL,ENSG00000185130,MONDO_0002974,cervical cancer,reproductive system or breast disease; cancer or benign tumor,0.00147831941873881
HIST1H2BL,ENSG00000185130,EFO_0003869,breast neoplasm,integumentary system disease; reproductive system or breast disease; cancer or benign tumor,0.00147831941873881
HIST1H2BL,ENSG00000185130,MONDO_0004985,bipolar disorder,psychiatric disorder; nervous system disease,0.00147831941873881
HIST1H2BL,ENSG00000185130,MONDO_0001056,gastric cancer,gastrointestinal disease; cancer or benign tumor,0.00147831941873881
HIST1H2BN,ENSG00000233822,EFO_0000763,viral disease,infectious disease,0.503039246654177
HIST1H2BN,ENSG00000233822,EFO_0005741,infectious disease,infectious disease,0.503039246654177
HIST1H2BN,ENSG00000233822,EFO_0000305,breast carcinoma,integumentary system disease; reproductive system or breast disease; cancer or benign tumor,0.373055753218011
HIST1H2BN,ENSG00000233822,MONDO_0004992,cancer,cancer or benign tumor,0.369949434539386
HIST1H2BN,ENSG00000233822,EFO_0005547,dengue disease,infectious disease,0.369579854684702
HIST1H2BN,ENSG00000233822,EFO_0000756,melanoma,cancer or benign tumor,0.369579854684702
HIST1H2BN,ENSG00000233822,MONDO_0008315,prostate cancer,reproductive system or breast disease; cancer or benign tumor,0.00886991651243284
HIST1H2BN,ENSG00000233822,EFO_0003144,heart failure,cardiovascular disease,0.00517411796558583
HIST1H2BN,ENSG00000233822,MONDO_0002050,depressive disorder,psychiatric disorder; nervous system disease,0.00517411796558583
HIST1H2BN,ENSG00000233822,MONDO_0005148,type 2 diabetes mellitus,endocrine system disease; nutritional or metabolic disease; phenotype,0.00443495825621642
HIST1H2BN,ENSG00000233822,MONDO_0018899,posterior cortical atrophy,"nervous system disease; genetic, familial or congenital disease; psychiatric disorder; phenotype",0.00425016832887407
HIST1H2BN,ENSG00000233822,MONDO_0004985,bipolar disorder,psychiatric disorder; nervous system disease,0.00295663883747761
HIST1H2BN,ENSG00000233822,EFO_0000182,hepatocellular carcinoma,gastrointestinal disease; endocrine system disease; cancer or benign tumor,0.00275362879460565
HIST1H2BN,ENSG00000233822,EFO_1001413,Respiratory Syncytial Virus Infection,infectious disease; respiratory or thoracic disease,0.00221747912810821
HIST1H2BN,ENSG00000233822,MONDO_0016642,meningioma,nervous system disease; cancer or benign tumor,0.00184789927342351
HIST1H2BN,ENSG00000233822,EFO_0003888,attention deficit hyperactivity disorder,psychiatric disorder; nervous system disease,0.00147831941873881
HIST1H2BN,ENSG00000233822,MONDO_0002025,psychiatric disorder,psychiatric disorder,0.00147831941873881
HIST1H2BN,ENSG00000233822,EFO_0000407,dilated cardiomyopathy,cardiovascular disease; musculoskeletal or connective tissue disease; phenotype,0.00147831941873881
HIST1H2BN,ENSG00000233822,EFO_1000637,acute respiratory distress syndrome,respiratory or thoracic disease,0.00147831941873881
HIST1H2BN,ENSG00000233822,EFO_0003756,autism spectrum disorder,psychiatric disorder; nervous system disease,0.00147831941873881
HIST1H2BN,ENSG00000233822,EFO_0000538,hypertrophic cardiomyopathy,cardiovascular disease; musculoskeletal or connective tissue disease,0.00147831941873881
HIST1H2BN,ENSG00000233822,MONDO_0005090,schizophrenia,psychiatric disorder; nervous system disease,0.00147831941873881
HIST1H2BN,ENSG00000233822,HP_0100806,Sepsis,phenotype,0.00147831941873881
HIST1H2BN,ENSG00000233822,MONDO_0002009,major depressive disorder,psychiatric disorder; nervous system disease,0.00147831941873881
HIST1H3B,ENSG00000286522,EFO_0000763,viral disease,infectious disease,0.508287023713649
HIST1H3B,ENSG00000286522,EFO_0005741,infectious disease,infectious disease,0.507422874375021
HIST1H3B,ENSG00000286522,EFO_0005543,glioma,nervous system disease; cancer or benign tumor,0.496596023032894
HIST1H3B,ENSG00000286522,EFO_0000305,breast carcinoma,integumentary system disease; reproductive system or breast disease; cancer or benign tumor,0.440456413526923
HIST1H3B,ENSG00000286522,EFO_0000756,melanoma,cancer or benign tumor,0.440392949981758
HIST1H3B,ENSG00000286522,EFO_0000403,diffuse large B-cell lymphoma,"hematologic disease; immune system disease; genetic, familial or congenital disease; cancer or benign tumor",0.403092554785973
HIST1H3B,ENSG00000286522,MONDO_0004992,cancer,cancer or benign tumor,0.380496555952117
HIST1H3B,ENSG00000286522,EFO_0005547,dengue disease,infectious disease,0.372883641932906
HIST1H3B,ENSG00000286522,EFO_0002499,anaplastic astrocytoma,cancer or benign tumor; nervous system disease,0.370503804321414
HIST1H3B,ENSG00000286522,EFO_0006318,breast ductal adenocarcinoma,integumentary system disease; reproductive system or breast disease; cancer or benign tumor,0.370503804321414
HIST1H3B,ENSG00000286522,MONDO_0005341,skin basal cell carcinoma,integumentary system disease; cancer or benign tumor,0.369949434539386
HIST1H3B,ENSG00000286522,EFO_1000141,Brain Stem Glioblastoma,nervous system disease; cancer or benign tumor,0.369579854684702
HIST1H3B,ENSG00000286522,MONDO_0005499,brain glioma,nervous system disease; cancer or benign tumor,0.369579854684702
HIST1H3B,ENSG00000286522,EFO_0008509,lobular breast carcinoma,integumentary system disease; reproductive system or breast disease; cancer or benign tumor,0.369579854684702
HIST1H3B,ENSG00000286522,EFO_0000708,squamous cell lung carcinoma,respiratory or thoracic disease; cancer or benign tumor,0.311833002390217
HIST1H3B,ENSG00000286522,EFO_0000182,hepatocellular carcinoma,gastrointestinal disease; endocrine system disease; cancer or benign tumor,0.298999710173666
HIST1H3B,ENSG00000286522,EFO_0000222,acute myeloid leukemia,hematologic disease; immune system disease; cancer or benign tumor; musculoskeletal or connective tissue disease,0.284146640649923
HIST1H3B,ENSG00000286522,EFO_0003060,non-small cell lung carcinoma,respiratory or thoracic disease; cancer or benign tumor,0.28272589767962
HIST1H3B,ENSG00000286522,EFO_1000796,adrenal cortex carcinoma,cardiovascular disease; endocrine system disease; urinary system disease; cancer or benign tumor,0.281736626237716
HIST1H3B,ENSG00000286522,EFO_0001071,lung carcinoma,respiratory or thoracic disease; cancer or benign tumor,0.28152548141267
HIST1H3B,ENSG00000286522,EFO_0000571,lung adenocarcinoma,respiratory or thoracic disease; cancer or benign tumor,0.281509338864414
HIST1H3B,ENSG00000286522,EFO_0006352,laryngeal squamous cell carcinoma,respiratory or thoracic disease; cancer or benign tumor,0.280829359025
HIST1H3B,ENSG00000286522,EFO_0000178,gastric carcinoma,gastrointestinal disease; cancer or benign tumor,0.280482877911234
HIST1H3B,ENSG00000286522,EFO_1001471,Merkel cell skin cancer,integumentary system disease; cancer or benign tumor,0.280418714742017
HIST1H3B,ENSG00000286522,EFO_0000181,head and neck squamous cell carcinoma,cancer or benign tumor,0.28041219703264
HIST1H3B,ENSG00000286522,EFO_0005922,esophageal squamous cell carcinoma,gastrointestinal disease; cancer or benign tumor,0.280394915801884
HIST1H3B,ENSG00000286522,EFO_0000272,astrocytoma,nervous system disease; cancer or benign tumor,0.279603742247115
HIST1H3B,ENSG00000286522,EFO_0001663,prostate carcinoma,cancer or benign tumor; reproductive system or breast disease,0.279587160068977
HIST1H3B,ENSG00000286522,EFO_0001642,lymphoid neoplasm,hematologic disease; cancer or benign tumor,0.279540962587141
HIST1H3B,ENSG00000286522,MONDO_0004986,urinary bladder carcinoma,urinary system disease; cancer or benign tumor,0.27944107022262
HIST1H3B,ENSG00000286522,EFO_0000503,gastric adenocarcinoma,gastrointestinal disease; cancer or benign tumor,0.279374138347179
HIST1H3B,ENSG00000286522,EFO_1001968,soft tissue sarcoma,cancer or benign tumor,0.279171382732457
HIST1H3B,ENSG00000286522,EFO_0000478,esophageal adenocarcinoma,gastrointestinal disease; cancer or benign tumor,0.27903279028695
HIST1H3B,ENSG00000286522,EFO_0008528,urothelial carcinoma,urinary system disease; cancer or benign tumor,0.27903279028695
HIST1H3B,ENSG00000286522,EFO_0000183,Hodgkins lymphoma,"hematologic disease; genetic, familial or congenital disease; infectious disease; cancer or benign tumor",0.27861701295043
HIST1H3B,ENSG00000286522,EFO_0006544,bladder transitional cell carcinoma,urinary system disease; cancer or benign tumor,0.278311596264961
HIST1H3B,ENSG00000286522,MONDO_0019472,extranodal nasal NK/T cell lymphoma,"hematologic disease; infectious disease; genetic, familial or congenital disease; cancer or benign tumor",0.278108840650238
HIST1H3B,ENSG00000286522,EFO_1000172,cervical squamous cell carcinoma,cancer or benign tumor; reproductive system or breast disease,0.277924050722896
HIST1H3B,ENSG00000286522,EFO_0000673,prostate adenocarcinoma,cancer or benign tumor; reproductive system or breast disease,0.277739260795553
HIST1H3B,ENSG00000286522,EFO_0005631,rectal adenocarcinoma,gastrointestinal disease; cancer or benign tumor,0.277739260795553
HIST1H3B,ENSG00000286522,EFO_0000365,colorectal adenocarcinoma,gastrointestinal disease; cancer or benign tumor,0.277554470868211
HIST1H3B,ENSG00000286522,EFO_0002917,ovarian serous adenocarcinoma,cancer or benign tumor; endocrine system disease; reproductive system or breast disease,0.277554470868211
HIST1H3B,ENSG00000286522,EFO_0008550,Hepatobiliary Neoplasm,gastrointestinal disease; cancer or benign tumor,0.277184891013526
HIST1H3B,ENSG00000286522,EFO_1000233,Endometrial Endometrioid Adenocarcinoma,reproductive system or breast disease; cancer or benign tumor,0.277184891013526
HIST1H3B,ENSG00000286522,EFO_0006545,brain glioblastoma,nervous system disease; cancer or benign tumor,0.277184891013526
HIST1H3B,ENSG00000286522,EFO_1000191,Colorectal Diffuse Large B-Cell Lymphoma,"hematologic disease; immune system disease; gastrointestinal disease; cancer or benign tumor; genetic, familial or congenital disease",0.277184891013526
HIST1H3B,ENSG00000286522,EFO_1001949,colon adenocarcinoma,gastrointestinal disease; cancer or benign tumor,0.277184891013526
HIST1H3B,ENSG00000286522,MONDO_0002529,skin squamous cell carcinoma,integumentary system disease; cancer or benign tumor,0.277184891013526
HIST1H3B,ENSG00000286522,EFO_1000143,Breast Carcinoma by Gene Expression Profile,integumentary system disease; reproductive system or breast disease; cancer or benign tumor,0.277184891013526
HIST1H3B,ENSG00000286522,MONDO_0003193,bile duct adenocarcinoma,gastrointestinal disease; cancer or benign tumor; endocrine system disease,0.277184891013526
HIST1H3D,ENSG00000286522,EFO_0000763,viral disease,infectious disease,0.508287023713649
HIST1H3D,ENSG00000286522,EFO_0005741,infectious disease,infectious disease,0.507422874375021
HIST1H3D,ENSG00000286522,EFO_0005543,glioma,nervous system disease; cancer or benign tumor,0.496596023032894
HIST1H3D,ENSG00000286522,EFO_0000305,breast carcinoma,integumentary system disease; reproductive system or breast disease; cancer or benign tumor,0.440456413526923
HIST1H3D,ENSG00000286522,EFO_0000756,melanoma,cancer or benign tumor,0.440392949981758
HIST1H3D,ENSG00000286522,EFO_0000403,diffuse large B-cell lymphoma,"hematologic disease; immune system disease; genetic, familial or congenital disease; cancer or benign tumor",0.403092554785973
HIST1H3D,ENSG00000286522,MONDO_0004992,cancer,cancer or benign tumor,0.380496555952117
HIST1H3D,ENSG00000286522,EFO_0005547,dengue disease,infectious disease,0.372883641932906
HIST1H3D,ENSG00000286522,EFO_0002499,anaplastic astrocytoma,cancer or benign tumor; nervous system disease,0.370503804321414
HIST1H3D,ENSG00000286522,EFO_0006318,breast ductal adenocarcinoma,integumentary system disease; reproductive system or breast disease; cancer or benign tumor,0.370503804321414
HIST1H3D,ENSG00000286522,MONDO_0005341,skin basal cell carcinoma,integumentary system disease; cancer or benign tumor,0.369949434539386
HIST1H3D,ENSG00000286522,EFO_1000141,Brain Stem Glioblastoma,nervous system disease; cancer or benign tumor,0.369579854684702
HIST1H3D,ENSG00000286522,MONDO_0005499,brain glioma,nervous system disease; cancer or benign tumor,0.369579854684702
HIST1H3D,ENSG00000286522,EFO_0008509,lobular breast carcinoma,integumentary system disease; reproductive system or breast disease; cancer or benign tumor,0.369579854684702
HIST1H3D,ENSG00000286522,EFO_0000708,squamous cell lung carcinoma,respiratory or thoracic disease; cancer or benign tumor,0.311833002390217
HIST1H3D,ENSG00000286522,EFO_0000182,hepatocellular carcinoma,gastrointestinal disease; endocrine system disease; cancer or benign tumor,0.298999710173666
HIST1H3D,ENSG00000286522,EFO_0000222,acute myeloid leukemia,hematologic disease; immune system disease; cancer or benign tumor; musculoskeletal or connective tissue disease,0.284146640649923
HIST1H3D,ENSG00000286522,EFO_0003060,non-small cell lung carcinoma,respiratory or thoracic disease; cancer or benign tumor,0.28272589767962
HIST1H3D,ENSG00000286522,EFO_1000796,adrenal cortex carcinoma,cardiovascular disease; endocrine system disease; urinary system disease; cancer or benign tumor,0.281736626237716
HIST1H3D,ENSG00000286522,EFO_0001071,lung carcinoma,respiratory or thoracic disease; cancer or benign tumor,0.28152548141267
HIST1H3D,ENSG00000286522,EFO_0000571,lung adenocarcinoma,respiratory or thoracic disease; cancer or benign tumor,0.281509338864414
HIST1H3D,ENSG00000286522,EFO_0006352,laryngeal squamous cell carcinoma,respiratory or thoracic disease; cancer or benign tumor,0.280829359025
HIST1H3D,ENSG00000286522,EFO_0000178,gastric carcinoma,gastrointestinal disease; cancer or benign tumor,0.280482877911234
HIST1H3D,ENSG00000286522,EFO_1001471,Merkel cell skin cancer,integumentary system disease; cancer or benign tumor,0.280418714742017
HIST1H3D,ENSG00000286522,EFO_0000181,head and neck squamous cell carcinoma,cancer or benign tumor,0.28041219703264
HIST1H3D,ENSG00000286522,EFO_0005922,esophageal squamous cell carcinoma,gastrointestinal disease; cancer or benign tumor,0.280394915801884
HIST1H3D,ENSG00000286522,EFO_0000272,astrocytoma,nervous system disease; cancer or benign tumor,0.279603742247115
HIST1H3D,ENSG00000286522,EFO_0001663,prostate carcinoma,cancer or benign tumor; reproductive system or breast disease,0.279587160068977
HIST1H3D,ENSG00000286522,EFO_0001642,lymphoid neoplasm,hematologic disease; cancer or benign tumor,0.279540962587141
HIST1H3D,ENSG00000286522,MONDO_0004986,urinary bladder carcinoma,urinary system disease; cancer or benign tumor,0.27944107022262
HIST1H3D,ENSG00000286522,EFO_0000503,gastric adenocarcinoma,gastrointestinal disease; cancer or benign tumor,0.279374138347179
HIST1H3D,ENSG00000286522,EFO_1001968,soft tissue sarcoma,cancer or benign tumor,0.279171382732457
HIST1H3D,ENSG00000286522,EFO_0000478,esophageal adenocarcinoma,gastrointestinal disease; cancer or benign tumor,0.27903279028695
HIST1H3D,ENSG00000286522,EFO_0008528,urothelial carcinoma,urinary system disease; cancer or benign tumor,0.27903279028695
HIST1H3D,ENSG00000286522,EFO_0000183,Hodgkins lymphoma,"hematologic disease; genetic, familial or congenital disease; infectious disease; cancer or benign tumor",0.27861701295043
HIST1H3D,ENSG00000286522,EFO_0006544,bladder transitional cell carcinoma,urinary system disease; cancer or benign tumor,0.278311596264961
HIST1H3D,ENSG00000286522,MONDO_0019472,extranodal nasal NK/T cell lymphoma,"hematologic disease; infectious disease; genetic, familial or congenital disease; cancer or benign tumor",0.278108840650238
HIST1H3D,ENSG00000286522,EFO_1000172,cervical squamous cell carcinoma,cancer or benign tumor; reproductive system or breast disease,0.277924050722896
HIST1H3D,ENSG00000286522,EFO_0000673,prostate adenocarcinoma,cancer or benign tumor; reproductive system or breast disease,0.277739260795553
HIST1H3D,ENSG00000286522,EFO_0005631,rectal adenocarcinoma,gastrointestinal disease; cancer or benign tumor,0.277739260795553
HIST1H3D,ENSG00000286522,EFO_0000365,colorectal adenocarcinoma,gastrointestinal disease; cancer or benign tumor,0.277554470868211
HIST1H3D,ENSG00000286522,EFO_0002917,ovarian serous adenocarcinoma,cancer or benign tumor; endocrine system disease; reproductive system or breast disease,0.277554470868211
HIST1H3D,ENSG00000286522,EFO_0008550,Hepatobiliary Neoplasm,gastrointestinal disease; cancer or benign tumor,0.277184891013526
HIST1H3D,ENSG00000286522,EFO_1000233,Endometrial Endometrioid Adenocarcinoma,reproductive system or breast disease; cancer or benign tumor,0.277184891013526
HIST1H3D,ENSG00000286522,EFO_0006545,brain glioblastoma,nervous system disease; cancer or benign tumor,0.277184891013526
HIST1H3D,ENSG00000286522,EFO_1000191,Colorectal Diffuse Large B-Cell Lymphoma,"hematologic disease; immune system disease; gastrointestinal disease; cancer or benign tumor; genetic, familial or congenital disease",0.277184891013526
HIST1H3D,ENSG00000286522,EFO_1001949,colon adenocarcinoma,gastrointestinal disease; cancer or benign tumor,0.277184891013526
HIST1H3D,ENSG00000286522,MONDO_0002529,skin squamous cell carcinoma,integumentary system disease; cancer or benign tumor,0.277184891013526
HIST1H3D,ENSG00000286522,EFO_1000143,Breast Carcinoma by Gene Expression Profile,integumentary system disease; reproductive system or breast disease; cancer or benign tumor,0.277184891013526
HIST1H3D,ENSG00000286522,MONDO_0003193,bile duct adenocarcinoma,gastrointestinal disease; cancer or benign tumor; endocrine system disease,0.277184891013526
HIST1H3H,ENSG00000286522,EFO_0000763,viral disease,infectious disease,0.508287023713649
HIST1H3H,ENSG00000286522,EFO_0005741,infectious disease,infectious disease,0.507422874375021
HIST1H3H,ENSG00000286522,EFO_0005543,glioma,nervous system disease; cancer or benign tumor,0.496596023032894
HIST1H3H,ENSG00000286522,EFO_0000305,breast carcinoma,integumentary system disease; reproductive system or breast disease; cancer or benign tumor,0.440456413526923
HIST1H3H,ENSG00000286522,EFO_0000756,melanoma,cancer or benign tumor,0.440392949981758
HIST1H3H,ENSG00000286522,EFO_0000403,diffuse large B-cell lymphoma,"hematologic disease; immune system disease; genetic, familial or congenital disease; cancer or benign tumor",0.403092554785973
HIST1H3H,ENSG00000286522,MONDO_0004992,cancer,cancer or benign tumor,0.380496555952117
HIST1H3H,ENSG00000286522,EFO_0005547,dengue disease,infectious disease,0.372883641932906
HIST1H3H,ENSG00000286522,EFO_0002499,anaplastic astrocytoma,cancer or benign tumor; nervous system disease,0.370503804321414
HIST1H3H,ENSG00000286522,EFO_0006318,breast ductal adenocarcinoma,integumentary system disease; reproductive system or breast disease; cancer or benign tumor,0.370503804321414
HIST1H3H,ENSG00000286522,MONDO_0005341,skin basal cell carcinoma,integumentary system disease; cancer or benign tumor,0.369949434539386
HIST1H3H,ENSG00000286522,EFO_1000141,Brain Stem Glioblastoma,nervous system disease; cancer or benign tumor,0.369579854684702
HIST1H3H,ENSG00000286522,MONDO_0005499,brain glioma,nervous system disease; cancer or benign tumor,0.369579854684702
HIST1H3H,ENSG00000286522,EFO_0008509,lobular breast carcinoma,integumentary system disease; reproductive system or breast disease; cancer or benign tumor,0.369579854684702
HIST1H3H,ENSG00000286522,EFO_0000708,squamous cell lung carcinoma,respiratory or thoracic disease; cancer or benign tumor,0.311833002390217
HIST1H3H,ENSG00000286522,EFO_0000182,hepatocellular carcinoma,gastrointestinal disease; endocrine system disease; cancer or benign tumor,0.298999710173666
HIST1H3H,ENSG00000286522,EFO_0000222,acute myeloid leukemia,hematologic disease; immune system disease; cancer or benign tumor; musculoskeletal or connective tissue disease,0.284146640649923
HIST1H3H,ENSG00000286522,EFO_0003060,non-small cell lung carcinoma,respiratory or thoracic disease; cancer or benign tumor,0.28272589767962
HIST1H3H,ENSG00000286522,EFO_1000796,adrenal cortex carcinoma,cardiovascular disease; endocrine system disease; urinary system disease; cancer or benign tumor,0.281736626237716
HIST1H3H,ENSG00000286522,EFO_0001071,lung carcinoma,respiratory or thoracic disease; cancer or benign tumor,0.28152548141267
HIST1H3H,ENSG00000286522,EFO_0000571,lung adenocarcinoma,respiratory or thoracic disease; cancer or benign tumor,0.281509338864414
HIST1H3H,ENSG00000286522,EFO_0006352,laryngeal squamous cell carcinoma,respiratory or thoracic disease; cancer or benign tumor,0.280829359025
HIST1H3H,ENSG00000286522,EFO_0000178,gastric carcinoma,gastrointestinal disease; cancer or benign tumor,0.280482877911234
HIST1H3H,ENSG00000286522,EFO_1001471,Merkel cell skin cancer,integumentary system disease; cancer or benign tumor,0.280418714742017
HIST1H3H,ENSG00000286522,EFO_0000181,head and neck squamous cell carcinoma,cancer or benign tumor,0.28041219703264
HIST1H3H,ENSG00000286522,EFO_0005922,esophageal squamous cell carcinoma,gastrointestinal disease; cancer or benign tumor,0.280394915801884
HIST1H3H,ENSG00000286522,EFO_0000272,astrocytoma,nervous system disease; cancer or benign tumor,0.279603742247115
HIST1H3H,ENSG00000286522,EFO_0001663,prostate carcinoma,cancer or benign tumor; reproductive system or breast disease,0.279587160068977
HIST1H3H,ENSG00000286522,EFO_0001642,lymphoid neoplasm,hematologic disease; cancer or benign tumor,0.279540962587141
HIST1H3H,ENSG00000286522,MONDO_0004986,urinary bladder carcinoma,urinary system disease; cancer or benign tumor,0.27944107022262
HIST1H3H,ENSG00000286522,EFO_0000503,gastric adenocarcinoma,gastrointestinal disease; cancer or benign tumor,0.279374138347179
HIST1H3H,ENSG00000286522,EFO_1001968,soft tissue sarcoma,cancer or benign tumor,0.279171382732457
HIST1H3H,ENSG00000286522,EFO_0000478,esophageal adenocarcinoma,gastrointestinal disease; cancer or benign tumor,0.27903279028695
HIST1H3H,ENSG00000286522,EFO_0008528,urothelial carcinoma,urinary system disease; cancer or benign tumor,0.27903279028695
HIST1H3H,ENSG00000286522,EFO_0000183,Hodgkins lymphoma,"hematologic disease; genetic, familial or congenital disease; infectious disease; cancer or benign tumor",0.27861701295043
HIST1H3H,ENSG00000286522,EFO_0006544,bladder transitional cell carcinoma,urinary system disease; cancer or benign tumor,0.278311596264961
HIST1H3H,ENSG00000286522,MONDO_0019472,extranodal nasal NK/T cell lymphoma,"hematologic disease; infectious disease; genetic, familial or congenital disease; cancer or benign tumor",0.278108840650238
HIST1H3H,ENSG00000286522,EFO_1000172,cervical squamous cell carcinoma,cancer or benign tumor; reproductive system or breast disease,0.277924050722896
HIST1H3H,ENSG00000286522,EFO_0000673,prostate adenocarcinoma,cancer or benign tumor; reproductive system or breast disease,0.277739260795553
HIST1H3H,ENSG00000286522,EFO_0005631,rectal adenocarcinoma,gastrointestinal disease; cancer or benign tumor,0.277739260795553
HIST1H3H,ENSG00000286522,EFO_0000365,colorectal adenocarcinoma,gastrointestinal disease; cancer or benign tumor,0.277554470868211
HIST1H3H,ENSG00000286522,EFO_0002917,ovarian serous adenocarcinoma,cancer or benign tumor; endocrine system disease; reproductive system or breast disease,0.277554470868211
HIST1H3H,ENSG00000286522,EFO_0008550,Hepatobiliary Neoplasm,gastrointestinal disease; cancer or benign tumor,0.277184891013526
HIST1H3H,ENSG00000286522,EFO_1000233,Endometrial Endometrioid Adenocarcinoma,reproductive system or breast disease; cancer or benign tumor,0.277184891013526
HIST1H3H,ENSG00000286522,EFO_0006545,brain glioblastoma,nervous system disease; cancer or benign tumor,0.277184891013526
HIST1H3H,ENSG00000286522,EFO_1000191,Colorectal Diffuse Large B-Cell Lymphoma,"hematologic disease; immune system disease; gastrointestinal disease; cancer or benign tumor; genetic, familial or congenital disease",0.277184891013526
HIST1H3H,ENSG00000286522,EFO_1001949,colon adenocarcinoma,gastrointestinal disease; cancer or benign tumor,0.277184891013526
HIST1H3H,ENSG00000286522,MONDO_0002529,skin squamous cell carcinoma,integumentary system disease; cancer or benign tumor,0.277184891013526
HIST1H3H,ENSG00000286522,EFO_1000143,Breast Carcinoma by Gene Expression Profile,integumentary system disease; reproductive system or breast disease; cancer or benign tumor,0.277184891013526
HIST1H3H,ENSG00000286522,MONDO_0003193,bile duct adenocarcinoma,gastrointestinal disease; cancer or benign tumor; endocrine system disease,0.277184891013526
HIST1H3I,ENSG00000286522,EFO_0000763,viral disease,infectious disease,0.508287023713649
HIST1H3I,ENSG00000286522,EFO_0005741,infectious disease,infectious disease,0.507422874375021
HIST1H3I,ENSG00000286522,EFO_0005543,glioma,nervous system disease; cancer or benign tumor,0.496596023032894
HIST1H3I,ENSG00000286522,EFO_0000305,breast carcinoma,integumentary system disease; reproductive system or breast disease; cancer or benign tumor,0.440456413526923
HIST1H3I,ENSG00000286522,EFO_0000756,melanoma,cancer or benign tumor,0.440392949981758
HIST1H3I,ENSG00000286522,EFO_0000403,diffuse large B-cell lymphoma,"hematologic disease; immune system disease; genetic, familial or congenital disease; cancer or benign tumor",0.403092554785973
HIST1H3I,ENSG00000286522,MONDO_0004992,cancer,cancer or benign tumor,0.380496555952117
HIST1H3I,ENSG00000286522,EFO_0005547,dengue disease,infectious disease,0.372883641932906
HIST1H3I,ENSG00000286522,EFO_0002499,anaplastic astrocytoma,cancer or benign tumor; nervous system disease,0.370503804321414
HIST1H3I,ENSG00000286522,EFO_0006318,breast ductal adenocarcinoma,integumentary system disease; reproductive system or breast disease; cancer or benign tumor,0.370503804321414
HIST1H3I,ENSG00000286522,MONDO_0005341,skin basal cell carcinoma,integumentary system disease; cancer or benign tumor,0.369949434539386
HIST1H3I,ENSG00000286522,EFO_1000141,Brain Stem Glioblastoma,nervous system disease; cancer or benign tumor,0.369579854684702
HIST1H3I,ENSG00000286522,MONDO_0005499,brain glioma,nervous system disease; cancer or benign tumor,0.369579854684702
HIST1H3I,ENSG00000286522,EFO_0008509,lobular breast carcinoma,integumentary system disease; reproductive system or breast disease; cancer or benign tumor,0.369579854684702
HIST1H3I,ENSG00000286522,EFO_0000708,squamous cell lung carcinoma,respiratory or thoracic disease; cancer or benign tumor,0.311833002390217
HIST1H3I,ENSG00000286522,EFO_0000182,hepatocellular carcinoma,gastrointestinal disease; endocrine system disease; cancer or benign tumor,0.298999710173666
HIST1H3I,ENSG00000286522,EFO_0000222,acute myeloid leukemia,hematologic disease; immune system disease; cancer or benign tumor; musculoskeletal or connective tissue disease,0.284146640649923
HIST1H3I,ENSG00000286522,EFO_0003060,non-small cell lung carcinoma,respiratory or thoracic disease; cancer or benign tumor,0.28272589767962
HIST1H3I,ENSG00000286522,EFO_1000796,adrenal cortex carcinoma,cardiovascular disease; endocrine system disease; urinary system disease; cancer or benign tumor,0.281736626237716
HIST1H3I,ENSG00000286522,EFO_0001071,lung carcinoma,respiratory or thoracic disease; cancer or benign tumor,0.28152548141267
HIST1H3I,ENSG00000286522,EFO_0000571,lung adenocarcinoma,respiratory or thoracic disease; cancer or benign tumor,0.281509338864414
HIST1H3I,ENSG00000286522,EFO_0006352,laryngeal squamous cell carcinoma,respiratory or thoracic disease; cancer or benign tumor,0.280829359025
HIST1H3I,ENSG00000286522,EFO_0000178,gastric carcinoma,gastrointestinal disease; cancer or benign tumor,0.280482877911234
HIST1H3I,ENSG00000286522,EFO_1001471,Merkel cell skin cancer,integumentary system disease; cancer or benign tumor,0.280418714742017
HIST1H3I,ENSG00000286522,EFO_0000181,head and neck squamous cell carcinoma,cancer or benign tumor,0.28041219703264
HIST1H3I,ENSG00000286522,EFO_0005922,esophageal squamous cell carcinoma,gastrointestinal disease; cancer or benign tumor,0.280394915801884
HIST1H3I,ENSG00000286522,EFO_0000272,astrocytoma,nervous system disease; cancer or benign tumor,0.279603742247115
HIST1H3I,ENSG00000286522,EFO_0001663,prostate carcinoma,cancer or benign tumor; reproductive system or breast disease,0.279587160068977
HIST1H3I,ENSG00000286522,EFO_0001642,lymphoid neoplasm,hematologic disease; cancer or benign tumor,0.279540962587141
HIST1H3I,ENSG00000286522,MONDO_0004986,urinary bladder carcinoma,urinary system disease; cancer or benign tumor,0.27944107022262
HIST1H3I,ENSG00000286522,EFO_0000503,gastric adenocarcinoma,gastrointestinal disease; cancer or benign tumor,0.279374138347179
HIST1H3I,ENSG00000286522,EFO_1001968,soft tissue sarcoma,cancer or benign tumor,0.279171382732457
HIST1H3I,ENSG00000286522,EFO_0000478,esophageal adenocarcinoma,gastrointestinal disease; cancer or benign tumor,0.27903279028695
HIST1H3I,ENSG00000286522,EFO_0008528,urothelial carcinoma,urinary system disease; cancer or benign tumor,0.27903279028695
HIST1H3I,ENSG00000286522,EFO_0000183,Hodgkins lymphoma,"hematologic disease; genetic, familial or congenital disease; infectious disease; cancer or benign tumor",0.27861701295043
HIST1H3I,ENSG00000286522,EFO_0006544,bladder transitional cell carcinoma,urinary system disease; cancer or benign tumor,0.278311596264961
HIST1H3I,ENSG00000286522,MONDO_0019472,extranodal nasal NK/T cell lymphoma,"hematologic disease; infectious disease; genetic, familial or congenital disease; cancer or benign tumor",0.278108840650238
HIST1H3I,ENSG00000286522,EFO_1000172,cervical squamous cell carcinoma,cancer or benign tumor; reproductive system or breast disease,0.277924050722896
HIST1H3I,ENSG00000286522,EFO_0000673,prostate adenocarcinoma,cancer or benign tumor; reproductive system or breast disease,0.277739260795553
HIST1H3I,ENSG00000286522,EFO_0005631,rectal adenocarcinoma,gastrointestinal disease; cancer or benign tumor,0.277739260795553
HIST1H3I,ENSG00000286522,EFO_0000365,colorectal adenocarcinoma,gastrointestinal disease; cancer or benign tumor,0.277554470868211
HIST1H3I,ENSG00000286522,EFO_0002917,ovarian serous adenocarcinoma,cancer or benign tumor; endocrine system disease; reproductive system or breast disease,0.277554470868211
HIST1H3I,ENSG00000286522,EFO_0008550,Hepatobiliary Neoplasm,gastrointestinal disease; cancer or benign tumor,0.277184891013526
HIST1H3I,ENSG00000286522,EFO_1000233,Endometrial Endometrioid Adenocarcinoma,reproductive system or breast disease; cancer or benign tumor,0.277184891013526
HIST1H3I,ENSG00000286522,EFO_0006545,brain glioblastoma,nervous system disease; cancer or benign tumor,0.277184891013526
HIST1H3I,ENSG00000286522,EFO_1000191,Colorectal Diffuse Large B-Cell Lymphoma,"hematologic disease; immune system disease; gastrointestinal disease; cancer or benign tumor; genetic, familial or congenital disease",0.277184891013526
HIST1H3I,ENSG00000286522,EFO_1001949,colon adenocarcinoma,gastrointestinal disease; cancer or benign tumor,0.277184891013526
HIST1H3I,ENSG00000286522,MONDO_0002529,skin squamous cell carcinoma,integumentary system disease; cancer or benign tumor,0.277184891013526
HIST1H3I,ENSG00000286522,EFO_1000143,Breast Carcinoma by Gene Expression Profile,integumentary system disease; reproductive system or breast disease; cancer or benign tumor,0.277184891013526
HIST1H3I,ENSG00000286522,MONDO_0003193,bile duct adenocarcinoma,gastrointestinal disease; cancer or benign tumor; endocrine system disease,0.277184891013526
HIST1H3J,ENSG00000286522,EFO_0000763,viral disease,infectious disease,0.508287023713649
HIST1H3J,ENSG00000286522,EFO_0005741,infectious disease,infectious disease,0.507422874375021
HIST1H3J,ENSG00000286522,EFO_0005543,glioma,nervous system disease; cancer or benign tumor,0.496596023032894
HIST1H3J,ENSG00000286522,EFO_0000305,breast carcinoma,integumentary system disease; reproductive system or breast disease; cancer or benign tumor,0.440456413526923
HIST1H3J,ENSG00000286522,EFO_0000756,melanoma,cancer or benign tumor,0.440392949981758
HIST1H3J,ENSG00000286522,EFO_0000403,diffuse large B-cell lymphoma,"hematologic disease; immune system disease; genetic, familial or congenital disease; cancer or benign tumor",0.403092554785973
HIST1H3J,ENSG00000286522,MONDO_0004992,cancer,cancer or benign tumor,0.380496555952117
HIST1H3J,ENSG00000286522,EFO_0005547,dengue disease,infectious disease,0.372883641932906
HIST1H3J,ENSG00000286522,EFO_0002499,anaplastic astrocytoma,cancer or benign tumor; nervous system disease,0.370503804321414
HIST1H3J,ENSG00000286522,EFO_0006318,breast ductal adenocarcinoma,integumentary system disease; reproductive system or breast disease; cancer or benign tumor,0.370503804321414
HIST1H3J,ENSG00000286522,MONDO_0005341,skin basal cell carcinoma,integumentary system disease; cancer or benign tumor,0.369949434539386
HIST1H3J,ENSG00000286522,EFO_1000141,Brain Stem Glioblastoma,nervous system disease; cancer or benign tumor,0.369579854684702
HIST1H3J,ENSG00000286522,MONDO_0005499,brain glioma,nervous system disease; cancer or benign tumor,0.369579854684702
HIST1H3J,ENSG00000286522,EFO_0008509,lobular breast carcinoma,integumentary system disease; reproductive system or breast disease; cancer or benign tumor,0.369579854684702
HIST1H3J,ENSG00000286522,EFO_0000708,squamous cell lung carcinoma,respiratory or thoracic disease; cancer or benign tumor,0.311833002390217
HIST1H3J,ENSG00000286522,EFO_0000182,hepatocellular carcinoma,gastrointestinal disease; endocrine system disease; cancer or benign tumor,0.298999710173666
HIST1H3J,ENSG00000286522,EFO_0000222,acute myeloid leukemia,hematologic disease; immune system disease; cancer or benign tumor; musculoskeletal or connective tissue disease,0.284146640649923
HIST1H3J,ENSG00000286522,EFO_0003060,non-small cell lung carcinoma,respiratory or thoracic disease; cancer or benign tumor,0.28272589767962
HIST1H3J,ENSG00000286522,EFO_1000796,adrenal cortex carcinoma,cardiovascular disease; endocrine system disease; urinary system disease; cancer or benign tumor,0.281736626237716
HIST1H3J,ENSG00000286522,EFO_0001071,lung carcinoma,respiratory or thoracic disease; cancer or benign tumor,0.28152548141267
HIST1H3J,ENSG00000286522,EFO_0000571,lung adenocarcinoma,respiratory or thoracic disease; cancer or benign tumor,0.281509338864414
HIST1H3J,ENSG00000286522,EFO_0006352,laryngeal squamous cell carcinoma,respiratory or thoracic disease; cancer or benign tumor,0.280829359025
HIST1H3J,ENSG00000286522,EFO_0000178,gastric carcinoma,gastrointestinal disease; cancer or benign tumor,0.280482877911234
HIST1H3J,ENSG00000286522,EFO_1001471,Merkel cell skin cancer,integumentary system disease; cancer or benign tumor,0.280418714742017
HIST1H3J,ENSG00000286522,EFO_0000181,head and neck squamous cell carcinoma,cancer or benign tumor,0.28041219703264
HIST1H3J,ENSG00000286522,EFO_0005922,esophageal squamous cell carcinoma,gastrointestinal disease; cancer or benign tumor,0.280394915801884
HIST1H3J,ENSG00000286522,EFO_0000272,astrocytoma,nervous system disease; cancer or benign tumor,0.279603742247115
HIST1H3J,ENSG00000286522,EFO_0001663,prostate carcinoma,cancer or benign tumor; reproductive system or breast disease,0.279587160068977
HIST1H3J,ENSG00000286522,EFO_0001642,lymphoid neoplasm,hematologic disease; cancer or benign tumor,0.279540962587141
HIST1H3J,ENSG00000286522,MONDO_0004986,urinary bladder carcinoma,urinary system disease; cancer or benign tumor,0.27944107022262
HIST1H3J,ENSG00000286522,EFO_0000503,gastric adenocarcinoma,gastrointestinal disease; cancer or benign tumor,0.279374138347179
HIST1H3J,ENSG00000286522,EFO_1001968,soft tissue sarcoma,cancer or benign tumor,0.279171382732457
HIST1H3J,ENSG00000286522,EFO_0000478,esophageal adenocarcinoma,gastrointestinal disease; cancer or benign tumor,0.27903279028695
HIST1H3J,ENSG00000286522,EFO_0008528,urothelial carcinoma,urinary system disease; cancer or benign tumor,0.27903279028695
HIST1H3J,ENSG00000286522,EFO_0000183,Hodgkins lymphoma,"hematologic disease; genetic, familial or congenital disease; infectious disease; cancer or benign tumor",0.27861701295043
HIST1H3J,ENSG00000286522,EFO_0006544,bladder transitional cell carcinoma,urinary system disease; cancer or benign tumor,0.278311596264961
HIST1H3J,ENSG00000286522,MONDO_0019472,extranodal nasal NK/T cell lymphoma,"hematologic disease; infectious disease; genetic, familial or congenital disease; cancer or benign tumor",0.278108840650238
HIST1H3J,ENSG00000286522,EFO_1000172,cervical squamous cell carcinoma,cancer or benign tumor; reproductive system or breast disease,0.277924050722896
HIST1H3J,ENSG00000286522,EFO_0000673,prostate adenocarcinoma,cancer or benign tumor; reproductive system or breast disease,0.277739260795553
HIST1H3J,ENSG00000286522,EFO_0005631,rectal adenocarcinoma,gastrointestinal disease; cancer or benign tumor,0.277739260795553
HIST1H3J,ENSG00000286522,EFO_0000365,colorectal adenocarcinoma,gastrointestinal disease; cancer or benign tumor,0.277554470868211
HIST1H3J,ENSG00000286522,EFO_0002917,ovarian serous adenocarcinoma,cancer or benign tumor; endocrine system disease; reproductive system or breast disease,0.277554470868211
HIST1H3J,ENSG00000286522,EFO_0008550,Hepatobiliary Neoplasm,gastrointestinal disease; cancer or benign tumor,0.277184891013526
HIST1H3J,ENSG00000286522,EFO_1000233,Endometrial Endometrioid Adenocarcinoma,reproductive system or breast disease; cancer or benign tumor,0.277184891013526
HIST1H3J,ENSG00000286522,EFO_0006545,brain glioblastoma,nervous system disease; cancer or benign tumor,0.277184891013526
HIST1H3J,ENSG00000286522,EFO_1000191,Colorectal Diffuse Large B-Cell Lymphoma,"hematologic disease; immune system disease; gastrointestinal disease; cancer or benign tumor; genetic, familial or congenital disease",0.277184891013526
HIST1H3J,ENSG00000286522,EFO_1001949,colon adenocarcinoma,gastrointestinal disease; cancer or benign tumor,0.277184891013526
HIST1H3J,ENSG00000286522,MONDO_0002529,skin squamous cell carcinoma,integumentary system disease; cancer or benign tumor,0.277184891013526
HIST1H3J,ENSG00000286522,EFO_1000143,Breast Carcinoma by Gene Expression Profile,integumentary system disease; reproductive system or breast disease; cancer or benign tumor,0.277184891013526
HIST1H3J,ENSG00000286522,MONDO_0003193,bile duct adenocarcinoma,gastrointestinal disease; cancer or benign tumor; endocrine system disease,0.277184891013526
HIST1H4A,ENSG00000276180,EFO_0005741,infectious disease,infectious disease,0.503963196290889
HIST1H4A,ENSG00000276180,EFO_0000763,viral disease,infectious disease,0.503408826508862
HIST1H4A,ENSG00000276180,MONDO_0030993,Tessadori-Van Haaften neurodevelopmental syndrome 3,"genetic, familial or congenital disease",0.461974818355877
HIST1H4A,ENSG00000276180,MONDO_0031000,Tessadori-Van Haaften neurodevelopmental syndrome 4,"genetic, familial or congenital disease",0.429379928394101
HIST1H4A,ENSG00000276180,EFO_0000305,breast carcinoma,integumentary system disease; reproductive system or breast disease; cancer or benign tumor,0.393287521920563
HIST1H4A,ENSG00000276180,MONDO_0004992,cancer,cancer or benign tumor,0.384237863227073
HIST1H4A,ENSG00000276180,EFO_0000756,melanoma,cancer or benign tumor,0.372087710651414
HIST1H4A,ENSG00000276180,EFO_0005547,dengue disease,infectious disease,0.369949434539386
HIST1H4A,ENSG00000276180,MONDO_0100038,complex neurodevelopmental disorder,nervous system disease,0.369579854684702
HIST1H4A,ENSG00000276180,EFO_0000095,chronic lymphocytic leukemia,"hematologic disease; immune system disease; genetic, familial or congenital disease; cancer or benign tumor",0.220721755977645
HIST1H4A,ENSG00000276180,EFO_0000182,hepatocellular carcinoma,gastrointestinal disease; endocrine system disease; cancer or benign tumor,0.188688159110389
HIST1H4A,ENSG00000276180,EFO_0000571,lung adenocarcinoma,respiratory or thoracic disease; cancer or benign tumor,0.187654171216157
HIST1H4A,ENSG00000276180,EFO_0000178,gastric carcinoma,gastrointestinal disease; cancer or benign tumor,0.187207595558413
HIST1H4A,ENSG00000276180,EFO_0000702,small cell lung carcinoma,"endocrine system disease; genetic, familial or congenital disease; respiratory or thoracic disease; cancer or benign tumor",0.186006461030688
HIST1H4A,ENSG00000276180,EFO_0000403,diffuse large B-cell lymphoma,"hematologic disease; immune system disease; genetic, familial or congenital disease; cancer or benign tumor",0.185847336371032
HIST1H4A,ENSG00000276180,EFO_0000503,gastric adenocarcinoma,gastrointestinal disease; cancer or benign tumor,0.185344297124378
HIST1H4A,ENSG00000276180,MONDO_0005184,pancreatic ductal adenocarcinoma,gastrointestinal disease; cancer or benign tumor; endocrine system disease,0.185159507197036
HIST1H4A,ENSG00000276180,EFO_0000183,Hodgkins lymphoma,"hematologic disease; genetic, familial or congenital disease; infectious disease; cancer or benign tumor",0.184789927342351
HIST1H4A,ENSG00000276180,EFO_0001642,lymphoid neoplasm,hematologic disease; cancer or benign tumor,0.184789927342351
HIST1H4A,ENSG00000276180,MONDO_0002529,skin squamous cell carcinoma,integumentary system disease; cancer or benign tumor,0.184789927342351
HIST1H4A,ENSG00000276180,EFO_0003865,kidney neoplasm,urinary system disease; cancer or benign tumor,0.184789927342351
HIST1H4A,ENSG00000276180,EFO_1000233,Endometrial Endometrioid Adenocarcinoma,reproductive system or breast disease; cancer or benign tumor,0.184789927342351
HIST1H4A,ENSG00000276180,EFO_0006545,brain glioblastoma,nervous system disease; cancer or benign tumor,0.184789927342351
HIST1H4A,ENSG00000276180,EFO_0006318,breast ductal adenocarcinoma,integumentary system disease; reproductive system or breast disease; cancer or benign tumor,0.184789927342351
HIST1H4A,ENSG00000276180,EFO_1001949,colon adenocarcinoma,gastrointestinal disease; cancer or benign tumor,0.184789927342351
HIST1H4A,ENSG00000276180,EFO_0000365,colorectal adenocarcinoma,gastrointestinal disease; cancer or benign tumor,0.184789927342351
HIST1H4A,ENSG00000276180,MONDO_0004986,urinary bladder carcinoma,urinary system disease; cancer or benign tumor,0.184789927342351
HIST1H4A,ENSG00000276180,EFO_0005631,rectal adenocarcinoma,gastrointestinal disease; cancer or benign tumor,0.184789927342351
HIST1H4A,ENSG00000276180,EFO_0000708,squamous cell lung carcinoma,respiratory or thoracic disease; cancer or benign tumor,0.184789927342351
HIST1H4A,ENSG00000276180,EFO_1000249,Extramammary Paget Disease,cancer or benign tumor,0.184789927342351
HIST1H4A,ENSG00000276180,MONDO_0004379,female breast carcinoma,integumentary system disease; reproductive system or breast disease; cancer or benign tumor,0.184789927342351
HIST1H4A,ENSG00000276180,MONDO_0018531,carcinoma of liver and intrahepatic biliary tract,gastrointestinal disease; endocrine system disease; cancer or benign tumor,0.184789927342351
HIST1H4A,ENSG00000276180,EFO_0000389,cutaneous melanoma,integumentary system disease; cancer or benign tumor,0.184789927342351
HIST1H4A,ENSG00000276180,EFO_0000222,acute myeloid leukemia,hematologic disease; immune system disease; cancer or benign tumor; musculoskeletal or connective tissue disease,0.0949010455917318
HIST1H4A,ENSG00000276180,EFO_0000637,osteosarcoma,musculoskeletal or connective tissue disease; cancer or benign tumor,0.0948976865843507
HIST1H4A,ENSG00000276180,EFO_0001071,lung carcinoma,respiratory or thoracic disease; cancer or benign tumor,0.0936422956807363
HIST1H4A,ENSG00000276180,EFO_0000504,gastric intestinal type adenocarcinoma,gastrointestinal disease; cancer or benign tumor,0.0923949636711754
HIST1H4A,ENSG00000276180,EFO_0000478,esophageal adenocarcinoma,gastrointestinal disease; cancer or benign tumor,0.0923949636711754
HIST1H4A,ENSG00000276180,MONDO_0000640,central nervous system primitive neuroectodermal neoplasm,nervous system disease; cancer or benign tumor,0.0923949636711754
HIST1H4A,ENSG00000276180,EFO_1000270,Gastric Diffuse Large B-Cell Lymphoma,"gastrointestinal disease; hematologic disease; immune system disease; cancer or benign tumor; genetic, familial or congenital disease",0.0923949636711754
HIST1H4A,ENSG00000276180,EFO_1000058,nasopharyngeal squamous cell carcinoma,respiratory or thoracic disease; gastrointestinal disease; cancer or benign tumor,0.0923949636711754
HIST1H4A,ENSG00000276180,EFO_1000157,Central Nervous System Lymphoma,"immune system disease; nervous system disease; infectious disease; hematologic disease; cancer or benign tumor; genetic, familial or congenital disease",0.0923949636711754
HIST1H4A,ENSG00000276180,MONDO_0019471,adult T-cell leukemia/lymphoma,"infectious disease; hematologic disease; immune system disease; cancer or benign tumor; genetic, familial or congenital disease",0.0923949636711754
HIST1H4A,ENSG00000276180,EFO_1000172,cervical squamous cell carcinoma,cancer or benign tumor; reproductive system or breast disease,0.0923949636711754
HIST1H4A,ENSG00000276180,EFO_0000181,head and neck squamous cell carcinoma,cancer or benign tumor,0.0923949636711754
HIST1H4A,ENSG00000276180,EFO_0008509,lobular breast carcinoma,integumentary system disease; reproductive system or breast disease; cancer or benign tumor,0.0923949636711754
HIST1H4A,ENSG00000276180,MONDO_0005341,skin basal cell carcinoma,integumentary system disease; cancer or benign tumor,0.0923949636711754
HIST1H4A,ENSG00000276180,EFO_1000294,HER2 Positive Breast Carcinoma,integumentary system disease; reproductive system or breast disease; cancer or benign tumor,0.0923949636711754
HIST1H4A,ENSG00000276180,EFO_1000079,Ampulla of Vater Carcinoma,gastrointestinal disease; endocrine system disease; cancer or benign tumor,0.0923949636711754
HIST1H4A,ENSG00000276180,MONDO_0044925,oral cavity carcinoma,gastrointestinal disease; cancer or benign tumor,0.0923949636711754
HIST1H4B,ENSG00000276180,EFO_0005741,infectious disease,infectious disease,0.503963196290889
HIST1H4B,ENSG00000276180,EFO_0000763,viral disease,infectious disease,0.503408826508862
HIST1H4B,ENSG00000276180,MONDO_0030993,Tessadori-Van Haaften neurodevelopmental syndrome 3,"genetic, familial or congenital disease",0.461974818355877
HIST1H4B,ENSG00000276180,MONDO_0031000,Tessadori-Van Haaften neurodevelopmental syndrome 4,"genetic, familial or congenital disease",0.429379928394101
HIST1H4B,ENSG00000276180,EFO_0000305,breast carcinoma,integumentary system disease; reproductive system or breast disease; cancer or benign tumor,0.393287521920563
HIST1H4B,ENSG00000276180,MONDO_0004992,cancer,cancer or benign tumor,0.384237863227073
HIST1H4B,ENSG00000276180,EFO_0000756,melanoma,cancer or benign tumor,0.372087710651414
HIST1H4B,ENSG00000276180,EFO_0005547,dengue disease,infectious disease,0.369949434539386
HIST1H4B,ENSG00000276180,MONDO_0100038,complex neurodevelopmental disorder,nervous system disease,0.369579854684702
HIST1H4B,ENSG00000276180,EFO_0000095,chronic lymphocytic leukemia,"hematologic disease; immune system disease; genetic, familial or congenital disease; cancer or benign tumor",0.220721755977645
HIST1H4B,ENSG00000276180,EFO_0000182,hepatocellular carcinoma,gastrointestinal disease; endocrine system disease; cancer or benign tumor,0.188688159110389
HIST1H4B,ENSG00000276180,EFO_0000571,lung adenocarcinoma,respiratory or thoracic disease; cancer or benign tumor,0.187654171216157
HIST1H4B,ENSG00000276180,EFO_0000178,gastric carcinoma,gastrointestinal disease; cancer or benign tumor,0.187207595558413
HIST1H4B,ENSG00000276180,EFO_0000702,small cell lung carcinoma,"endocrine system disease; genetic, familial or congenital disease; respiratory or thoracic disease; cancer or benign tumor",0.186006461030688
HIST1H4B,ENSG00000276180,EFO_0000403,diffuse large B-cell lymphoma,"hematologic disease; immune system disease; genetic, familial or congenital disease; cancer or benign tumor",0.185847336371032
HIST1H4B,ENSG00000276180,EFO_0000503,gastric adenocarcinoma,gastrointestinal disease; cancer or benign tumor,0.185344297124378
HIST1H4B,ENSG00000276180,MONDO_0005184,pancreatic ductal adenocarcinoma,gastrointestinal disease; cancer or benign tumor; endocrine system disease,0.185159507197036
HIST1H4B,ENSG00000276180,EFO_0000183,Hodgkins lymphoma,"hematologic disease; genetic, familial or congenital disease; infectious disease; cancer or benign tumor",0.184789927342351
HIST1H4B,ENSG00000276180,EFO_0001642,lymphoid neoplasm,hematologic disease; cancer or benign tumor,0.184789927342351
HIST1H4B,ENSG00000276180,MONDO_0002529,skin squamous cell carcinoma,integumentary system disease; cancer or benign tumor,0.184789927342351
HIST1H4B,ENSG00000276180,EFO_0003865,kidney neoplasm,urinary system disease; cancer or benign tumor,0.184789927342351
HIST1H4B,ENSG00000276180,EFO_1000233,Endometrial Endometrioid Adenocarcinoma,reproductive system or breast disease; cancer or benign tumor,0.184789927342351
HIST1H4B,ENSG00000276180,EFO_0006545,brain glioblastoma,nervous system disease; cancer or benign tumor,0.184789927342351
HIST1H4B,ENSG00000276180,EFO_0006318,breast ductal adenocarcinoma,integumentary system disease; reproductive system or breast disease; cancer or benign tumor,0.184789927342351
HIST1H4B,ENSG00000276180,EFO_1001949,colon adenocarcinoma,gastrointestinal disease; cancer or benign tumor,0.184789927342351
HIST1H4B,ENSG00000276180,EFO_0000365,colorectal adenocarcinoma,gastrointestinal disease; cancer or benign tumor,0.184789927342351
HIST1H4B,ENSG00000276180,MONDO_0004986,urinary bladder carcinoma,urinary system disease; cancer or benign tumor,0.184789927342351
HIST1H4B,ENSG00000276180,EFO_0005631,rectal adenocarcinoma,gastrointestinal disease; cancer or benign tumor,0.184789927342351
HIST1H4B,ENSG00000276180,EFO_0000708,squamous cell lung carcinoma,respiratory or thoracic disease; cancer or benign tumor,0.184789927342351
HIST1H4B,ENSG00000276180,EFO_1000249,Extramammary Paget Disease,cancer or benign tumor,0.184789927342351
HIST1H4B,ENSG00000276180,MONDO_0004379,female breast carcinoma,integumentary system disease; reproductive system or breast disease; cancer or benign tumor,0.184789927342351
HIST1H4B,ENSG00000276180,MONDO_0018531,carcinoma of liver and intrahepatic biliary tract,gastrointestinal disease; endocrine system disease; cancer or benign tumor,0.184789927342351
HIST1H4B,ENSG00000276180,EFO_0000389,cutaneous melanoma,integumentary system disease; cancer or benign tumor,0.184789927342351
HIST1H4B,ENSG00000276180,EFO_0000222,acute myeloid leukemia,hematologic disease; immune system disease; cancer or benign tumor; musculoskeletal or connective tissue disease,0.0949010455917318
HIST1H4B,ENSG00000276180,EFO_0000637,osteosarcoma,musculoskeletal or connective tissue disease; cancer or benign tumor,0.0948976865843507
HIST1H4B,ENSG00000276180,EFO_0001071,lung carcinoma,respiratory or thoracic disease; cancer or benign tumor,0.0936422956807363
HIST1H4B,ENSG00000276180,EFO_0000504,gastric intestinal type adenocarcinoma,gastrointestinal disease; cancer or benign tumor,0.0923949636711754
HIST1H4B,ENSG00000276180,EFO_0000478,esophageal adenocarcinoma,gastrointestinal disease; cancer or benign tumor,0.0923949636711754
HIST1H4B,ENSG00000276180,MONDO_0000640,central nervous system primitive neuroectodermal neoplasm,nervous system disease; cancer or benign tumor,0.0923949636711754
HIST1H4B,ENSG00000276180,EFO_1000270,Gastric Diffuse Large B-Cell Lymphoma,"gastrointestinal disease; hematologic disease; immune system disease; cancer or benign tumor; genetic, familial or congenital disease",0.0923949636711754
HIST1H4B,ENSG00000276180,EFO_1000058,nasopharyngeal squamous cell carcinoma,respiratory or thoracic disease; gastrointestinal disease; cancer or benign tumor,0.0923949636711754
HIST1H4B,ENSG00000276180,EFO_1000157,Central Nervous System Lymphoma,"immune system disease; nervous system disease; infectious disease; hematologic disease; cancer or benign tumor; genetic, familial or congenital disease",0.0923949636711754
HIST1H4B,ENSG00000276180,MONDO_0019471,adult T-cell leukemia/lymphoma,"infectious disease; hematologic disease; immune system disease; cancer or benign tumor; genetic, familial or congenital disease",0.0923949636711754
HIST1H4B,ENSG00000276180,EFO_1000172,cervical squamous cell carcinoma,cancer or benign tumor; reproductive system or breast disease,0.0923949636711754
HIST1H4B,ENSG00000276180,EFO_0000181,head and neck squamous cell carcinoma,cancer or benign tumor,0.0923949636711754
HIST1H4B,ENSG00000276180,EFO_0008509,lobular breast carcinoma,integumentary system disease; reproductive system or breast disease; cancer or benign tumor,0.0923949636711754
HIST1H4B,ENSG00000276180,MONDO_0005341,skin basal cell carcinoma,integumentary system disease; cancer or benign tumor,0.0923949636711754
HIST1H4B,ENSG00000276180,EFO_1000294,HER2 Positive Breast Carcinoma,integumentary system disease; reproductive system or breast disease; cancer or benign tumor,0.0923949636711754
HIST1H4B,ENSG00000276180,EFO_1000079,Ampulla of Vater Carcinoma,gastrointestinal disease; endocrine system disease; cancer or benign tumor,0.0923949636711754
HIST1H4B,ENSG00000276180,MONDO_0044925,oral cavity carcinoma,gastrointestinal disease; cancer or benign tumor,0.0923949636711754
HIST1H4F,ENSG00000276180,EFO_0005741,infectious disease,infectious disease,0.503963196290889
HIST1H4F,ENSG00000276180,EFO_0000763,viral disease,infectious disease,0.503408826508862
HIST1H4F,ENSG00000276180,MONDO_0030993,Tessadori-Van Haaften neurodevelopmental syndrome 3,"genetic, familial or congenital disease",0.461974818355877
HIST1H4F,ENSG00000276180,MONDO_0031000,Tessadori-Van Haaften neurodevelopmental syndrome 4,"genetic, familial or congenital disease",0.429379928394101
HIST1H4F,ENSG00000276180,EFO_0000305,breast carcinoma,integumentary system disease; reproductive system or breast disease; cancer or benign tumor,0.393287521920563
HIST1H4F,ENSG00000276180,MONDO_0004992,cancer,cancer or benign tumor,0.384237863227073
HIST1H4F,ENSG00000276180,EFO_0000756,melanoma,cancer or benign tumor,0.372087710651414
HIST1H4F,ENSG00000276180,EFO_0005547,dengue disease,infectious disease,0.369949434539386
HIST1H4F,ENSG00000276180,MONDO_0100038,complex neurodevelopmental disorder,nervous system disease,0.369579854684702
HIST1H4F,ENSG00000276180,EFO_0000095,chronic lymphocytic leukemia,"hematologic disease; immune system disease; genetic, familial or congenital disease; cancer or benign tumor",0.220721755977645
HIST1H4F,ENSG00000276180,EFO_0000182,hepatocellular carcinoma,gastrointestinal disease; endocrine system disease; cancer or benign tumor,0.188688159110389
HIST1H4F,ENSG00000276180,EFO_0000571,lung adenocarcinoma,respiratory or thoracic disease; cancer or benign tumor,0.187654171216157
HIST1H4F,ENSG00000276180,EFO_0000178,gastric carcinoma,gastrointestinal disease; cancer or benign tumor,0.187207595558413
HIST1H4F,ENSG00000276180,EFO_0000702,small cell lung carcinoma,"endocrine system disease; genetic, familial or congenital disease; respiratory or thoracic disease; cancer or benign tumor",0.186006461030688
HIST1H4F,ENSG00000276180,EFO_0000403,diffuse large B-cell lymphoma,"hematologic disease; immune system disease; genetic, familial or congenital disease; cancer or benign tumor",0.185847336371032
HIST1H4F,ENSG00000276180,EFO_0000503,gastric adenocarcinoma,gastrointestinal disease; cancer or benign tumor,0.185344297124378
HIST1H4F,ENSG00000276180,MONDO_0005184,pancreatic ductal adenocarcinoma,gastrointestinal disease; cancer or benign tumor; endocrine system disease,0.185159507197036
HIST1H4F,ENSG00000276180,EFO_0000183,Hodgkins lymphoma,"hematologic disease; genetic, familial or congenital disease; infectious disease; cancer or benign tumor",0.184789927342351
HIST1H4F,ENSG00000276180,EFO_0001642,lymphoid neoplasm,hematologic disease; cancer or benign tumor,0.184789927342351
HIST1H4F,ENSG00000276180,MONDO_0002529,skin squamous cell carcinoma,integumentary system disease; cancer or benign tumor,0.184789927342351
HIST1H4F,ENSG00000276180,EFO_0003865,kidney neoplasm,urinary system disease; cancer or benign tumor,0.184789927342351
HIST1H4F,ENSG00000276180,EFO_1000233,Endometrial Endometrioid Adenocarcinoma,reproductive system or breast disease; cancer or benign tumor,0.184789927342351
HIST1H4F,ENSG00000276180,EFO_0006545,brain glioblastoma,nervous system disease; cancer or benign tumor,0.184789927342351
HIST1H4F,ENSG00000276180,EFO_0006318,breast ductal adenocarcinoma,integumentary system disease; reproductive system or breast disease; cancer or benign tumor,0.184789927342351
HIST1H4F,ENSG00000276180,EFO_1001949,colon adenocarcinoma,gastrointestinal disease; cancer or benign tumor,0.184789927342351
HIST1H4F,ENSG00000276180,EFO_0000365,colorectal adenocarcinoma,gastrointestinal disease; cancer or benign tumor,0.184789927342351
HIST1H4F,ENSG00000276180,MONDO_0004986,urinary bladder carcinoma,urinary system disease; cancer or benign tumor,0.184789927342351
HIST1H4F,ENSG00000276180,EFO_0005631,rectal adenocarcinoma,gastrointestinal disease; cancer or benign tumor,0.184789927342351
HIST1H4F,ENSG00000276180,EFO_0000708,squamous cell lung carcinoma,respiratory or thoracic disease; cancer or benign tumor,0.184789927342351
HIST1H4F,ENSG00000276180,EFO_1000249,Extramammary Paget Disease,cancer or benign tumor,0.184789927342351
HIST1H4F,ENSG00000276180,MONDO_0004379,female breast carcinoma,integumentary system disease; reproductive system or breast disease; cancer or benign tumor,0.184789927342351
HIST1H4F,ENSG00000276180,MONDO_0018531,carcinoma of liver and intrahepatic biliary tract,gastrointestinal disease; endocrine system disease; cancer or benign tumor,0.184789927342351
HIST1H4F,ENSG00000276180,EFO_0000389,cutaneous melanoma,integumentary system disease; cancer or benign tumor,0.184789927342351
HIST1H4F,ENSG00000276180,EFO_0000222,acute myeloid leukemia,hematologic disease; immune system disease; cancer or benign tumor; musculoskeletal or connective tissue disease,0.0949010455917318
HIST1H4F,ENSG00000276180,EFO_0000637,osteosarcoma,musculoskeletal or connective tissue disease; cancer or benign tumor,0.0948976865843507
HIST1H4F,ENSG00000276180,EFO_0001071,lung carcinoma,respiratory or thoracic disease; cancer or benign tumor,0.0936422956807363
HIST1H4F,ENSG00000276180,EFO_0000504,gastric intestinal type adenocarcinoma,gastrointestinal disease; cancer or benign tumor,0.0923949636711754
HIST1H4F,ENSG00000276180,EFO_0000478,esophageal adenocarcinoma,gastrointestinal disease; cancer or benign tumor,0.0923949636711754
HIST1H4F,ENSG00000276180,MONDO_0000640,central nervous system primitive neuroectodermal neoplasm,nervous system disease; cancer or benign tumor,0.0923949636711754
HIST1H4F,ENSG00000276180,EFO_1000270,Gastric Diffuse Large B-Cell Lymphoma,"gastrointestinal disease; hematologic disease; immune system disease; cancer or benign tumor; genetic, familial or congenital disease",0.0923949636711754
HIST1H4F,ENSG00000276180,EFO_1000058,nasopharyngeal squamous cell carcinoma,respiratory or thoracic disease; gastrointestinal disease; cancer or benign tumor,0.0923949636711754
HIST1H4F,ENSG00000276180,EFO_1000157,Central Nervous System Lymphoma,"immune system disease; nervous system disease; infectious disease; hematologic disease; cancer or benign tumor; genetic, familial or congenital disease",0.0923949636711754
HIST1H4F,ENSG00000276180,MONDO_0019471,adult T-cell leukemia/lymphoma,"infectious disease; hematologic disease; immune system disease; cancer or benign tumor; genetic, familial or congenital disease",0.0923949636711754
HIST1H4F,ENSG00000276180,EFO_1000172,cervical squamous cell carcinoma,cancer or benign tumor; reproductive system or breast disease,0.0923949636711754
HIST1H4F,ENSG00000276180,EFO_0000181,head and neck squamous cell carcinoma,cancer or benign tumor,0.0923949636711754
HIST1H4F,ENSG00000276180,EFO_0008509,lobular breast carcinoma,integumentary system disease; reproductive system or breast disease; cancer or benign tumor,0.0923949636711754
HIST1H4F,ENSG00000276180,MONDO_0005341,skin basal cell carcinoma,integumentary system disease; cancer or benign tumor,0.0923949636711754
HIST1H4F,ENSG00000276180,EFO_1000294,HER2 Positive Breast Carcinoma,integumentary system disease; reproductive system or breast disease; cancer or benign tumor,0.0923949636711754
HIST1H4F,ENSG00000276180,EFO_1000079,Ampulla of Vater Carcinoma,gastrointestinal disease; endocrine system disease; cancer or benign tumor,0.0923949636711754
HIST1H4F,ENSG00000276180,MONDO_0044925,oral cavity carcinoma,gastrointestinal disease; cancer or benign tumor,0.0923949636711754
HIST1H4H,ENSG00000276180,EFO_0005741,infectious disease,infectious disease,0.503963196290889
HIST1H4H,ENSG00000276180,EFO_0000763,viral disease,infectious disease,0.503408826508862
HIST1H4H,ENSG00000276180,MONDO_0030993,Tessadori-Van Haaften neurodevelopmental syndrome 3,"genetic, familial or congenital disease",0.461974818355877
HIST1H4H,ENSG00000276180,MONDO_0031000,Tessadori-Van Haaften neurodevelopmental syndrome 4,"genetic, familial or congenital disease",0.429379928394101
HIST1H4H,ENSG00000276180,EFO_0000305,breast carcinoma,integumentary system disease; reproductive system or breast disease; cancer or benign tumor,0.393287521920563
HIST1H4H,ENSG00000276180,MONDO_0004992,cancer,cancer or benign tumor,0.384237863227073
HIST1H4H,ENSG00000276180,EFO_0000756,melanoma,cancer or benign tumor,0.372087710651414
HIST1H4H,ENSG00000276180,EFO_0005547,dengue disease,infectious disease,0.369949434539386
HIST1H4H,ENSG00000276180,MONDO_0100038,complex neurodevelopmental disorder,nervous system disease,0.369579854684702
HIST1H4H,ENSG00000276180,EFO_0000095,chronic lymphocytic leukemia,"hematologic disease; immune system disease; genetic, familial or congenital disease; cancer or benign tumor",0.220721755977645
HIST1H4H,ENSG00000276180,EFO_0000182,hepatocellular carcinoma,gastrointestinal disease; endocrine system disease; cancer or benign tumor,0.188688159110389
HIST1H4H,ENSG00000276180,EFO_0000571,lung adenocarcinoma,respiratory or thoracic disease; cancer or benign tumor,0.187654171216157
HIST1H4H,ENSG00000276180,EFO_0000178,gastric carcinoma,gastrointestinal disease; cancer or benign tumor,0.187207595558413
HIST1H4H,ENSG00000276180,EFO_0000702,small cell lung carcinoma,"endocrine system disease; genetic, familial or congenital disease; respiratory or thoracic disease; cancer or benign tumor",0.186006461030688
HIST1H4H,ENSG00000276180,EFO_0000403,diffuse large B-cell lymphoma,"hematologic disease; immune system disease; genetic, familial or congenital disease; cancer or benign tumor",0.185847336371032
HIST1H4H,ENSG00000276180,EFO_0000503,gastric adenocarcinoma,gastrointestinal disease; cancer or benign tumor,0.185344297124378
HIST1H4H,ENSG00000276180,MONDO_0005184,pancreatic ductal adenocarcinoma,gastrointestinal disease; cancer or benign tumor; endocrine system disease,0.185159507197036
HIST1H4H,ENSG00000276180,EFO_0000183,Hodgkins lymphoma,"hematologic disease; genetic, familial or congenital disease; infectious disease; cancer or benign tumor",0.184789927342351
HIST1H4H,ENSG00000276180,EFO_0001642,lymphoid neoplasm,hematologic disease; cancer or benign tumor,0.184789927342351
HIST1H4H,ENSG00000276180,MONDO_0002529,skin squamous cell carcinoma,integumentary system disease; cancer or benign tumor,0.184789927342351
HIST1H4H,ENSG00000276180,EFO_0003865,kidney neoplasm,urinary system disease; cancer or benign tumor,0.184789927342351
HIST1H4H,ENSG00000276180,EFO_1000233,Endometrial Endometrioid Adenocarcinoma,reproductive system or breast disease; cancer or benign tumor,0.184789927342351
HIST1H4H,ENSG00000276180,EFO_0006545,brain glioblastoma,nervous system disease; cancer or benign tumor,0.184789927342351
HIST1H4H,ENSG00000276180,EFO_0006318,breast ductal adenocarcinoma,integumentary system disease; reproductive system or breast disease; cancer or benign tumor,0.184789927342351
HIST1H4H,ENSG00000276180,EFO_1001949,colon adenocarcinoma,gastrointestinal disease; cancer or benign tumor,0.184789927342351
HIST1H4H,ENSG00000276180,EFO_0000365,colorectal adenocarcinoma,gastrointestinal disease; cancer or benign tumor,0.184789927342351
HIST1H4H,ENSG00000276180,MONDO_0004986,urinary bladder carcinoma,urinary system disease; cancer or benign tumor,0.184789927342351
HIST1H4H,ENSG00000276180,EFO_0005631,rectal adenocarcinoma,gastrointestinal disease; cancer or benign tumor,0.184789927342351
HIST1H4H,ENSG00000276180,EFO_0000708,squamous cell lung carcinoma,respiratory or thoracic disease; cancer or benign tumor,0.184789927342351
HIST1H4H,ENSG00000276180,EFO_1000249,Extramammary Paget Disease,cancer or benign tumor,0.184789927342351
HIST1H4H,ENSG00000276180,MONDO_0004379,female breast carcinoma,integumentary system disease; reproductive system or breast disease; cancer or benign tumor,0.184789927342351
HIST1H4H,ENSG00000276180,MONDO_0018531,carcinoma of liver and intrahepatic biliary tract,gastrointestinal disease; endocrine system disease; cancer or benign tumor,0.184789927342351
HIST1H4H,ENSG00000276180,EFO_0000389,cutaneous melanoma,integumentary system disease; cancer or benign tumor,0.184789927342351
HIST1H4H,ENSG00000276180,EFO_0000222,acute myeloid leukemia,hematologic disease; immune system disease; cancer or benign tumor; musculoskeletal or connective tissue disease,0.0949010455917318
HIST1H4H,ENSG00000276180,EFO_0000637,osteosarcoma,musculoskeletal or connective tissue disease; cancer or benign tumor,0.0948976865843507
HIST1H4H,ENSG00000276180,EFO_0001071,lung carcinoma,respiratory or thoracic disease; cancer or benign tumor,0.0936422956807363
HIST1H4H,ENSG00000276180,EFO_0000504,gastric intestinal type adenocarcinoma,gastrointestinal disease; cancer or benign tumor,0.0923949636711754
HIST1H4H,ENSG00000276180,EFO_0000478,esophageal adenocarcinoma,gastrointestinal disease; cancer or benign tumor,0.0923949636711754
HIST1H4H,ENSG00000276180,MONDO_0000640,central nervous system primitive neuroectodermal neoplasm,nervous system disease; cancer or benign tumor,0.0923949636711754
HIST1H4H,ENSG00000276180,EFO_1000270,Gastric Diffuse Large B-Cell Lymphoma,"gastrointestinal disease; hematologic disease; immune system disease; cancer or benign tumor; genetic, familial or congenital disease",0.0923949636711754
HIST1H4H,ENSG00000276180,EFO_1000058,nasopharyngeal squamous cell carcinoma,respiratory or thoracic disease; gastrointestinal disease; cancer or benign tumor,0.0923949636711754
HIST1H4H,ENSG00000276180,EFO_1000157,Central Nervous System Lymphoma,"immune system disease; nervous system disease; infectious disease; hematologic disease; cancer or benign tumor; genetic, familial or congenital disease",0.0923949636711754
HIST1H4H,ENSG00000276180,MONDO_0019471,adult T-cell leukemia/lymphoma,"infectious disease; hematologic disease; immune system disease; cancer or benign tumor; genetic, familial or congenital disease",0.0923949636711754
HIST1H4H,ENSG00000276180,EFO_1000172,cervical squamous cell carcinoma,cancer or benign tumor; reproductive system or breast disease,0.0923949636711754
HIST1H4H,ENSG00000276180,EFO_0000181,head and neck squamous cell carcinoma,cancer or benign tumor,0.0923949636711754
HIST1H4H,ENSG00000276180,EFO_0008509,lobular breast carcinoma,integumentary system disease; reproductive system or breast disease; cancer or benign tumor,0.0923949636711754
HIST1H4H,ENSG00000276180,MONDO_0005341,skin basal cell carcinoma,integumentary system disease; cancer or benign tumor,0.0923949636711754
HIST1H4H,ENSG00000276180,EFO_1000294,HER2 Positive Breast Carcinoma,integumentary system disease; reproductive system or breast disease; cancer or benign tumor,0.0923949636711754
HIST1H4H,ENSG00000276180,EFO_1000079,Ampulla of Vater Carcinoma,gastrointestinal disease; endocrine system disease; cancer or benign tumor,0.0923949636711754
HIST1H4H,ENSG00000276180,MONDO_0044925,oral cavity carcinoma,gastrointestinal disease; cancer or benign tumor,0.0923949636711754
HIST1H4I,ENSG00000276180,EFO_0005741,infectious disease,infectious disease,0.503963196290889
HIST1H4I,ENSG00000276180,EFO_0000763,viral disease,infectious disease,0.503408826508862
HIST1H4I,ENSG00000276180,MONDO_0030993,Tessadori-Van Haaften neurodevelopmental syndrome 3,"genetic, familial or congenital disease",0.461974818355877
HIST1H4I,ENSG00000276180,MONDO_0031000,Tessadori-Van Haaften neurodevelopmental syndrome 4,"genetic, familial or congenital disease",0.429379928394101
HIST1H4I,ENSG00000276180,EFO_0000305,breast carcinoma,integumentary system disease; reproductive system or breast disease; cancer or benign tumor,0.393287521920563
HIST1H4I,ENSG00000276180,MONDO_0004992,cancer,cancer or benign tumor,0.384237863227073
HIST1H4I,ENSG00000276180,EFO_0000756,melanoma,cancer or benign tumor,0.372087710651414
HIST1H4I,ENSG00000276180,EFO_0005547,dengue disease,infectious disease,0.369949434539386
HIST1H4I,ENSG00000276180,MONDO_0100038,complex neurodevelopmental disorder,nervous system disease,0.369579854684702
HIST1H4I,ENSG00000276180,EFO_0000095,chronic lymphocytic leukemia,"hematologic disease; immune system disease; genetic, familial or congenital disease; cancer or benign tumor",0.220721755977645
HIST1H4I,ENSG00000276180,EFO_0000182,hepatocellular carcinoma,gastrointestinal disease; endocrine system disease; cancer or benign tumor,0.188688159110389
HIST1H4I,ENSG00000276180,EFO_0000571,lung adenocarcinoma,respiratory or thoracic disease; cancer or benign tumor,0.187654171216157
HIST1H4I,ENSG00000276180,EFO_0000178,gastric carcinoma,gastrointestinal disease; cancer or benign tumor,0.187207595558413
HIST1H4I,ENSG00000276180,EFO_0000702,small cell lung carcinoma,"endocrine system disease; genetic, familial or congenital disease; respiratory or thoracic disease; cancer or benign tumor",0.186006461030688
HIST1H4I,ENSG00000276180,EFO_0000403,diffuse large B-cell lymphoma,"hematologic disease; immune system disease; genetic, familial or congenital disease; cancer or benign tumor",0.185847336371032
HIST1H4I,ENSG00000276180,EFO_0000503,gastric adenocarcinoma,gastrointestinal disease; cancer or benign tumor,0.185344297124378
HIST1H4I,ENSG00000276180,MONDO_0005184,pancreatic ductal adenocarcinoma,gastrointestinal disease; cancer or benign tumor; endocrine system disease,0.185159507197036
HIST1H4I,ENSG00000276180,EFO_0000183,Hodgkins lymphoma,"hematologic disease; genetic, familial or congenital disease; infectious disease; cancer or benign tumor",0.184789927342351
HIST1H4I,ENSG00000276180,EFO_0001642,lymphoid neoplasm,hematologic disease; cancer or benign tumor,0.184789927342351
HIST1H4I,ENSG00000276180,MONDO_0002529,skin squamous cell carcinoma,integumentary system disease; cancer or benign tumor,0.184789927342351
HIST1H4I,ENSG00000276180,EFO_0003865,kidney neoplasm,urinary system disease; cancer or benign tumor,0.184789927342351
HIST1H4I,ENSG00000276180,EFO_1000233,Endometrial Endometrioid Adenocarcinoma,reproductive system or breast disease; cancer or benign tumor,0.184789927342351
HIST1H4I,ENSG00000276180,EFO_0006545,brain glioblastoma,nervous system disease; cancer or benign tumor,0.184789927342351
HIST1H4I,ENSG00000276180,EFO_0006318,breast ductal adenocarcinoma,integumentary system disease; reproductive system or breast disease; cancer or benign tumor,0.184789927342351
HIST1H4I,ENSG00000276180,EFO_1001949,colon adenocarcinoma,gastrointestinal disease; cancer or benign tumor,0.184789927342351
HIST1H4I,ENSG00000276180,EFO_0000365,colorectal adenocarcinoma,gastrointestinal disease; cancer or benign tumor,0.184789927342351
HIST1H4I,ENSG00000276180,MONDO_0004986,urinary bladder carcinoma,urinary system disease; cancer or benign tumor,0.184789927342351
HIST1H4I,ENSG00000276180,EFO_0005631,rectal adenocarcinoma,gastrointestinal disease; cancer or benign tumor,0.184789927342351
HIST1H4I,ENSG00000276180,EFO_0000708,squamous cell lung carcinoma,respiratory or thoracic disease; cancer or benign tumor,0.184789927342351
HIST1H4I,ENSG00000276180,EFO_1000249,Extramammary Paget Disease,cancer or benign tumor,0.184789927342351
HIST1H4I,ENSG00000276180,MONDO_0004379,female breast carcinoma,integumentary system disease; reproductive system or breast disease; cancer or benign tumor,0.184789927342351
HIST1H4I,ENSG00000276180,MONDO_0018531,carcinoma of liver and intrahepatic biliary tract,gastrointestinal disease; endocrine system disease; cancer or benign tumor,0.184789927342351
HIST1H4I,ENSG00000276180,EFO_0000389,cutaneous melanoma,integumentary system disease; cancer or benign tumor,0.184789927342351
HIST1H4I,ENSG00000276180,EFO_0000222,acute myeloid leukemia,hematologic disease; immune system disease; cancer or benign tumor; musculoskeletal or connective tissue disease,0.0949010455917318
HIST1H4I,ENSG00000276180,EFO_0000637,osteosarcoma,musculoskeletal or connective tissue disease; cancer or benign tumor,0.0948976865843507
HIST1H4I,ENSG00000276180,EFO_0001071,lung carcinoma,respiratory or thoracic disease; cancer or benign tumor,0.0936422956807363
HIST1H4I,ENSG00000276180,EFO_0000504,gastric intestinal type adenocarcinoma,gastrointestinal disease; cancer or benign tumor,0.0923949636711754
HIST1H4I,ENSG00000276180,EFO_0000478,esophageal adenocarcinoma,gastrointestinal disease; cancer or benign tumor,0.0923949636711754
HIST1H4I,ENSG00000276180,MONDO_0000640,central nervous system primitive neuroectodermal neoplasm,nervous system disease; cancer or benign tumor,0.0923949636711754
HIST1H4I,ENSG00000276180,EFO_1000270,Gastric Diffuse Large B-Cell Lymphoma,"gastrointestinal disease; hematologic disease; immune system disease; cancer or benign tumor; genetic, familial or congenital disease",0.0923949636711754
HIST1H4I,ENSG00000276180,EFO_1000058,nasopharyngeal squamous cell carcinoma,respiratory or thoracic disease; gastrointestinal disease; cancer or benign tumor,0.0923949636711754
HIST1H4I,ENSG00000276180,EFO_1000157,Central Nervous System Lymphoma,"immune system disease; nervous system disease; infectious disease; hematologic disease; cancer or benign tumor; genetic, familial or congenital disease",0.0923949636711754
HIST1H4I,ENSG00000276180,MONDO_0019471,adult T-cell leukemia/lymphoma,"infectious disease; hematologic disease; immune system disease; cancer or benign tumor; genetic, familial or congenital disease",0.0923949636711754
HIST1H4I,ENSG00000276180,EFO_1000172,cervical squamous cell carcinoma,cancer or benign tumor; reproductive system or breast disease,0.0923949636711754
HIST1H4I,ENSG00000276180,EFO_0000181,head and neck squamous cell carcinoma,cancer or benign tumor,0.0923949636711754
HIST1H4I,ENSG00000276180,EFO_0008509,lobular breast carcinoma,integumentary system disease; reproductive system or breast disease; cancer or benign tumor,0.0923949636711754
HIST1H4I,ENSG00000276180,MONDO_0005341,skin basal cell carcinoma,integumentary system disease; cancer or benign tumor,0.0923949636711754
HIST1H4I,ENSG00000276180,EFO_1000294,HER2 Positive Breast Carcinoma,integumentary system disease; reproductive system or breast disease; cancer or benign tumor,0.0923949636711754
HIST1H4I,ENSG00000276180,EFO_1000079,Ampulla of Vater Carcinoma,gastrointestinal disease; endocrine system disease; cancer or benign tumor,0.0923949636711754
HIST1H4I,ENSG00000276180,MONDO_0044925,oral cavity carcinoma,gastrointestinal disease; cancer or benign tumor,0.0923949636711754
HLA-DOA,ENSG00000204252,EFO_0005772,neurodegenerative disease,nervous system disease,0.428295215008888
HLA-DOA,ENSG00000204252,MONDO_0030448,immunodeficiency 86,"immune system disease; genetic, familial or congenital disease",0.0416590412200596
HLA-DOA,ENSG00000204252,MONDO_0007814,"immune deficiency, familial variable","immune system disease; hematologic disease; genetic, familial or congenital disease",0.0398998411117604
HLA-DOA,ENSG00000204252,MONDO_0011735,hyper-IgM syndrome type 3,"immune system disease; hematologic disease; genetic, familial or congenital disease",0.0385767452319892
HLA-DOA,ENSG00000204252,MONDO_0011528,hyper-IgM syndrome type 2,"genetic, familial or congenital disease; immune system disease; hematologic disease",0.0342452693350845
HLA-DOA,ENSG00000204252,MONDO_0971016,MHC class II deficiency 5,"immune system disease; genetic, familial or congenital disease; phenotype",0.033772207121088
HLA-DOA,ENSG00000204252,MONDO_0011971,hyper-IgM syndrome type 5,"immune system disease; hematologic disease; genetic, familial or congenital disease",0.0327743415134394
HLA-DOA,ENSG00000204252,MONDO_0054691,"immunodeficiency, common variable, 14","immune system disease; hematologic disease; genetic, familial or congenital disease",0.0319834406244141
HLA-DOA,ENSG00000204252,EFO_0000183,Hodgkins lymphoma,"hematologic disease; genetic, familial or congenital disease; infectious disease; cancer or benign tumor",0.0316803851435726
HLA-DOA,ENSG00000204252,MONDO_0009348,classic Hodgkin lymphoma,"hematologic disease; genetic, familial or congenital disease; infectious disease; cancer or benign tumor",0.0316803851435726
HLA-DOA,ENSG00000204252,MONDO_0013862,"immunodeficiency, common variable, 7","immune system disease; hematologic disease; genetic, familial or congenital disease",0.0312147145266699
HLA-DOA,ENSG00000204252,HP_0006554,Acute hepatic failure,phenotype,0.0288494034566878
HLA-DOA,ENSG00000204252,EFO_0000616,neoplasm,cancer or benign tumor,0.0151924899286246
HLA-DOA,ENSG00000204252,MONDO_0004979,asthma,phenotype; respiratory or thoracic disease,0.0133048747686493
HLA-DOA,ENSG00000204252,EFO_0002609,juvenile idiopathic arthritis,immune system disease; musculoskeletal or connective tissue disease; phenotype,0.0120951404458493
HLA-DOA,ENSG00000204252,EFO_0000272,astrocytoma,nervous system disease; cancer or benign tumor,0.0103902017177647
HLA-DOA,ENSG00000204252,MONDO_0004992,cancer,cancer or benign tumor,0.0102179236480807
HLA-DOA,ENSG00000204252,EFO_0003047,hepatitis C virus infection,infectious disease; gastrointestinal disease; endocrine system disease,0.0097938661491446
HLA-DOA,ENSG00000204252,EFO_1001999,systemic juvenile idiopathic arthritis,immune system disease; musculoskeletal or connective tissue disease; phenotype,0.0094694447536087
HLA-DOA,ENSG00000204252,MONDO_0007254,breast cancer,integumentary system disease; reproductive system or breast disease; cancer or benign tumor,0.00872619101338879
HLA-DOA,ENSG00000204252,EFO_0000182,hepatocellular carcinoma,gastrointestinal disease; endocrine system disease; cancer or benign tumor,0.00746345984321606
HLA-DOA,ENSG00000204252,EFO_0004193,basal cell carcinoma,cancer or benign tumor; integumentary system disease,0.00739159709369404
HLA-DOA,ENSG00000204252,EFO_0003898,ankylosing spondylitis,immune system disease; musculoskeletal or connective tissue disease; phenotype,0.00739159709369404
HLA-DOA,ENSG00000204252,EFO_0000673,prostate adenocarcinoma,cancer or benign tumor; reproductive system or breast disease,0.00739159709369404
HLA-DOA,ENSG00000204252,EFO_0000637,osteosarcoma,musculoskeletal or connective tissue disease; cancer or benign tumor,0.00725651349469487
HLA-DOA,ENSG00000204252,EFO_0000676,psoriasis,"immune system disease; integumentary system disease; genetic, familial or congenital disease",0.00662163906310091
HLA-DOA,ENSG00000204252,EFO_0000384,Crohn's disease,"immune system disease; gastrointestinal disease; genetic, familial or congenital disease",0.00645116311325849
HLA-DOA,ENSG00000204252,EFO_0005676,Autoimmune Hepatitis,endocrine system disease; immune system disease; gastrointestinal disease,0.00591327767495523
HLA-DOA,ENSG00000204252,EFO_1000869,chronic interstitial cystitis,urinary system disease,0.00590524361236112
HLA-DOA,ENSG00000204252,EFO_0004249,meningococcal infection,infectious disease,0.0055415906512892
HLA-DOA,ENSG00000204252,EFO_0000349,clear cell renal carcinoma,urinary system disease; cancer or benign tumor,0.0053335232239142
HLA-DOA,ENSG00000204252,EFO_1000796,adrenal cortex carcinoma,cardiovascular disease; endocrine system disease; urinary system disease; cancer or benign tumor,0.00525368310037063
HLA-DOA,ENSG00000204252,EFO_1000760,rosacea,integumentary system disease,0.00519712751524713
HLA-DOA,ENSG00000204252,EFO_0005140,autoimmune disease,immune system disease,0.0050176624937693
HLA-DOA,ENSG00000204252,HP_0100806,Sepsis,phenotype,0.00493216335431756
HLA-DOA,ENSG00000204252,EFO_0000220,acute lymphoblastic leukemia,"hematologic disease; genetic, familial or congenital disease; cancer or benign tumor",0.00478400589675197
HLA-DOA,ENSG00000204252,EFO_0000685,rheumatoid arthritis,immune system disease; musculoskeletal or connective tissue disease; phenotype,0.00475074370983035
HLA-DOA,ENSG00000204252,EFO_0004197,hepatitis B virus infection,infectious disease; gastrointestinal disease; endocrine system disease,0.00446117640500492
HLA-DOA,ENSG00000204252,MONDO_0005147,type 1 diabetes mellitus,endocrine system disease; gastrointestinal disease; immune system disease; nutritional or metabolic disease; phenotype,0.00445239806749984
HLA-DOA,ENSG00000204252,MONDO_0007142,Townes-Brocks syndrome,"genetic, familial or congenital disease",0.00443495825621642
HLA-DOA,ENSG00000204252,EFO_0006790,cerebral amyloid angiopathy,"psychiatric disorder; nervous system disease; genetic, familial or congenital disease; nutritional or metabolic disease; cardiovascular disease",0.00443495825621642
HLA-DOA,ENSG00000204252,MONDO_0002884,nail disorder,integumentary system disease,0.00443495825621642
HLA-DOA,ENSG00000204252,EFO_0004212,Keloid,integumentary system disease,0.00443495825621642
HLA-DOA,ENSG00000204252,EFO_0000313,carcinoma,cancer or benign tumor,0.00425016832887407
HLA-DOA,ENSG00000204252,EFO_0000222,acute myeloid leukemia,hematologic disease; immune system disease; cancer or benign tumor; musculoskeletal or connective tissue disease,0.00425016832887407
HLA-DOA,ENSG00000204252,HP_0002960,Autoimmunity,phenotype,0.00425016832887407
HLA-DOA,ENSG00000204252,EFO_0000544,infection,biological_process,0.00422963611472492
HLA-DOA,ENSG00000204252,EFO_0000400,diabetes mellitus,endocrine system disease; nutritional or metabolic disease; phenotype,0.00408077756214358
HLA-DOA,ENSG00000204252,EFO_0000339,chronic myelogenous leukemia,"musculoskeletal or connective tissue disease; genetic, familial or congenital disease; hematologic disease; immune system disease; cancer or benign tumor",0.00405026677410239
HLA-DOA,ENSG00000204252,MONDO_0001056,gastric cancer,gastrointestinal disease; cancer or benign tumor,0.00369579854684702
HLA-G,ENSG00000204632,MONDO_0100096,COVID-19,infectious disease,0.489012384555063
HLA-G,ENSG00000204632,EFO_0000616,neoplasm,cancer or benign tumor,0.11948654794287
HLA-G,ENSG00000204632,MONDO_0004992,cancer,cancer or benign tumor,0.112853107776617
HLA-G,ENSG00000204632,MONDO_0100320,post-COVID-19 disorder,infectious disease,0.110873956405411
HLA-G,ENSG00000204632,EFO_1001951,colorectal carcinoma,gastrointestinal disease; cancer or benign tumor,0.109692396562
HLA-G,ENSG00000204632,MONDO_0007254,breast cancer,integumentary system disease; reproductive system or breast disease; cancer or benign tumor,0.108101306014282
HLA-G,ENSG00000204632,EFO_0000681,renal cell carcinoma,urinary system disease; cancer or benign tumor,0.10626329559376
HLA-G,ENSG00000204632,MONDO_0001056,gastric cancer,gastrointestinal disease; cancer or benign tumor,0.104591926006501
HLA-G,ENSG00000204632,EFO_0000182,hepatocellular carcinoma,gastrointestinal disease; endocrine system disease; cancer or benign tumor,0.103969925181328
HLA-G,ENSG00000204632,EFO_0003060,non-small cell lung carcinoma,respiratory or thoracic disease; cancer or benign tumor,0.100561764583619
HLA-G,ENSG00000204632,EFO_0000756,melanoma,cancer or benign tumor,0.0957089887215624
HLA-G,ENSG00000204632,EFO_0000641,papillary thyroid carcinoma,endocrine system disease; cancer or benign tumor,0.0920076814284838
HLA-G,ENSG00000204632,EFO_0000685,rheumatoid arthritis,immune system disease; musculoskeletal or connective tissue disease; phenotype,0.0892494423381473
HLA-G,ENSG00000204632,EFO_0000181,head and neck squamous cell carcinoma,cancer or benign tumor,0.087367611066053
HLA-G,ENSG00000204632,EFO_0000199,oral squamous cell carcinoma,gastrointestinal disease; cancer or benign tumor,0.0872957790224504
HLA-G,ENSG00000204632,EFO_0005543,glioma,nervous system disease; cancer or benign tumor,0.0871473395629022
HLA-G,ENSG00000204632,MONDO_0009685,Miyoshi myopathy,"nervous system disease; genetic, familial or congenital disease; musculoskeletal or connective tissue disease; phenotype",0.086968787122798
HLA-G,ENSG00000204632,EFO_0000222,acute myeloid leukemia,hematologic disease; immune system disease; cancer or benign tumor; musculoskeletal or connective tissue disease,0.0861810844959745
HLA-G,ENSG00000204632,EFO_0000180,HIV-1 infection,infectious disease; reproductive system or breast disease,0.0845842935116849
HLA-G,ENSG00000204632,EFO_0005140,autoimmune disease,immune system disease,0.0845316194416191
HLA-G,ENSG00000204632,EFO_0004593,gestational diabetes,pregnancy or perinatal disease; endocrine system disease; nutritional or metabolic disease; phenotype,0.0825935012403464
HLA-G,ENSG00000204632,MONDO_0015459,nasopharyngeal carcinoma,infectious disease; gastrointestinal disease; respiratory or thoracic disease; cancer or benign tumor,0.0801411528484981
HLA-G,ENSG00000204632,MONDO_0004975,Alzheimer disease,psychiatric disorder; nervous system disease; phenotype,0.0799746734001951
HLA-G,ENSG00000204632,EFO_0000540,immune system disease,immune system disease,0.0785300540312005
HLA-G,ENSG00000204632,EFO_0000729,ulcerative colitis,"gastrointestinal disease; immune system disease; genetic, familial or congenital disease",0.0783752520010668
HLA-G,ENSG00000204632,EFO_0005809,type II hypersensitivity reaction disease,immune system disease,0.0772499731400717
HLA-G,ENSG00000204632,EFO_0004265,peripheral arterial disease,cardiovascular disease,0.0771249090166247
HLA-G,ENSG00000204632,MONDO_0005147,type 1 diabetes mellitus,endocrine system disease; gastrointestinal disease; immune system disease; nutritional or metabolic disease; phenotype,0.0758868118050144
HLA-G,ENSG00000204632,EFO_0000668,preeclampsia,"genetic, familial or congenital disease; pregnancy or perinatal disease; cardiovascular disease; phenotype",0.0749437687150412
HLA-G,ENSG00000204632,EFO_1001486,primary biliary cirrhosis,"gastrointestinal disease; genetic, familial or congenital disease; endocrine system disease; cancer or benign tumor",0.0724376515182016
HLA-G,ENSG00000204632,MONDO_0016462,isolated agammaglobulinemia,"immune system disease; hematologic disease; genetic, familial or congenital disease",0.072085743740235
HLA-G,ENSG00000204632,MONDO_0002974,cervical cancer,reproductive system or breast disease; cancer or benign tumor,0.0718640256603364
HLA-G,ENSG00000204632,EFO_0004719,pemphigus vulgaris,immune system disease; integumentary system disease,0.0712771382325617
HLA-G,ENSG00000204632,EFO_1001897,Morvan syndrome,nervous system disease,0.0693495346893223
HLA-G,ENSG00000204632,MONDO_0013860,idiopathic membranous glomerulonephritis,urinary system disease; phenotype,0.0693495346893223
HLA-G,ENSG00000204632,MONDO_0007361,C1 inhibitor deficiency,"immune system disease; genetic, familial or congenital disease",0.0689695984696258
HLA-G,ENSG00000204632,EFO_0007160,autoimmune thrombocytopenic purpura,immune system disease; hematologic disease; phenotype,0.0687418529713546
HLA-G,ENSG00000204632,EFO_0000095,chronic lymphocytic leukemia,"hematologic disease; immune system disease; genetic, familial or congenital disease; cancer or benign tumor",0.0681938493273933
HLA-G,ENSG00000204632,Orphanet_1334,Chronic mucocutaneous candidosis,"immune system disease; genetic, familial or congenital disease",0.0672466067952712
HLA-G,ENSG00000204632,MONDO_0007915,systemic lupus erythematosus,immune system disease; urinary system disease; musculoskeletal or connective tissue disease; phenotype,0.0668787523106015
HLA-G,ENSG00000204632,EFO_0003779,Hashimoto's thyroiditis,immune system disease; endocrine system disease,0.0662021154205607
HLA-G,ENSG00000204632,MONDO_0009306,combined immunodeficiency with skin granulomas,"integumentary system disease; genetic, familial or congenital disease; immune system disease; phenotype",0.0654766149552152
HLA-G,ENSG00000204632,MONDO_0014278,immunodeficiency 18,"immune system disease; genetic, familial or congenital disease; phenotype",0.0647651737349471
HLA-G,ENSG00000204632,Orphanet_169095,Alymphoid cystic thymic dysgenesis,immune system disease,0.0645509714108361
HLA-G,ENSG00000204632,MONDO_0013743,autosomal systemic lupus erythematosus type 16,"immune system disease; urinary system disease; musculoskeletal or connective tissue disease; genetic, familial or congenital disease; phenotype",0.063818110314328
HLA-G,ENSG00000204632,Orphanet_300345,Autosomal recessive systemic lupus erythematosus,"genetic, familial or congenital disease",0.063818110314328
HLA-G,ENSG00000204632,MONDO_0015517,common variable immunodeficiency,"immune system disease; hematologic disease; genetic, familial or congenital disease",0.0624368206504335
HLA-G,ENSG00000204632,MONDO_0014313,autosomal recessive primary immunodeficiency with defective spontaneous natural killer cell cytotoxicity,"immune system disease; genetic, familial or congenital disease",0.0621928979463416
HLA-G,ENSG00000204632,MONDO_0010518,Wiskott-Aldrich syndrome,"genetic, familial or congenital disease; immune system disease; hematologic disease; cancer or benign tumor; phenotype",0.0620709365942957
HLA-G,ENSG00000204632,MONDO_0957535,immunodeficiency 112,"immune system disease; genetic, familial or congenital disease",0.0602489079107001
HMGN4,ENSG00000182952,EFO_0005537,triple-negative breast cancer,integumentary system disease; reproductive system or breast disease; cancer or benign tumor,0.0262401696826138
HMGN4,ENSG00000182952,EFO_0000182,hepatocellular carcinoma,gastrointestinal disease; endocrine system disease; cancer or benign tumor,0.0210753690293924
HMGN4,ENSG00000182952,MONDO_0001056,gastric cancer,gastrointestinal disease; cancer or benign tumor,0.0120113452772528
HMGN4,ENSG00000182952,MONDO_0100135,Dravet syndrome,"nervous system disease; genetic, familial or congenital disease",0.00646764745698228
HMGN4,ENSG00000182952,EFO_0000616,neoplasm,cancer or benign tumor,0.00615562507867131
HMGN4,ENSG00000182952,EFO_0000729,ulcerative colitis,"gastrointestinal disease; immune system disease; genetic, familial or congenital disease",0.00537607305293965
HMGN4,ENSG00000182952,EFO_0003884,chronic kidney disease,urinary system disease,0.00517411796558583
HMGN4,ENSG00000182952,MONDO_0002108,thyroid cancer,endocrine system disease; cancer or benign tumor,0.0050611907877655
HMGN4,ENSG00000182952,MONDO_0004975,Alzheimer disease,psychiatric disorder; nervous system disease; phenotype,0.0044656216579089
HMGN4,ENSG00000182952,MONDO_0004126,thyroiditis,endocrine system disease,0.00441442604206727
HMGN4,ENSG00000182952,EFO_0000181,head and neck squamous cell carcinoma,cancer or benign tumor,0.00369579854684702
HMGN4,ENSG00000182952,EFO_0001378,multiple myeloma,"immune system disease; hematologic disease; cancer or benign tumor; genetic, familial or congenital disease",0.00307188978182282
HMGN4,ENSG00000182952,EFO_0001663,prostate carcinoma,cancer or benign tumor; reproductive system or breast disease,0.00295663883747761
HMGN4,ENSG00000182952,MONDO_0002691,liver cancer,gastrointestinal disease; endocrine system disease; cancer or benign tumor,0.00258705898279291
HMGN4,ENSG00000182952,MONDO_0004992,cancer,cancer or benign tumor,0.00221747912810821
HMGN4,ENSG00000182952,MONDO_0007254,breast cancer,integumentary system disease; reproductive system or breast disease; cancer or benign tumor,0.00147831941873881
HMGN4,ENSG00000182952,MONDO_0010519,alpha thalassemia-X-linked intellectual disability syndrome,"endocrine system disease; genetic, familial or congenital disease; nervous system disease; reproductive system or breast disease",0.00147831941873881
HMGN4,ENSG00000182952,EFO_0005772,neurodegenerative disease,nervous system disease,0.00147831941873881
HMGN4,ENSG00000182952,EFO_0000621,neuroblastoma,nervous system disease; cancer or benign tumor,0.00147831941873881
HMGN4,ENSG00000182952,EFO_0002892,thyroid carcinoma,endocrine system disease; cancer or benign tumor,0.00147831941873881
HMGN4,ENSG00000182952,EFO_0005543,glioma,nervous system disease; cancer or benign tumor,0.00147831941873881
HMGN4,ENSG00000182952,EFO_0000673,prostate adenocarcinoma,cancer or benign tumor; reproductive system or breast disease,0.00133456925579973
HMGN4,ENSG00000182952,MONDO_0007576,esophageal cancer,gastrointestinal disease; cancer or benign tumor,0
HSD17B8,ENSG00000204228,MONDO_0007254,breast cancer,integumentary system disease; reproductive system or breast disease; cancer or benign tumor,0.0742855507916251
HSD17B8,ENSG00000204228,Orphanet_552,MODY,"endocrine system disease; genetic, familial or congenital disease; nutritional or metabolic disease; phenotype",0.0704400724036308
HSD17B8,ENSG00000204228,MONDO_0010894,maturity-onset diabetes of the young type 3,"immune system disease; genetic, familial or congenital disease; nutritional or metabolic disease; endocrine system disease; phenotype",0.0584010086372766
HSD17B8,ENSG00000204228,EFO_0009650,hyperproinsulinemia,"genetic, familial or congenital disease",0.0528055696373502
HSD17B8,ENSG00000204228,MONDO_0013240,maturity-onset diabetes of the young type 10,"immune system disease; genetic, familial or congenital disease; nutritional or metabolic disease; endocrine system disease; phenotype",0.0481562550654167
HSD17B8,ENSG00000204228,MONDO_0009414,glycogen storage disorder due to hepatic glycogen synthase deficiency,"nutritional or metabolic disease; genetic, familial or congenital disease",0.041503817681092
HSD17B8,ENSG00000204228,Orphanet_2089,Glycogen storage disease due to hepatic glycogen synthase deficiency,"nutritional or metabolic disease; genetic, familial or congenital disease",0.041503817681092
HSD17B8,ENSG00000204228,MONDO_0030089,"diabetes mellitus, permanent neonatal 4","immune system disease; genetic, familial or congenital disease; nutritional or metabolic disease; endocrine system disease; phenotype",0.0333952356693097
HSD17B8,ENSG00000204228,MONDO_0020525,transient neonatal diabetes mellitus,"immune system disease; genetic, familial or congenital disease; nutritional or metabolic disease; endocrine system disease; phenotype",0.0311851481382951
HSD17B8,ENSG00000204228,EFO_0008495,childhood supratentorial ependymoma,cancer or benign tumor; nervous system disease,0.018425742402692
HSD17B8,ENSG00000204228,EFO_0008620,Polycystic Kidney Disease,"genetic, familial or congenital disease; urinary system disease",0.0174269220812326
HSD17B8,ENSG00000204228,EFO_0001073,obesity,nutritional or metabolic disease; phenotype,0.00960907622180225
HSD17B8,ENSG00000204228,EFO_0005537,triple-negative breast cancer,integumentary system disease; reproductive system or breast disease; cancer or benign tumor,0.00886991651243284
HSD17B8,ENSG00000204228,MONDO_0004992,cancer,cancer or benign tumor,0.00801782962524312
HSD17B8,ENSG00000204228,EFO_0003893,ovarian neoplasm,endocrine system disease; reproductive system or breast disease; cancer or benign tumor,0.00739159709369404
HSD17B8,ENSG00000204228,EFO_0010642,Neurodevelopmental disorder,nervous system disease,0.00739159709369404
HSD17B8,ENSG00000204228,EFO_0000339,chronic myelogenous leukemia,"musculoskeletal or connective tissue disease; genetic, familial or congenital disease; hematologic disease; immune system disease; cancer or benign tumor",0.00739159709369404
HSD17B8,ENSG00000204228,EFO_0000616,neoplasm,cancer or benign tumor,0.00624013795346634
HSD17B8,ENSG00000204228,MONDO_0009685,Miyoshi myopathy,"nervous system disease; genetic, familial or congenital disease; musculoskeletal or connective tissue disease; phenotype",0.00591327767495523
HSD17B8,ENSG00000204228,EFO_0000544,infection,biological_process,0.00561556056979255
HSD17B8,ENSG00000204228,EFO_0008615,cystic kidney disease,urinary system disease,0.00554369782027053
HSD17B8,ENSG00000204228,MONDO_0018076,tuberculosis,infectious disease,0.00508685605545194
HSD17B8,ENSG00000204228,EFO_0000182,hepatocellular carcinoma,gastrointestinal disease; endocrine system disease; cancer or benign tumor,0.00461974818355877
HSD17B8,ENSG00000204228,EFO_0003884,chronic kidney disease,urinary system disease,0.00428789576114801
HSD17B8,ENSG00000204228,MONDO_0005575,colorectal cancer,gastrointestinal disease; cancer or benign tumor,0.00412583454676588
HSD17B8,ENSG00000204228,EFO_0000095,chronic lymphocytic leukemia,"hematologic disease; immune system disease; genetic, familial or congenital disease; cancer or benign tumor",0.00369579854684702
HSD17B8,ENSG00000204228,EFO_0003060,non-small cell lung carcinoma,respiratory or thoracic disease; cancer or benign tumor,0.00369579854684702
HSD17B8,ENSG00000204228,EFO_0000589,metabolic disease,nutritional or metabolic disease,0.00369579854684702
HSD17B8,ENSG00000204228,Orphanet_26106,Familial gastric cancer,"gastrointestinal disease; genetic, familial or congenital disease; cancer or benign tumor",0.00369579854684702
HSD17B8,ENSG00000204228,Orphanet_1173,Cerebellar ataxia - hypogonadism,"reproductive system or breast disease; endocrine system disease; genetic, familial or congenital disease",0.00369579854684702
HSD17B8,ENSG00000204228,MONDO_0001549,hemolytic-uremic syndrome,hematologic disease,0.00369579854684702
HSD17B8,ENSG00000204228,EFO_0000538,hypertrophic cardiomyopathy,cardiovascular disease; musculoskeletal or connective tissue disease,0.00369579854684702
HSD17B8,ENSG00000204228,MONDO_0008315,prostate cancer,reproductive system or breast disease; cancer or benign tumor,0.00369579854684702
HSD17B8,ENSG00000204228,MONDO_0005148,type 2 diabetes mellitus,endocrine system disease; nutritional or metabolic disease; phenotype,0.00369579854684702
HSD17B8,ENSG00000204228,EFO_0004289,lymphoid leukemia,hematologic disease; cancer or benign tumor,0.00369579854684702
HSD17B8,ENSG00000204228,MONDO_0004975,Alzheimer disease,psychiatric disorder; nervous system disease; phenotype,0.00369579854684702
HSD17B8,ENSG00000204228,EFO_0002618,pancreatic carcinoma,gastrointestinal disease; endocrine system disease; cancer or benign tumor,0.00323663212364621
HSD17B8,ENSG00000204228,EFO_1001209,temporal arteritis,urinary system disease; nervous system disease; cardiovascular disease; phenotype,0.00295663883747761
HSD17B8,ENSG00000204228,EFO_0000771,bacterial disease,infectious disease,0.00277184891013526
HSD17B8,ENSG00000204228,EFO_0009425,Yersinia pestis infectious disease,infectious disease,0.00277184891013526
HSD17B8,ENSG00000204228,MONDO_0002404,liver hemangioma,endocrine system disease; gastrointestinal disease; cancer or benign tumor; cardiovascular disease,0.00222038716225545
HSD17B8,ENSG00000204228,MONDO_0007142,Townes-Brocks syndrome,"genetic, familial or congenital disease",0.00221747912810821
HSD17B8,ENSG00000204228,EFO_1001235,Vibrio infectious disease,infectious disease,0.00221747912810821
HSD17B8,ENSG00000204228,EFO_1001461,endothelial dysfunction,cardiovascular disease,0.00221747912810821
HSD17B8,ENSG00000204228,HP_0001643,Patent ductus arteriosus,phenotype,0.00221747912810821
HSD17B8,ENSG00000204228,EFO_0000222,acute myeloid leukemia,hematologic disease; immune system disease; cancer or benign tumor; musculoskeletal or connective tissue disease,0.00208285855372676
HSD17B8,ENSG00000204228,EFO_0000365,colorectal adenocarcinoma,gastrointestinal disease; cancer or benign tumor,0.00184789927342351
HSD17B8,ENSG00000204228,EFO_0004239,chronic hepatitis B virus infection,infectious disease; gastrointestinal disease; endocrine system disease,0.00147831941873881
HSD17B8,ENSG00000204228,EFO_0005140,autoimmune disease,immune system disease,0.00147831941873881
HSD17B8,ENSG00000204228,MONDO_0009061,cystic fibrosis,"respiratory or thoracic disease; genetic, familial or congenital disease",0.00147831941873881
IL12RB2,ENSG00000081985,EFO_1001486,primary biliary cirrhosis,"gastrointestinal disease; genetic, familial or congenital disease; endocrine system disease; cancer or benign tumor",0.494689364340397
IL12RB2,ENSG00000081985,EFO_0000685,rheumatoid arthritis,immune system disease; musculoskeletal or connective tissue disease; phenotype,0.484809023123686
IL12RB2,ENSG00000081985,EFO_0000384,Crohn's disease,"immune system disease; gastrointestinal disease; genetic, familial or congenital disease",0.464735404023874
IL12RB2,ENSG00000081985,MONDO_0007915,systemic lupus erythematosus,immune system disease; urinary system disease; musculoskeletal or connective tissue disease; phenotype,0.457143684879389
IL12RB2,ENSG00000081985,EFO_0000717,systemic scleroderma,"respiratory or thoracic disease; urinary system disease; integumentary system disease; immune system disease; musculoskeletal or connective tissue disease; disorder of visual system; genetic, familial or congenital disease; phenotype",0.439905222652651
IL12RB2,ENSG00000081985,EFO_0004267,biliary liver cirrhosis,endocrine system disease; gastrointestinal disease; cancer or benign tumor,0.431951926718708
IL12RB2,ENSG00000081985,EFO_0003780,Behcet's syndrome,immune system disease; urinary system disease; nervous system disease; integumentary system disease; cardiovascular disease,0.416465572130823
IL12RB2,ENSG00000081985,EFO_0004705,hypothyroidism,endocrine system disease,0.40449449835466
IL12RB2,ENSG00000081985,EFO_0000676,psoriasis,"immune system disease; integumentary system disease; genetic, familial or congenital disease",0.3736658987443
IL12RB2,ENSG00000081985,Orphanet_748,Mendelian susceptibility to mycobacterial diseases,immune system disease,0.370727092150286
IL12RB2,ENSG00000081985,MONDO_0043579,enteritis,gastrointestinal disease,0.368334718484544
IL12RB2,ENSG00000081985,EFO_0005772,neurodegenerative disease,nervous system disease,0.34868324686809
IL12RB2,ENSG00000081985,EFO_0000729,ulcerative colitis,"gastrointestinal disease; immune system disease; genetic, familial or congenital disease",0.337863588152516
IL12RB2,ENSG00000081985,EFO_0000783,myositis,immune system disease; musculoskeletal or connective tissue disease; phenotype,0.321713788760255
IL12RB2,ENSG00000081985,EFO_0005629,small bowel Crohn's disease,"immune system disease; gastrointestinal disease; genetic, familial or congenital disease",0.317201573833727
IL12RB2,ENSG00000081985,HP_0025268,Stuttering,phenotype,0.31538039022257
IL12RB2,ENSG00000081985,MONDO_0004580,retinal degeneration,nervous system disease; disorder of visual system,0.312880113473044
IL12RB2,ENSG00000081985,EFO_0006803,vasculitis,cardiovascular disease; phenotype,0.310736084471057
IL12RB2,ENSG00000081985,HP_0100033,Tics,phenotype,0.310215723087657
IL12RB2,ENSG00000081985,MONDO_0019170,polyarteritis nodosa,cardiovascular disease; phenotype,0.289859067695342
IL12RB2,ENSG00000081985,EFO_1001494,psoriasis vulgaris,"immune system disease; integumentary system disease; genetic, familial or congenital disease",0.219936050661429
IL12RB2,ENSG00000081985,EFO_0003767,inflammatory bowel disease,"immune system disease; gastrointestinal disease; genetic, familial or congenital disease",0.17506776432622
IL12RB2,ENSG00000081985,EFO_0003872,colitis,"gastrointestinal disease; immune system disease; genetic, familial or congenital disease",0.13535607555154
IL12RB2,ENSG00000081985,EFO_1000764,seborrheic dermatitis,integumentary system disease; phenotype,0.127903307388001
IL12RB2,ENSG00000081985,EFO_1000695,erythematosquamous dermatosis,integumentary system disease,0.124830361552114
IL12RB2,ENSG00000081985,EFO_0005140,autoimmune disease,immune system disease,0.0935721622382546
IL12RB2,ENSG00000081985,EFO_0003898,ankylosing spondylitis,immune system disease; musculoskeletal or connective tissue disease; phenotype,0.0871112205735179
IL12RB2,ENSG00000081985,MONDO_0019338,sarcoidosis,musculoskeletal or connective tissue disease,0.0849860256833179
IL12RB2,ENSG00000081985,EFO_1001223,ulcerative proctosigmoiditis,"immune system disease; gastrointestinal disease; genetic, familial or congenital disease",0.0799225545163892
IL12RB2,ENSG00000081985,EFO_0000341,chronic obstructive pulmonary disease,respiratory or thoracic disease,0.0752830730317469
IL12RB2,ENSG00000081985,EFO_0000701,skin disease,integumentary system disease,0.0696576837247636
IL12RB2,ENSG00000081985,GO_0009410,response to xenobiotic stimulus,biological_process,0.0683449584396332
IL12RB2,ENSG00000081985,EFO_0004268,sclerosing cholangitis,endocrine system disease; gastrointestinal disease; phenotype,0.0675306629258015
IL12RB2,ENSG00000081985,EFO_0005755,rheumatic disease,musculoskeletal or connective tissue disease,0.0674719014326926
IL12RB2,ENSG00000081985,EFO_0009431,intestinal disease,gastrointestinal disease,0.0668349587889717
IL12RB2,ENSG00000081985,EFO_0000540,immune system disease,immune system disease,0.0653254178634582
IL12RB2,ENSG00000081985,HP_0032141,Precordial pain,phenotype,0.0577682146029917
IL12RB2,ENSG00000081985,MONDO_0005147,type 1 diabetes mellitus,endocrine system disease; gastrointestinal disease; immune system disease; nutritional or metabolic disease; phenotype,0.0546498660798969
IL12RB2,ENSG00000081985,EFO_0008517,oral lichen planus,integumentary system disease,0.052932048076509
IL12RB2,ENSG00000081985,MONDO_0005148,type 2 diabetes mellitus,endocrine system disease; nutritional or metabolic disease; phenotype,0.0511292325872699
IL12RB2,ENSG00000081985,Orphanet_1334,Chronic mucocutaneous candidosis,"immune system disease; genetic, familial or congenital disease",0.0493906517800635
IL12RB2,ENSG00000081985,EFO_0002609,juvenile idiopathic arthritis,immune system disease; musculoskeletal or connective tissue disease; phenotype,0.0483414532348497
IL12RB2,ENSG00000081985,EFO_0006812,autoimmune thyroid disease,immune system disease; endocrine system disease,0.0472338869819008
IL12RB2,ENSG00000081985,MONDO_0015517,common variable immunodeficiency,"immune system disease; hematologic disease; genetic, familial or congenital disease",0.0472338869819008
IL12RB2,ENSG00000081985,EFO_0001060,celiac disease,"gastrointestinal disease; genetic, familial or congenital disease; immune system disease",0.0438400281314431
IL12RB2,ENSG00000081985,EFO_0000222,acute myeloid leukemia,hematologic disease; immune system disease; cancer or benign tumor; musculoskeletal or connective tissue disease,0.0430666518640459
IL12RB2,ENSG00000081985,EFO_1000811,anterior uveitis,disorder of visual system; phenotype,0.0419541833475682
IL12RB2,ENSG00000081985,EFO_0005676,Autoimmune Hepatitis,endocrine system disease; immune system disease; gastrointestinal disease,0.0406759588065983
IL12RB2,ENSG00000081985,MONDO_0009413,"immunodeficiency, common variable, 2","immune system disease; hematologic disease; genetic, familial or congenital disease",0.0395893940338253
IL12RB2,ENSG00000081985,MONDO_0032803,immunodeficiency 64,"immune system disease; genetic, familial or congenital disease",0.0392345973733279
KANSL1-AS1,ENSG00000214401,MONDO_0009061,cystic fibrosis,"respiratory or thoracic disease; genetic, familial or congenital disease",0.00954317169567969
KANSL1-AS1,ENSG00000214401,EFO_1000796,adrenal cortex carcinoma,cardiovascular disease; endocrine system disease; urinary system disease; cancer or benign tumor,0.004040231614675
KANSL1-AS1,ENSG00000214401,EFO_1000760,rosacea,integumentary system disease,0.00284155312946699
KANSL1-AS1,ENSG00000214401,EFO_0005045,visceral Leishmaniasis,"genetic, familial or congenital disease; infectious disease",0.0022876369553156
KANSL1-AS1,ENSG00000214401,MONDO_0005180,Parkinson disease,"nervous system disease; genetic, familial or congenital disease",0.00226493449168896
KANSL1-AS1,ENSG00000214401,MONDO_0002404,liver hemangioma,endocrine system disease; gastrointestinal disease; cancer or benign tumor; cardiovascular disease,0.00196970837789811
KANSL1-AS1,ENSG00000214401,EFO_0000305,breast carcinoma,integumentary system disease; reproductive system or breast disease; cancer or benign tumor,0.00168470419878922
KANSL1-AS1,ENSG00000214401,EFO_0000274,atopic eczema,integumentary system disease; immune system disease,0.00166324722869097
KANSL1-AS1,ENSG00000214401,EFO_0003929,relapsing-remitting multiple sclerosis,nervous system disease; immune system disease,0.00156067129546445
KANSL1-AS1,ENSG00000214401,EFO_0000699,Sjogren syndrome,gastrointestinal disease; immune system disease; disorder of visual system,0.00143136145589003
KANSL1-AS1,ENSG00000214401,MONDO_0019499,Turner syndrome,"genetic, familial or congenital disease; endocrine system disease; reproductive system or breast disease; phenotype",0.00134556235223653
KB-1980E6.3,ENSG00000253633,EFO_0000305,breast carcinoma,integumentary system disease; reproductive system or breast disease; cancer or benign tumor,0.0216865429039426
KB-1980E6.3,ENSG00000253633,EFO_0009448,pulmonary fibrosis,respiratory or thoracic disease; cancer or benign tumor,0.00739159709369404
KB-1980E6.3,ENSG00000253633,EFO_0007485,silicosis,respiratory or thoracic disease,0.00443495825621642
KB-1980E6.3,ENSG00000253633,MONDO_0007804,Pallister-Hall syndrome,"endocrine system disease; genetic, familial or congenital disease; musculoskeletal or connective tissue disease; phenotype",0.00221747912810821
KISS1R,ENSG00000116014,MONDO_0018800,Kallmann syndrome,"genetic, familial or congenital disease; endocrine system disease; phenotype; reproductive system or breast disease",0.760799379349971
KISS1R,ENSG00000116014,MONDO_0013910,hypogonadotropic hypogonadism 8 with or without anosmia,"genetic, familial or congenital disease; endocrine system disease; phenotype; reproductive system or breast disease",0.583247828490318
KISS1R,ENSG00000116014,EFO_0009029,Central precocious puberty,"genetic, familial or congenital disease; endocrine system disease; reproductive system or breast disease",0.579382923145342
KISS1R,ENSG00000116014,MONDO_0018555,hypogonadotropic hypogonadism,"genetic, familial or congenital disease; endocrine system disease; phenotype; reproductive system or breast disease",0.464424285767417
KISS1R,ENSG00000116014,MONDO_0008302,central precocious puberty 1,"genetic, familial or congenital disease; endocrine system disease; reproductive system or breast disease",0.443359736849187
KISS1R,ENSG00000116014,EFO_0005772,neurodegenerative disease,nervous system disease,0.370503804321414
KISS1R,ENSG00000116014,MONDO_0019828,pituitary stalk interruption syndrome,endocrine system disease,0.279966441394847
KISS1R,ENSG00000116014,EFO_0009663,disease of genitourinary system,urinary system disease; cancer or benign tumor,0.266097495372985
KISS1R,ENSG00000116014,EFO_0000508,genetic disorder,"genetic, familial or congenital disease",0.192887814060252
KISS1R,ENSG00000116014,EFO_0000274,atopic eczema,integumentary system disease; immune system disease,0.113915664706826
KISS1R,ENSG00000116014,EFO_0004562,cryptorchidism,"genetic, familial or congenital disease; reproductive system or breast disease",0.112376657828451
KISS1R,ENSG00000116014,HP_0030260,Microphallus,phenotype,0.111982695969465
KISS1R,ENSG00000116014,EFO_0000616,neoplasm,cancer or benign tumor,0.107577970690359
KISS1R,ENSG00000116014,EFO_0005537,triple-negative breast cancer,integumentary system disease; reproductive system or breast disease; cancer or benign tumor,0.0961842256670346
KISS1R,ENSG00000116014,Orphanet_983,Testicular regression syndrome,"genetic, familial or congenital disease; reproductive system or breast disease",0.0792029861551475
KISS1R,ENSG00000116014,MONDO_0016853,ring chromosome Y,"genetic, familial or congenital disease",0.0774349152572137
KISS1R,ENSG00000116014,Orphanet_52901,Isolated follicle stimulating hormone deficiency,"endocrine system disease; genetic, familial or congenital disease; reproductive system or breast disease",0.077074157458264
KISS1R,ENSG00000116014,Orphanet_325448,Leydig cell hypoplasia due to LHB deficiency,endocrine system disease,0.0754640239145939
KISS1R,ENSG00000116014,MONDO_0009223,hypogonadotropic hypogonadism 23 with or without anosmia,"endocrine system disease; genetic, familial or congenital disease; phenotype; reproductive system or breast disease",0.0754640239145939
KISS1R,ENSG00000116014,MONDO_0013914,hypogonadotropic hypogonadism 12 with or without anosmia,"genetic, familial or congenital disease; endocrine system disease; phenotype; reproductive system or breast disease",0.0749218215226717
KISS1R,ENSG00000116014,MONDO_0016674,"46,XY partial gonadal dysgenesis","endocrine system disease; genetic, familial or congenital disease; reproductive system or breast disease",0.0741455375168992
KISS1R,ENSG00000116014,MONDO_0019155,Leydig cell hypoplasia,endocrine system disease,0.0736564766016377
KISS1R,ENSG00000116014,Orphanet_243,"46,XX gonadal dysgenesis","endocrine system disease; genetic, familial or congenital disease; reproductive system or breast disease",0.0728694302055527
KISS1R,ENSG00000116014,MONDO_0007254,breast cancer,integumentary system disease; reproductive system or breast disease; cancer or benign tumor,0.0728652400678773
KISS1R,ENSG00000116014,Orphanet_90796,"46,XY disorder of sex development due to isolated 17,20 lyase deficiency","reproductive system or breast disease; cancer or benign tumor; endocrine system disease; genetic, familial or congenital disease; urinary system disease",0.0722003381338443
KISS1R,ENSG00000116014,MONDO_0010720,partial androgen insensitivity syndrome,"genetic, familial or congenital disease; endocrine system disease; reproductive system or breast disease",0.0715092020707994
KISS1R,ENSG00000116014,Orphanet_168563,"46,XY gonadal dysgenesis - motor and sensory neuropathy","reproductive system or breast disease; cancer or benign tumor; endocrine system disease; genetic, familial or congenital disease; urinary system disease",0.0711511679913102
KISS1R,ENSG00000116014,MONDO_0011766,"46,XY gonadal dysgenesis-motor and sensory neuropathy syndrome","endocrine system disease; genetic, familial or congenital disease; reproductive system or breast disease; cardiovascular disease; musculoskeletal or connective tissue disease",0.0711511679913102
KISS1R,ENSG00000116014,EFO_0004266,primary ovarian insufficiency,endocrine system disease; reproductive system or breast disease,0.0706328568733867
KISS1R,ENSG00000116014,MONDO_0008730,congenital adrenal hyperplasia due to 17-alpha-hydroxylase deficiency,"reproductive system or breast disease; endocrine system disease; nutritional or metabolic disease; genetic, familial or congenital disease",0.0703447228543435
KISS1R,ENSG00000116014,EFO_0000279,azoospermia,"genetic, familial or congenital disease; reproductive system or breast disease; phenotype",0.0701006590410087
KISS1R,ENSG00000116014,MONDO_8000015,"46,XY sex reversal 11","endocrine system disease; reproductive system or breast disease; cardiovascular disease; genetic, familial or congenital disease; musculoskeletal or connective tissue disease",0.06986091202624
KISS1R,ENSG00000116014,MONDO_0016281,"46,XX ovotesticular disorder of sex development","endocrine system disease; genetic, familial or congenital disease; reproductive system or breast disease",0.0697242598749704
KISS1R,ENSG00000116014,MONDO_0020304,isochromosomy Yp,"genetic, familial or congenital disease",0.0689092931777408
KISS1R,ENSG00000116014,MONDO_0013913,hypogonadotropic hypogonadism 11 with or without anosmia,"genetic, familial or congenital disease; endocrine system disease; phenotype; reproductive system or breast disease",0.0686348513905377
KISS1R,ENSG00000116014,MONDO_0030506,ovarian dysgenesis 9,"genetic, familial or congenital disease; endocrine system disease; reproductive system or breast disease; phenotype",0.0684131999791333
KISS1R,ENSG00000116014,EFO_0000349,clear cell renal carcinoma,urinary system disease; cancer or benign tumor,0.067760014161052
KISS1R,ENSG00000116014,MONDO_0975842,spermatogenic failure 96,"genetic, familial or congenital disease; reproductive system or breast disease; phenotype",0.0675708946387643
KISS1R,ENSG00000116014,EFO_0000660,polycystic ovary syndrome,"endocrine system disease; genetic, familial or congenital disease; reproductive system or breast disease",0.0675657488741552
KISS1R,ENSG00000116014,MONDO_0009239,hypogonadotropic hypogonadism 24 without anosmia,"genetic, familial or congenital disease; endocrine system disease; phenotype; reproductive system or breast disease",0.067510125444547
KISS1R,ENSG00000116014,MONDO_0100249,"46,XX testicular disorder of sex development","endocrine system disease; genetic, familial or congenital disease; reproductive system or breast disease",0.0674833321162141
KISS1R,ENSG00000116014,MONDO_0020305,isochromosomy Yq,"genetic, familial or congenital disease",0.0672769308223481
KISS1R,ENSG00000116014,MONDO_0009916,"46,XY disorder of sex development due to 17-beta-hydroxysteroid dehydrogenase 3 deficiency","genetic, familial or congenital disease; endocrine system disease; reproductive system or breast disease",0.0669738979083188
KISS1R,ENSG00000116014,MONDO_0009923,"46,XY disorder of sex development due to 5-alpha-reductase 2 deficiency","genetic, familial or congenital disease; nutritional or metabolic disease; endocrine system disease; reproductive system or breast disease",0.0655343104769743
KISS1R,ENSG00000116014,MONDO_0010635,hypogonadotropic hypogonadism 1 with or without anosmia,"genetic, familial or congenital disease; endocrine system disease; phenotype; reproductive system or breast disease",0.0655216503137299
KISS1R,ENSG00000116014,MONDO_0031083,spermatogenic failure 77,"genetic, familial or congenital disease; reproductive system or breast disease; phenotype",0.0653195989539524
KISS1R,ENSG00000116014,MONDO_0013991,obesity due to congenital leptin deficiency,"endocrine system disease; genetic, familial or congenital disease; phenotype; nutritional or metabolic disease; reproductive system or breast disease",0.0651779711895583
KISS1R,ENSG00000116014,Orphanet_2232,Primary hypergonadotropic hypogonadism - partial alopecia,"endocrine system disease; genetic, familial or congenital disease; reproductive system or breast disease",0.0644151786165336
KISS1R,ENSG00000116014,MONDO_0009420,primary hypergonadotropic hypogonadism-partial alopecia syndrome,"genetic, familial or congenital disease",0.0644151786165336
KISS1R,ENSG00000116014,MONDO_0021023,complete androgen insensitivity syndrome,"genetic, familial or congenital disease; endocrine system disease; reproductive system or breast disease",0.0642616211829392
LINC00240,ENSG00000224843,MONDO_0001056,gastric cancer,gastrointestinal disease; cancer or benign tumor,0.0931836961069717
LINC00240,ENSG00000224843,MONDO_0015459,nasopharyngeal carcinoma,infectious disease; gastrointestinal disease; respiratory or thoracic disease; cancer or benign tumor,0.0739159709369404
LINC00240,ENSG00000224843,EFO_0000668,preeclampsia,"genetic, familial or congenital disease; pregnancy or perinatal disease; cardiovascular disease; phenotype",0.0624589954417146
LINC00240,ENSG00000224843,MONDO_0007576,esophageal cancer,gastrointestinal disease; cancer or benign tumor,0.0569152976214441
LINC00240,ENSG00000224843,EFO_0000571,lung adenocarcinoma,respiratory or thoracic disease; cancer or benign tumor,0.0343503942715281
LINC00240,ENSG00000224843,EFO_0000616,neoplasm,cancer or benign tumor,0.0242485449101463
LINC00240,ENSG00000224843,EFO_0005922,esophageal squamous cell carcinoma,gastrointestinal disease; cancer or benign tumor,0.0149987824359541
LINC00240,ENSG00000224843,EFO_0000349,clear cell renal carcinoma,urinary system disease; cancer or benign tumor,0.013801504745504
LINC00240,ENSG00000224843,MONDO_0008903,lung cancer,respiratory or thoracic disease; cancer or benign tumor,0.0118265553499105
LINC00240,ENSG00000224843,MONDO_0004992,cancer,cancer or benign tumor,0.0116290354497956
LINC00240,ENSG00000224843,EFO_0000182,hepatocellular carcinoma,gastrointestinal disease; endocrine system disease; cancer or benign tumor,0.00986572889866662
LINC00240,ENSG00000224843,EFO_0003095,non-alcoholic fatty liver disease,endocrine system disease; gastrointestinal disease,0.00813075680306344
LINC00240,ENSG00000224843,EFO_1001052,myeloid sarcoma,cancer or benign tumor; hematologic disease; immune system disease; musculoskeletal or connective tissue disease,0.00646764745698228
LINC00240,ENSG00000224843,MONDO_0002974,cervical cancer,reproductive system or breast disease; cancer or benign tumor,0.00644711524283313
LINC00240,ENSG00000224843,EFO_0004906,lymph node metastatic carcinoma,hematologic disease; immune system disease; cancer or benign tumor,0.00554369782027053
LINC00240,ENSG00000224843,EFO_0003060,non-small cell lung carcinoma,respiratory or thoracic disease; cancer or benign tumor,0.00406537840153172
LINC00240,ENSG00000224843,MONDO_0008170,ovarian cancer,endocrine system disease; reproductive system or breast disease; cancer or benign tumor,0.00369579854684702
LINC00240,ENSG00000224843,EFO_0000712,stroke,nervous system disease; cardiovascular disease; phenotype,0.00221747912810821
LINC00240,ENSG00000224843,EFO_0000389,cutaneous melanoma,integumentary system disease; cancer or benign tumor,0.00147831941873881
LINC00240,ENSG00000224843,EFO_0000537,hypertension,cardiovascular disease; phenotype,0.00147831941873881
MDH1,ENSG00000014641,MONDO_0030072,"developmental and epileptic encephalopathy, 88","nervous system disease; genetic, familial or congenital disease",0.498932803824347
MDH1,ENSG00000014641,EFO_0001663,prostate carcinoma,cancer or benign tumor; reproductive system or breast disease,0.44171801328651
MDH1,ENSG00000014641,EFO_0005772,neurodegenerative disease,nervous system disease,0.345411835880004
MDH1,ENSG00000014641,MONDO_0004979,asthma,phenotype; respiratory or thoracic disease,0.328894988427899
MDH1,ENSG00000014641,MONDO_0004985,bipolar disorder,psychiatric disorder; nervous system disease,0.292154322500382
MDH1,ENSG00000014641,EFO_1001375,Myocardial Ischemia,cardiovascular disease,0.273485924743077
MDH1,ENSG00000014641,MONDO_0002009,major depressive disorder,psychiatric disorder; nervous system disease,0.230631230336099
MDH1,ENSG00000014641,EFO_0004257,neurotic disorder,psychiatric disorder; nervous system disease,0.20362772755627
MDH1,ENSG00000014641,HP_0000924,Abnormality of the skeletal system,phenotype,0.192950409045973
MDH1,ENSG00000014641,MONDO_0000992,heart conduction disease,cardiovascular disease,0.172043474574728
MDH1,ENSG00000014641,EFO_0005670,smoking initiation,biological_process,0.161710836003509
MDH1,ENSG00000014641,MONDO_0015229,Bardet-Biedl syndrome,"genetic, familial or congenital disease",0.148653230439847
MDH1,ENSG00000014641,EFO_0004318,smoking behavior,biological_process,0.135138261002375
MDH1,ENSG00000014641,EFO_0009483,breast disease,reproductive system or breast disease,0.133582959379612
MDH1,ENSG00000014641,EFO_1001754,Abruptio Placentae,pregnancy or perinatal disease; reproductive system or breast disease,0.131609718702301
MDH1,ENSG00000014641,MONDO_0001627,dementia,psychiatric disorder; nervous system disease; phenotype,0.125329079724674
MDH1,ENSG00000014641,MONDO_0001815,extrapyramidal and movement disease,nervous system disease,0.116791083459317
MDH1,ENSG00000014641,MONDO_0008315,prostate cancer,reproductive system or breast disease; cancer or benign tumor,0.106479584694739
MDH1,ENSG00000014641,MONDO_0004975,Alzheimer disease,psychiatric disorder; nervous system disease; phenotype,0.0994399150237219
MDH1,ENSG00000014641,EFO_0000571,lung adenocarcinoma,respiratory or thoracic disease; cancer or benign tumor,0.0922469138364167
MDH1,ENSG00000014641,EFO_0000616,neoplasm,cancer or benign tumor,0.0879598988967831
MDH1,ENSG00000014641,MONDO_0002491,substance abuse,psychiatric disorder,0.0835860100655544
MDH1,ENSG00000014641,MONDO_0004992,cancer,cancer or benign tumor,0.0806418976371543
MDH1,ENSG00000014641,MONDO_0013587,glycogen storage disease due to lactate dehydrogenase H-subunit deficiency,"nutritional or metabolic disease; genetic, familial or congenital disease",0.0739159709369404
MDH1,ENSG00000014641,EFO_0003888,attention deficit hyperactivity disorder,psychiatric disorder; nervous system disease,0.0703432937880757
MDH1,ENSG00000014641,EFO_0003060,non-small cell lung carcinoma,respiratory or thoracic disease; cancer or benign tumor,0.0645440354562358
MDH1,ENSG00000014641,MONDO_0001530,secondary hyperparathyroidism of renal origin,urinary system disease; endocrine system disease; phenotype,0.0583748843387819
MDH1,ENSG00000014641,EFO_0000555,irritable bowel syndrome,gastrointestinal disease,0.055128994990468
MDH1,ENSG00000014641,MONDO_0012454,"alcohol sensitivity, acute","genetic, familial or congenital disease; psychiatric disorder",0.053559512540907
MDH1,ENSG00000014641,EFO_0007536,vesicoureteral reflux,urinary system disease,0.0509739761643354
MDH1,ENSG00000014641,EFO_0000556,ischemia,phenotype,0.0496776921338687
MDH1,ENSG00000014641,EFO_0004144,acatalasia,"genetic, familial or congenital disease; nutritional or metabolic disease",0.0475575357008274
MDH1,ENSG00000014641,EFO_0004720,prion disease,nervous system disease; infectious disease,0.0436284912012461
MDH1,ENSG00000014641,EFO_0000544,infection,biological_process,0.041473103164824
MDH1,ENSG00000014641,HP_0040175,Platelet-activating factor acetylhydrolase deficiency,phenotype,0.0404098613112253
MDH1,ENSG00000014641,EFO_0000222,acute myeloid leukemia,hematologic disease; immune system disease; cancer or benign tumor; musculoskeletal or connective tissue disease,0.0389701424550869
MDH1,ENSG00000014641,EFO_1001517,renal fibrosis,urinary system disease; cancer or benign tumor,0.0340013466309926
MDH1,ENSG00000014641,EFO_0000685,rheumatoid arthritis,immune system disease; musculoskeletal or connective tissue disease; phenotype,0.031599077575542
MDH1,ENSG00000014641,EFO_0003872,colitis,"gastrointestinal disease; immune system disease; genetic, familial or congenital disease",0.0303055480841456
MDH1,ENSG00000014641,MONDO_0015459,nasopharyngeal carcinoma,infectious disease; gastrointestinal disease; respiratory or thoracic disease; cancer or benign tumor,0.0256857999005868
MDH1,ENSG00000014641,MONDO_0009623,Nijmegen breakage syndrome,"genetic, familial or congenital disease; nutritional or metabolic disease",0.0251314301185597
MDH1,ENSG00000014641,EFO_0000182,hepatocellular carcinoma,gastrointestinal disease; endocrine system disease; cancer or benign tumor,0.024577971715426
MDH1,ENSG00000014641,EFO_0008579,risk-taking behaviour,biological_process,0.0240410891249497
MDH1,ENSG00000014641,MONDO_0018899,posterior cortical atrophy,"nervous system disease; genetic, familial or congenital disease; psychiatric disorder; phenotype",0.018566254644369
MDH1,ENSG00000014641,EFO_0001075,ovarian carcinoma,cancer or benign tumor; endocrine system disease; reproductive system or breast disease,0.0181468851648733
MDH1,ENSG00000014641,EFO_0004610,acute lung injury,"injury, poisoning or other complication; respiratory or thoracic disease",0.0181094128795504
MDH1,ENSG00000014641,EFO_0000773,temporal lobe epilepsy,"nervous system disease; genetic, familial or congenital disease",0.0180144627489429
MDH1,ENSG00000014641,MONDO_0018177,glioblastoma,nervous system disease; cancer or benign tumor,0.0177476352662424
MDH1,ENSG00000014641,EFO_0000474,epilepsy,nervous system disease,0.0174725604068201
MDH1,ENSG00000014641,HP_0000739,Anxiety,phenotype,0.016467615366498
MED16,ENSG00000175221,EFO_0005772,neurodegenerative disease,nervous system disease,0.489503765328637
MED16,ENSG00000175221,MONDO_0000508,syndromic intellectual disability,nervous system disease,0.41776382823922
MED16,ENSG00000175221,MONDO_0019200,retinitis pigmentosa,"nervous system disease; genetic, familial or congenital disease; disorder of visual system",0.295663883747761
MED16,ENSG00000175221,EFO_0000756,melanoma,cancer or benign tumor,0.153745219548836
MED16,ENSG00000175221,MONDO_0044925,oral cavity carcinoma,gastrointestinal disease; cancer or benign tumor,0.153375639694151
MED16,ENSG00000175221,HP_0002970,Genu varum,phenotype,0.0953926589380944
MED16,ENSG00000175221,HP_0002857,Genu valgum,phenotype,0.0908552142936372
MED16,ENSG00000175221,EFO_0009534,biliary tract disease,gastrointestinal disease,0.0756269998786285
MED16,ENSG00000175221,EFO_0000400,diabetes mellitus,endocrine system disease; nutritional or metabolic disease; phenotype,0.0668985241635607
MED16,ENSG00000175221,MONDO_0007254,breast cancer,integumentary system disease; reproductive system or breast disease; cancer or benign tumor,0.0652308443518499
MED16,ENSG00000175221,EFO_0001075,ovarian carcinoma,cancer or benign tumor; endocrine system disease; reproductive system or breast disease,0.0207395529452841
MED16,ENSG00000175221,EFO_0000274,atopic eczema,integumentary system disease; immune system disease,0.0207182118380921
MED16,ENSG00000175221,MONDO_0004992,cancer,cancer or benign tumor,0.0153375639694151
MED16,ENSG00000175221,EFO_0000544,infection,biological_process,0.0134383341606187
MED16,ENSG00000175221,MONDO_0004975,Alzheimer disease,psychiatric disorder; nervous system disease; phenotype,0.0117408790787301
MED16,ENSG00000175221,EFO_0000641,papillary thyroid carcinoma,endocrine system disease; cancer or benign tumor,0.0107178157858564
MED16,ENSG00000175221,EFO_0000616,neoplasm,cancer or benign tumor,0.00871346104061632
MED16,ENSG00000175221,HP_0001249,Intellectual disability,phenotype,0.00739159709369404
MED16,ENSG00000175221,EFO_0002617,metastatic melanoma,cancer or benign tumor,0.00453133908134589
MED16,ENSG00000175221,EFO_0000763,viral disease,infectious disease,0.00443495825621642
MED16,ENSG00000175221,MONDO_0008315,prostate cancer,reproductive system or breast disease; cancer or benign tumor,0.00369579854684702
MED16,ENSG00000175221,MONDO_0010526,Fabry disease,"genetic, familial or congenital disease; nutritional or metabolic disease",0.00369579854684702
MED16,ENSG00000175221,EFO_0001073,obesity,nutritional or metabolic disease; phenotype,0.00147831941873881
MED16,ENSG00000175221,EFO_0003105,spina bifida,"nervous system disease; genetic, familial or congenital disease",0.000993113621239092
MED16,ENSG00000175221,Orphanet_227535,Hereditary breast cancer,"reproductive system or breast disease; genetic, familial or congenital disease; integumentary system disease; cancer or benign tumor",0
MED16,ENSG00000175221,MONDO_0000553,uterine corpus endometrial carcinoma,reproductive system or breast disease; cancer or benign tumor,0
MED16,ENSG00000175221,EFO_0000222,acute myeloid leukemia,hematologic disease; immune system disease; cancer or benign tumor; musculoskeletal or connective tissue disease,0
MED16,ENSG00000175221,EFO_0000403,diffuse large B-cell lymphoma,"hematologic disease; immune system disease; genetic, familial or congenital disease; cancer or benign tumor",0
MED16,ENSG00000175221,EFO_1000581,Thymoma,immune system disease; endocrine system disease; hematologic disease; cancer or benign tumor,0
MED16,ENSG00000175221,EFO_1000043,ovarian serous cystadenocarcinoma,cancer or benign tumor; endocrine system disease; reproductive system or breast disease,0
MED16,ENSG00000175221,MONDO_0004986,urinary bladder carcinoma,urinary system disease; cancer or benign tumor,0
MED16,ENSG00000175221,MONDO_0001056,gastric cancer,gastrointestinal disease; cancer or benign tumor,0
MED16,ENSG00000175221,EFO_0000182,hepatocellular carcinoma,gastrointestinal disease; endocrine system disease; cancer or benign tumor,0
MED16,ENSG00000175221,EFO_0000691,sarcoma,cancer or benign tumor,0
MED16,ENSG00000175221,MONDO_0001187,urinary bladder cancer,urinary system disease; cancer or benign tumor,0
MED16,ENSG00000175221,MONDO_0007576,esophageal cancer,gastrointestinal disease; cancer or benign tumor,0
MED16,ENSG00000175221,EFO_0000640,papillary renal cell carcinoma,cancer or benign tumor; urinary system disease,0
MED16,ENSG00000175221,MONDO_0016419,hereditary breast carcinoma,"genetic, familial or congenital disease; integumentary system disease; reproductive system or breast disease; cancer or benign tumor",0
MED16,ENSG00000175221,MONDO_0002974,cervical cancer,reproductive system or breast disease; cancer or benign tumor,0
MED16,ENSG00000175221,EFO_0000349,clear cell renal carcinoma,urinary system disease; cancer or benign tumor,0
MED16,ENSG00000175221,MONDO_0008903,lung cancer,respiratory or thoracic disease; cancer or benign tumor,0
MED16,ENSG00000175221,MONDO_0008567,"thyroid cancer, nonmedullary, 1","endocrine system disease; genetic, familial or congenital disease; cancer or benign tumor",0
MED16,ENSG00000175221,EFO_1000616,Uveal Melanoma,phenotype; disorder of visual system; cancer or benign tumor; nervous system disease,0
MPV17L2,ENSG00000254858,MONDO_0005301,multiple sclerosis,nervous system disease; immune system disease,0.290935433403942
MPV17L2,ENSG00000254858,MONDO_0002561,lysosomal storage disease,"genetic, familial or congenital disease; nutritional or metabolic disease",0.254833042867393
MPV17L2,ENSG00000254858,MONDO_0004975,Alzheimer disease,psychiatric disorder; nervous system disease; phenotype,0.254833042867393
MPV17L2,ENSG00000254858,EFO_0005772,neurodegenerative disease,nervous system disease,0.253909093230681
MPV17L2,ENSG00000254858,MONDO_0005180,Parkinson disease,"nervous system disease; genetic, familial or congenital disease",0.253909093230681
MPV17L2,ENSG00000254858,EFO_0001073,obesity,nutritional or metabolic disease; phenotype,0.142567729355196
MPV17L2,ENSG00000254858,MONDO_0003916,overnutrition,nutritional or metabolic disease,0.0858426000945009
MPV17L2,ENSG00000254858,Orphanet_381,Griscelli disease,"genetic, familial or congenital disease; disorder of visual system",0.0729479776476573
MPV17L2,ENSG00000254858,MONDO_0012220,Griscelli syndrome type 3,"integumentary system disease; genetic, familial or congenital disease; nutritional or metabolic disease; phenotype",0.0671200133757132
MPV17L2,ENSG00000254858,Orphanet_79478,Griscelli disease type 3,"genetic, familial or congenital disease; disorder of visual system",0.0671200133757132
MPV17L2,ENSG00000254858,MONDO_0008621,uncombable hair syndrome,integumentary system disease,0.0596187742584627
MPV17L2,ENSG00000254858,MONDO_0008962,Griscelli syndrome type 1,"nervous system disease; genetic, familial or congenital disease; integumentary system disease; nutritional or metabolic disease; phenotype",0.0542321478764331
MPV17L2,ENSG00000254858,Orphanet_79476,Griscelli disease type 1,"genetic, familial or congenital disease; disorder of visual system",0.0542321478764331
MPV17L2,ENSG00000254858,MONDO_0008747,oculocutaneous albinism type 3,"integumentary system disease; genetic, familial or congenital disease; nutritional or metabolic disease; phenotype",0.0457854002976143
MPV17L2,ENSG00000254858,MONDO_0010206,hypotrichosis 8,"genetic, familial or congenital disease; integumentary system disease; phenotype",0.0439430447220111
MPV17L2,ENSG00000254858,Orphanet_2513,Microcephaly - albinism - digital anomalies,"genetic, familial or congenital disease",0.0417181739968091
MPV17L2,ENSG00000254858,MONDO_0008750,microcephaly-albinism-digital anomalies syndrome,"genetic, familial or congenital disease",0.0417181739968091
MPV17L2,ENSG00000254858,MONDO_0007510,Clouston syndrome,"integumentary system disease; genetic, familial or congenital disease",0.0414151185159677
MPV17L2,ENSG00000254858,MONDO_0032862,"hydrocephalus, congenital communicating, 1","genetic, familial or congenital disease",0.0386876191883946
MPV17L2,ENSG00000254858,MONDO_0007961,"megalencephaly, autosomal dominant",nervous system disease,0.0371501669929062
MPV17L2,ENSG00000254858,MONDO_0001858,Tietze syndrome,musculoskeletal or connective tissue disease,0.0371279922016251
MPV17L2,ENSG00000254858,MONDO_0007077,Tietz syndrome,"disorder of visual system; integumentary system disease; genetic, familial or congenital disease; phenotype",0.0371279922016251
MPV17L2,ENSG00000254858,MONDO_0009196,ermine phenotype,"genetic, familial or congenital disease",0.0367140627643783
MPV17L2,ENSG00000254858,MONDO_0008686,isolated familial wooly hair disorder,integumentary system disease,0.0364997064486612
MPV17L2,ENSG00000254858,HP_0002224,Woolly hair,phenotype,0.0364997064486612
MPV17L2,ENSG00000254858,MONDO_0030983,"Waardenburg syndrome, IIa 2F","genetic, familial or congenital disease",0.0353318341078575
MPV17L2,ENSG00000254858,MONDO_0013201,Waardenburg syndrome type 4B,"gastrointestinal disease; genetic, familial or congenital disease",0.0347552895345494
MPV17L2,ENSG00000254858,MONDO_0007401,craniosynostosis-Dandy-Walker malformation-hydrocephalus syndrome,"nervous system disease; genetic, familial or congenital disease; musculoskeletal or connective tissue disease; phenotype",0.0342452693350845
MPV17L2,ENSG00000254858,Orphanet_1538,Craniosynostosis - Dandy-Walker malformation - hydrocephalus,"genetic, familial or congenital disease; musculoskeletal or connective tissue disease",0.0342452693350845
MPV17L2,ENSG00000254858,MONDO_0009767,"oculocerebral hypopigmentation syndrome, Cross type","integumentary system disease; genetic, familial or congenital disease; nutritional or metabolic disease; phenotype",0.0339126474658682
MPV17L2,ENSG00000254858,MONDO_0019406,craniofacial conodysplasia,"genetic, familial or congenital disease; musculoskeletal or connective tissue disease; phenotype",0.0332769701158106
MPV17L2,ENSG00000254858,MONDO_0008671,Waardenburg syndrome type 2A,"genetic, familial or congenital disease",0.0332030541448736
MPV17L2,ENSG00000254858,MONDO_0019517,Waardenburg syndrome type 2,"genetic, familial or congenital disease",0.0322347549255997
MPV17L2,ENSG00000254858,MONDO_0018094,Waardenburg syndrome,"genetic, familial or congenital disease",0.0322347549255997
MPV17L2,ENSG00000254858,MONDO_0011874,neonatal ichthyosis-sclerosing cholangitis syndrome,"endocrine system disease; gastrointestinal disease; integumentary system disease; genetic, familial or congenital disease; phenotype",0.0316508187551979
MPV17L2,ENSG00000254858,MONDO_0007085,alopecia-epilepsy-pyorrhea-intellectual disability syndrome,"integumentary system disease; genetic, familial or congenital disease",0.0315177700075114
MPV17L2,ENSG00000254858,Orphanet_1008,Alopecia - epilepsy - pyorrhea - intellectual disability,"integumentary system disease; genetic, familial or congenital disease",0.0315177700075114
MPV17L2,ENSG00000254858,MONDO_0004992,cancer,cancer or benign tumor,0.031044707793515
MPV17L2,ENSG00000254858,EFO_0009048,Intrahepatic cholestasis of pregnancy,"gastrointestinal disease; genetic, familial or congenital disease",0.0265448147390544
MPV17L2,ENSG00000254858,EFO_0009150,"cholestasis, intrahepatic, of pregnancy 3","gastrointestinal disease; genetic, familial or congenital disease",0.0214546293111284
MPV17L2,ENSG00000254858,EFO_0000313,carcinoma,cancer or benign tumor,0.00739159709369404
MPV17L2,ENSG00000254858,HP_0001251,Ataxia,phenotype,0.00369579854684702
MPV17L2,ENSG00000254858,MONDO_0004976,amyotrophic lateral sclerosis,nervous system disease; phenotype,0.00369579854684702
MPV17L2,ENSG00000254858,EFO_0001071,lung carcinoma,respiratory or thoracic disease; cancer or benign tumor,0.00369579854684702
MPV17L2,ENSG00000254858,EFO_0000760,malignant peripheral nerve sheath tumor,nervous system disease; cancer or benign tumor,0.00369579854684702
MPV17L2,ENSG00000254858,EFO_0000637,osteosarcoma,musculoskeletal or connective tissue disease; cancer or benign tumor,0.00369579854684702
MPV17L2,ENSG00000254858,EFO_0002617,metastatic melanoma,cancer or benign tumor,0.00261107623535515
MPV17L2,ENSG00000254858,MONDO_0044970,mitochondrial disease,"genetic, familial or congenital disease",0.00221747912810821
MPV17L2,ENSG00000254858,EFO_0000616,neoplasm,cancer or benign tumor,0.00147831941873881
MPV17L2,ENSG00000254858,MONDO_0000553,uterine corpus endometrial carcinoma,reproductive system or breast disease; cancer or benign tumor,0
ORMDL3,ENSG00000172057,MONDO_0004979,asthma,phenotype; respiratory or thoracic disease,0.45611628982938
ORMDL3,ENSG00000172057,MONDO_0021400,polyp of colon,cancer or benign tumor; gastrointestinal disease,0.209405874041428
ORMDL3,ENSG00000172057,MONDO_0005271,allergic disease,immune system disease,0.208101360664557
ORMDL3,ENSG00000172057,MONDO_0005405,childhood onset asthma,phenotype; respiratory or thoracic disease,0.202216793351587
ORMDL3,ENSG00000172057,EFO_0000684,respiratory system disease,respiratory or thoracic disease,0.199742882975447
ORMDL3,ENSG00000172057,MONDO_0004784,allergic asthma,respiratory or thoracic disease; phenotype; immune system disease,0.182856734554797
ORMDL3,ENSG00000172057,EFO_0005854,allergic rhinitis,respiratory or thoracic disease; immune system disease,0.177118370605121
ORMDL3,ENSG00000172057,MONDO_0005147,type 1 diabetes mellitus,endocrine system disease; gastrointestinal disease; immune system disease; nutritional or metabolic disease; phenotype,0.17536266299098
ORMDL3,ENSG00000172057,HP_0001977,Abnormal thrombosis,phenotype,0.15757712191761
ORMDL3,ENSG00000172057,HP_0030828,Wheezing,phenotype,0.152666824933061
ORMDL3,ENSG00000172057,EFO_0005140,autoimmune disease,immune system disease,0.147681644136497
ORMDL3,ENSG00000172057,EFO_0000319,cardiovascular disease,cardiovascular disease,0.146417416707674
ORMDL3,ENSG00000172057,EFO_0009433,lower respiratory tract disease,respiratory or thoracic disease,0.143876141838613
ORMDL3,ENSG00000172057,EFO_1001486,primary biliary cirrhosis,"gastrointestinal disease; genetic, familial or congenital disease; endocrine system disease; cancer or benign tumor",0.133004995838434
ORMDL3,ENSG00000172057,EFO_0000275,atrial fibrillation,cardiovascular disease,0.132817017846367
ORMDL3,ENSG00000172057,EFO_0010638,atopic asthma,phenotype; respiratory or thoracic disease,0.132171260825409
ORMDL3,ENSG00000172057,EFO_0003907,deep vein thrombosis,phenotype,0.131724058544844
ORMDL3,ENSG00000172057,EFO_0000220,acute lymphoblastic leukemia,"hematologic disease; genetic, familial or congenital disease; cancer or benign tumor",0.126125140561411
ORMDL3,ENSG00000172057,EFO_0000341,chronic obstructive pulmonary disease,respiratory or thoracic disease,0.111857161420643
ORMDL3,ENSG00000172057,EFO_0000685,rheumatoid arthritis,immune system disease; musculoskeletal or connective tissue disease; phenotype,0.105580063397441
ORMDL3,ENSG00000172057,MONDO_0002465,bronchiolitis,respiratory or thoracic disease; phenotype,0.103355812145047
ORMDL3,ENSG00000172057,EFO_0000729,ulcerative colitis,"gastrointestinal disease; immune system disease; genetic, familial or congenital disease",0.097642259839336
ORMDL3,ENSG00000172057,EFO_0000717,systemic scleroderma,"respiratory or thoracic disease; urinary system disease; integumentary system disease; immune system disease; musculoskeletal or connective tissue disease; disorder of visual system; genetic, familial or congenital disease; phenotype",0.096074332790922
ORMDL3,ENSG00000172057,EFO_0000701,skin disease,integumentary system disease,0.0941080346711246
ORMDL3,ENSG00000172057,EFO_1000024,chronic rhinosinusitis,respiratory or thoracic disease; musculoskeletal or connective tissue disease,0.0932766426578273
ORMDL3,ENSG00000172057,MONDO_0002974,cervical cancer,reproductive system or breast disease; cancer or benign tumor,0.0918335148113629
ORMDL3,ENSG00000172057,EFO_0002686,atopy,immune system disease,0.090750005337278
ORMDL3,ENSG00000172057,EFO_0000616,neoplasm,cancer or benign tumor,0.0853185515376129
ORMDL3,ENSG00000172057,EFO_0000544,infection,biological_process,0.085284724755211
ORMDL3,ENSG00000172057,EFO_0003767,inflammatory bowel disease,"immune system disease; gastrointestinal disease; genetic, familial or congenital disease",0.0846934180988905
ORMDL3,ENSG00000172057,MONDO_0024355,respiratory tract infectious disorder,infectious disease; respiratory or thoracic disease,0.0793604096682087
ORMDL3,ENSG00000172057,MONDO_0007915,systemic lupus erythematosus,immune system disease; urinary system disease; musculoskeletal or connective tissue disease; phenotype,0.0789820320489805
ORMDL3,ENSG00000172057,MONDO_0004975,Alzheimer disease,psychiatric disorder; nervous system disease; phenotype,0.0779840185263115
ORMDL3,ENSG00000172057,EFO_0000182,hepatocellular carcinoma,gastrointestinal disease; endocrine system disease; cancer or benign tumor,0.0739159709369404
ORMDL3,ENSG00000172057,HP_0000964,Eczematoid dermatitis,phenotype,0.0730690300267778
ORMDL3,ENSG00000172057,EFO_0008521,rhinitis,respiratory or thoracic disease,0.071054534368226
ORMDL3,ENSG00000172057,EFO_0000384,Crohn's disease,"immune system disease; gastrointestinal disease; genetic, familial or congenital disease",0.0709358282560326
ORMDL3,ENSG00000172057,MONDO_0100096,COVID-19,infectious disease,0.0680989285459262
ORMDL3,ENSG00000172057,EFO_0003106,pneumonia,infectious disease; respiratory or thoracic disease; phenotype,0.0675530330462335
ORMDL3,ENSG00000172057,MONDO_0002691,liver cancer,gastrointestinal disease; endocrine system disease; cancer or benign tumor,0.0650460544245075
ORMDL3,ENSG00000172057,EFO_0004267,biliary liver cirrhosis,endocrine system disease; gastrointestinal disease; cancer or benign tumor,0.060477105667392
ORMDL3,ENSG00000172057,EFO_0001061,cervical carcinoma,cancer or benign tumor; reproductive system or breast disease,0.0583171251504289
ORMDL3,ENSG00000172057,MONDO_0009744,neuronal ceroid lipofuscinosis 1,"nervous system disease; genetic, familial or congenital disease; nutritional or metabolic disease",0.0490875962992221
ORMDL3,ENSG00000172057,EFO_0000464,emphysema,respiratory or thoracic disease,0.0476130280309248
ORMDL3,ENSG00000172057,EFO_0006505,chronic bronchitis,respiratory or thoracic disease,0.0476130280309248
ORMDL3,ENSG00000172057,EFO_1001223,ulcerative proctosigmoiditis,"immune system disease; gastrointestinal disease; genetic, familial or congenital disease",0.0467544452408787
ORMDL3,ENSG00000172057,MONDO_0011988,neutrophil immunodeficiency syndrome,"hematologic disease; immune system disease; genetic, familial or congenital disease; phenotype",0.0466243465677486
ORMDL3,ENSG00000172057,EFO_1001249,non-alcoholic steatohepatitis,endocrine system disease; gastrointestinal disease,0.045827901980903
ORMDL3,ENSG00000172057,EFO_0004799,cholelithiasis,urinary system disease; gastrointestinal disease,0.0451528627467281
ORMDL3,ENSG00000172057,MONDO_0009296,glycoprotein storage disease,"genetic, familial or congenital disease; nutritional or metabolic disease",0.0448891691500039
PGBD1,ENSG00000137338,Orphanet_2542,Isolated anophthalmia - microphthalmia,"disorder of visual system; genetic, familial or congenital disease",0.0828757015137258
PGBD1,ENSG00000137338,EFO_0005569,microphthalmia,disorder of visual system,0.0758474363219509
PGBD1,ENSG00000137338,MONDO_0005514,nanophthalmia,"genetic, familial or congenital disease; disorder of visual system",0.0627694425196498
PGBD1,ENSG00000137338,MONDO_0012299,nanophthalmos 2,"genetic, familial or congenital disease; disorder of visual system",0.0625476946068389
PGBD1,ENSG00000137338,MONDO_0013377,isolated microphthalmia 7,"disorder of visual system; genetic, familial or congenital disease",0.0625476946068389
PGBD1,ENSG00000137338,Orphanet_85275,Microphthalmia - ankyloblepharon - intellectual disability,"genetic, familial or congenital disease; nervous system disease; disorder of visual system",0.0600197684007956
PGBD1,ENSG00000137338,Orphanet_983,Testicular regression syndrome,"genetic, familial or congenital disease; reproductive system or breast disease",0.0459332322394882
PGBD1,ENSG00000137338,MONDO_0004975,Alzheimer disease,psychiatric disorder; nervous system disease; phenotype,0.0454275238049946
PGBD1,ENSG00000137338,MONDO_0014635,"microphthalmia, isolated, with coloboma 10","disorder of visual system; genetic, familial or congenital disease",0.0340013466309926
PGBD1,ENSG00000137338,MONDO_0016281,"46,XX ovotesticular disorder of sex development","endocrine system disease; genetic, familial or congenital disease; reproductive system or breast disease",0.0337795987181817
PGBD1,ENSG00000137338,MONDO_0019155,Leydig cell hypoplasia,endocrine system disease,0.0336243751792142
PGBD1,ENSG00000137338,MONDO_0017967,testicular agenesis,"endocrine system disease; genetic, familial or congenital disease; reproductive system or breast disease",0.0333434944896538
PGBD1,ENSG00000137338,MONDO_0016674,"46,XY partial gonadal dysgenesis","endocrine system disease; genetic, familial or congenital disease; reproductive system or breast disease",0.0332252289361547
PGBD1,ENSG00000137338,MONDO_8000015,"46,XY sex reversal 11","endocrine system disease; reproductive system or breast disease; cardiovascular disease; genetic, familial or congenital disease; musculoskeletal or connective tissue disease",0.0331513129652177
PGBD1,ENSG00000137338,MONDO_0012709,"microphthalmia, isolated, with coloboma 5","disorder of visual system; genetic, familial or congenital disease",0.0330108726204376
PGBD1,ENSG00000137338,MONDO_0012164,Meacham syndrome,"genetic, familial or congenital disease; endocrine system disease; reproductive system or breast disease",0.0321386641633817
PGBD1,ENSG00000137338,MONDO_0010173,Mayer-Rokitansky-Kuster-Hauser syndrome type 1,reproductive system or breast disease,0.0320277902069763
PGBD1,ENSG00000137338,MONDO_0017771,Mayer-Rokitansky-Kuster-Hauser syndrome,reproductive system or breast disease,0.0320277902069763
PGBD1,ENSG00000137338,Orphanet_3109,Mayer-Rokitansky-Küster-Hauser syndrome,"urinary system disease; genetic, familial or congenital disease; reproductive system or breast disease; cancer or benign tumor",0.0320277902069763
PGBD1,ENSG00000137338,MONDO_0008729,congenital adrenal hyperplasia due to 11-beta-hydroxylase deficiency,"reproductive system or breast disease; endocrine system disease; nutritional or metabolic disease; genetic, familial or congenital disease",0.0306825195359239
PGBD1,ENSG00000137338,MONDO_0013914,hypogonadotropic hypogonadism 12 with or without anosmia,"genetic, familial or congenital disease; endocrine system disease; phenotype; reproductive system or breast disease",0.0303498976667077
PGBD1,ENSG00000137338,MONDO_0011549,hypotrichosis 1,"genetic, familial or congenital disease; integumentary system disease; phenotype",0.0273489092466679
PGBD1,ENSG00000137338,MONDO_0005090,schizophrenia,psychiatric disorder; nervous system disease,0.0151476409885355
PGBD1,ENSG00000137338,EFO_0004239,chronic hepatitis B virus infection,infectious disease; gastrointestinal disease; endocrine system disease,0.00369579854684702
PGBD1,ENSG00000137338,MONDO_0018899,posterior cortical atrophy,"nervous system disease; genetic, familial or congenital disease; psychiatric disorder; phenotype",0.00369579854684702
PGBD1,ENSG00000137338,MONDO_0002025,psychiatric disorder,psychiatric disorder,0.00221747912810821
PGBD1,ENSG00000137338,EFO_0000474,epilepsy,nervous system disease,0.00221747912810821
PGBD1,ENSG00000137338,EFO_1000642,hemochromatosis,nutritional or metabolic disease,0.00147831941873881
PGBD1,ENSG00000137338,MONDO_0004985,bipolar disorder,psychiatric disorder; nervous system disease,0.00147831941873881
PGBD1,ENSG00000137338,MONDO_0002009,major depressive disorder,psychiatric disorder; nervous system disease,0.00147831941873881
PGBD1,ENSG00000137338,MONDO_0100096,COVID-19,infectious disease,0.00147831941873881
PGBD1,ENSG00000137338,EFO_0000616,neoplasm,cancer or benign tumor,0.00147831941873881
PGBD1,ENSG00000137338,MONDO_0800385,iron poisoning,"injury, poisoning or other complication",0.00147831941873881
PGBD1,ENSG00000137338,MONDO_0010679,Duchenne muscular dystrophy,"nervous system disease; genetic, familial or congenital disease; musculoskeletal or connective tissue disease; phenotype",0.00147831941873881
PGBD1,ENSG00000137338,EFO_0000677,mental or behavioural disorder,psychiatric disorder; nervous system disease,0.00147831941873881
PGBD1,ENSG00000137338,MONDO_0008903,lung cancer,respiratory or thoracic disease; cancer or benign tumor,0
PGBD1,ENSG00000137338,MONDO_0001056,gastric cancer,gastrointestinal disease; cancer or benign tumor,0
PGBD1,ENSG00000137338,EFO_0000365,colorectal adenocarcinoma,gastrointestinal disease; cancer or benign tumor,0
PGBD1,ENSG00000137338,MONDO_0001187,urinary bladder cancer,urinary system disease; cancer or benign tumor,0
PGBD1,ENSG00000137338,EFO_1000613,Uterine Carcinosarcoma,reproductive system or breast disease; cancer or benign tumor,0
PGBD1,ENSG00000137338,EFO_1000581,Thymoma,immune system disease; endocrine system disease; hematologic disease; cancer or benign tumor,0
PGBD1,ENSG00000137338,EFO_0000708,squamous cell lung carcinoma,respiratory or thoracic disease; cancer or benign tumor,0
PGBD1,ENSG00000137338,EFO_1001949,colon adenocarcinoma,gastrointestinal disease; cancer or benign tumor,0
PGBD1,ENSG00000137338,EFO_0000222,acute myeloid leukemia,hematologic disease; immune system disease; cancer or benign tumor; musculoskeletal or connective tissue disease,0
PGBD1,ENSG00000137338,MONDO_0008734,"adrenocortical carcinoma, hereditary","genetic, familial or congenital disease; urinary system disease; cardiovascular disease; endocrine system disease; cancer or benign tumor",0
PGBD1,ENSG00000137338,EFO_0000691,sarcoma,cancer or benign tumor,0
PGBD1,ENSG00000137338,MONDO_0004986,urinary bladder carcinoma,urinary system disease; cancer or benign tumor,0
PGBD1,ENSG00000137338,MONDO_0016419,hereditary breast carcinoma,"genetic, familial or congenital disease; integumentary system disease; reproductive system or breast disease; cancer or benign tumor",0
PGBD1,ENSG00000137338,Orphanet_227535,Hereditary breast cancer,"reproductive system or breast disease; genetic, familial or congenital disease; integumentary system disease; cancer or benign tumor",0
PGBD1,ENSG00000137338,EFO_1000043,ovarian serous cystadenocarcinoma,cancer or benign tumor; endocrine system disease; reproductive system or breast disease,0
PRSS16,ENSG00000112812,EFO_1000581,Thymoma,immune system disease; endocrine system disease; hematologic disease; cancer or benign tumor,0.059502356604237
PRSS16,ENSG00000112812,MONDO_0005090,schizophrenia,psychiatric disorder; nervous system disease,0.0179759534875809
PRSS16,ENSG00000112812,EFO_0000182,hepatocellular carcinoma,gastrointestinal disease; endocrine system disease; cancer or benign tumor,0.0170006733154963
PRSS16,ENSG00000112812,MONDO_0005147,type 1 diabetes mellitus,endocrine system disease; gastrointestinal disease; immune system disease; nutritional or metabolic disease; phenotype,0.0138387123365272
PRSS16,ENSG00000112812,MONDO_0002050,depressive disorder,psychiatric disorder; nervous system disease,0.0134896646959916
PRSS16,ENSG00000112812,MONDO_0002009,major depressive disorder,psychiatric disorder; nervous system disease,0.00873645712046337
PRSS16,ENSG00000112812,EFO_0001663,prostate carcinoma,cancer or benign tumor; reproductive system or breast disease,0.00873462583671007
PRSS16,ENSG00000112812,EFO_0007149,appendicitis,"gastrointestinal disease; immune system disease; genetic, familial or congenital disease",0.00813075680306344
PRSS16,ENSG00000112812,EFO_0000616,neoplasm,cancer or benign tumor,0.00740966544214529
PRSS16,ENSG00000112812,EFO_0000621,neuroblastoma,nervous system disease; cancer or benign tumor,0.00739159709369404
PRSS16,ENSG00000112812,EFO_0007520,trichinosis,infectious disease,0.00739159709369404
PRSS16,ENSG00000112812,EFO_1001052,myeloid sarcoma,cancer or benign tumor; hematologic disease; immune system disease; musculoskeletal or connective tissue disease,0.00646764745698228
PRSS16,ENSG00000112812,HP_0002960,Autoimmunity,phenotype,0.00576955217591118
PRSS16,ENSG00000112812,EFO_0003758,autism,psychiatric disorder; nervous system disease; phenotype,0.00558547301308002
PRSS16,ENSG00000112812,EFO_0000305,breast carcinoma,integumentary system disease; reproductive system or breast disease; cancer or benign tumor,0.00526982715062612
PRSS16,ENSG00000112812,MONDO_0019338,sarcoidosis,musculoskeletal or connective tissue disease,0.00517411796558583
PRSS16,ENSG00000112812,EFO_1000869,chronic interstitial cystitis,urinary system disease,0.00504134769797712
PRSS16,ENSG00000112812,EFO_0005140,autoimmune disease,immune system disease,0.00498932803824348
PRSS16,ENSG00000112812,EFO_0000565,leukemia,hematologic disease; cancer or benign tumor,0.00443495825621642
PRSS16,ENSG00000112812,MONDO_0004992,cancer,cancer or benign tumor,0.00425016832887407
PRSS16,ENSG00000112812,EFO_0000676,psoriasis,"immune system disease; integumentary system disease; genetic, familial or congenital disease",0.00422969848094517
PRSS16,ENSG00000112812,EFO_0004257,neurotic disorder,psychiatric disorder; nervous system disease,0.00369579854684702
PRSS16,ENSG00000112812,EFO_0003948,gastroesophageal reflux disease,"gastrointestinal disease; genetic, familial or congenital disease",0.00369579854684702
PRSS16,ENSG00000112812,MONDO_0018079,thymic epithelial neoplasm,immune system disease; endocrine system disease; hematologic disease; cancer or benign tumor,0.00369579854684702
PRSS16,ENSG00000112812,EFO_0000756,melanoma,cancer or benign tumor,0.00369579854684702
PRSS16,ENSG00000112812,EFO_0003872,colitis,"gastrointestinal disease; immune system disease; genetic, familial or congenital disease",0.00295663883747761
PRSS16,ENSG00000112812,EFO_0001064,Down syndrome,"genetic, familial or congenital disease",0.00276829708794973
PRSS16,ENSG00000112812,EFO_0000400,diabetes mellitus,endocrine system disease; nutritional or metabolic disease; phenotype,0.00275131669598611
PRSS16,ENSG00000112812,EFO_0000544,infection,biological_process,0.00258705898279291
PRSS16,ENSG00000112812,HP_0002647,Aortic dissection,phenotype,0.00221747912810821
PRSS16,ENSG00000112812,MONDO_0012657,Mungan syndrome,"genetic, familial or congenital disease",0.00221747912810821
PRSS16,ENSG00000112812,EFO_0003914,atherosclerosis,cardiovascular disease,0.00221747912810821
PRSS16,ENSG00000112812,MONDO_0004975,Alzheimer disease,psychiatric disorder; nervous system disease; phenotype,0.00147831941873881
PRSS16,ENSG00000112812,MONDO_0002025,psychiatric disorder,psychiatric disorder,0.00147831941873881
PRSS16,ENSG00000112812,EFO_0001066,experimental autoimmune encephalomyelitis,animal disease; nervous system disease,0.00147831941873881
PRSS16,ENSG00000112812,EFO_0004274,gout,nutritional or metabolic disease; musculoskeletal or connective tissue disease; phenotype,0.00147831941873881
PRSS16,ENSG00000112812,EFO_1000043,ovarian serous cystadenocarcinoma,cancer or benign tumor; endocrine system disease; reproductive system or breast disease,0
PRSS16,ENSG00000112812,MONDO_0001056,gastric cancer,gastrointestinal disease; cancer or benign tumor,0
PRSS16,ENSG00000112812,EFO_1000044,pancreatic adenocarcinoma,gastrointestinal disease; cancer or benign tumor; endocrine system disease,0
PRSS16,ENSG00000112812,MONDO_0000553,uterine corpus endometrial carcinoma,reproductive system or breast disease; cancer or benign tumor,0
PRSS16,ENSG00000112812,Orphanet_227535,Hereditary breast cancer,"reproductive system or breast disease; genetic, familial or congenital disease; integumentary system disease; cancer or benign tumor",0
PRSS16,ENSG00000112812,MONDO_0016419,hereditary breast carcinoma,"genetic, familial or congenital disease; integumentary system disease; reproductive system or breast disease; cancer or benign tumor",0
PRSS16,ENSG00000112812,MONDO_0015278,familial pancreatic carcinoma,"genetic, familial or congenital disease; gastrointestinal disease; endocrine system disease; cancer or benign tumor",0
PRSS16,ENSG00000112812,MONDO_0008567,"thyroid cancer, nonmedullary, 1","endocrine system disease; genetic, familial or congenital disease; cancer or benign tumor",0
PRSS16,ENSG00000112812,MONDO_0008903,lung cancer,respiratory or thoracic disease; cancer or benign tumor,0
R3HDM4,ENSG00000198858,EFO_0005772,neurodegenerative disease,nervous system disease,0.481938465677295
R3HDM4,ENSG00000198858,EFO_0000400,diabetes mellitus,endocrine system disease; nutritional or metabolic disease; phenotype,0.0857810354523768
R3HDM4,ENSG00000198858,EFO_0000274,atopic eczema,integumentary system disease; immune system disease,0.0367460694681075
R3HDM4,ENSG00000198858,EFO_0000616,neoplasm,cancer or benign tumor,0.0303055480841456
R3HDM4,ENSG00000198858,HP_0000964,Eczematoid dermatitis,phenotype,0.0267998944154787
R3HDM4,ENSG00000198858,MONDO_0002406,dermatitis,integumentary system disease,0.0267998944154787
R3HDM4,ENSG00000198858,MONDO_0007915,systemic lupus erythematosus,immune system disease; urinary system disease; musculoskeletal or connective tissue disease; phenotype,0.0201411598697883
R3HDM4,ENSG00000198858,EFO_1001486,primary biliary cirrhosis,"gastrointestinal disease; genetic, familial or congenital disease; endocrine system disease; cancer or benign tumor",0.0199621190523826
R3HDM4,ENSG00000198858,MONDO_0004992,cancer,cancer or benign tumor,0.0184789927342351
R3HDM4,ENSG00000198858,EFO_1000796,adrenal cortex carcinoma,cardiovascular disease; endocrine system disease; urinary system disease; cancer or benign tumor,0.0110873956405411
R3HDM4,ENSG00000198858,EFO_0002890,renal carcinoma,urinary system disease; cancer or benign tumor,0.00886991651243284
R3HDM4,ENSG00000198858,EFO_0006544,bladder transitional cell carcinoma,urinary system disease; cancer or benign tumor,0.00739159709369404
R3HDM4,ENSG00000198858,EFO_0000384,Crohn's disease,"immune system disease; gastrointestinal disease; genetic, familial or congenital disease",0.00444678043272116
R3HDM4,ENSG00000198858,EFO_0005543,glioma,nervous system disease; cancer or benign tumor,0.00369579854684702
R3HDM4,ENSG00000198858,EFO_0000403,diffuse large B-cell lymphoma,"hematologic disease; immune system disease; genetic, familial or congenital disease; cancer or benign tumor",0.00369579854684702
R3HDM4,ENSG00000198858,EFO_1000307,Invasive Breast Carcinoma,integumentary system disease; reproductive system or breast disease; cancer or benign tumor,0.00369579854684702
R3HDM4,ENSG00000198858,EFO_0000729,ulcerative colitis,"gastrointestinal disease; immune system disease; genetic, familial or congenital disease",0.00369579854684702
R3HDM4,ENSG00000198858,EFO_0000222,acute myeloid leukemia,hematologic disease; immune system disease; cancer or benign tumor; musculoskeletal or connective tissue disease,0.00369579854684702
R3HDM4,ENSG00000198858,EFO_0000681,renal cell carcinoma,urinary system disease; cancer or benign tumor,0.00369579854684702
R3HDM4,ENSG00000198858,MONDO_0005147,type 1 diabetes mellitus,endocrine system disease; gastrointestinal disease; immune system disease; nutritional or metabolic disease; phenotype,0.00367557827425533
R3HDM4,ENSG00000198858,MONDO_0007576,esophageal cancer,gastrointestinal disease; cancer or benign tumor,0
R3HDM4,ENSG00000198858,EFO_0005221,cholangiocarcinoma,gastrointestinal disease; endocrine system disease; cancer or benign tumor,0
R3HDM4,ENSG00000198858,EFO_1001949,colon adenocarcinoma,gastrointestinal disease; cancer or benign tumor,0
R3HDM4,ENSG00000198858,Orphanet_227535,Hereditary breast cancer,"reproductive system or breast disease; genetic, familial or congenital disease; integumentary system disease; cancer or benign tumor",0
R3HDM4,ENSG00000198858,MONDO_0002974,cervical cancer,reproductive system or breast disease; cancer or benign tumor,0
R3HDM4,ENSG00000198858,MONDO_0000553,uterine corpus endometrial carcinoma,reproductive system or breast disease; cancer or benign tumor,0
R3HDM4,ENSG00000198858,MONDO_0005575,colorectal cancer,gastrointestinal disease; cancer or benign tumor,0
R3HDM4,ENSG00000198858,MONDO_0016419,hereditary breast carcinoma,"genetic, familial or congenital disease; integumentary system disease; reproductive system or breast disease; cancer or benign tumor",0
R3HDM4,ENSG00000198858,EFO_1000581,Thymoma,immune system disease; endocrine system disease; hematologic disease; cancer or benign tumor,0
R3HDM4,ENSG00000198858,MONDO_0001056,gastric cancer,gastrointestinal disease; cancer or benign tumor,0
R3HDM4,ENSG00000198858,EFO_0000691,sarcoma,cancer or benign tumor,0
R3HDM4,ENSG00000198858,MONDO_0007763,nonpapillary renal cell carcinoma,urinary system disease; cancer or benign tumor,0
R3HDM4,ENSG00000198858,EFO_0000365,colorectal adenocarcinoma,gastrointestinal disease; cancer or benign tumor,0
R3HDM4,ENSG00000198858,MONDO_0008567,"thyroid cancer, nonmedullary, 1","endocrine system disease; genetic, familial or congenital disease; cancer or benign tumor",0
R3HDM4,ENSG00000198858,EFO_0000349,clear cell renal carcinoma,urinary system disease; cancer or benign tumor,0
R3HDM4,ENSG00000198858,MONDO_0008734,"adrenocortical carcinoma, hereditary","genetic, familial or congenital disease; urinary system disease; cardiovascular disease; endocrine system disease; cancer or benign tumor",0
R3HDM4,ENSG00000198858,MONDO_0008903,lung cancer,respiratory or thoracic disease; cancer or benign tumor,0
R3HDM4,ENSG00000198858,EFO_1000043,ovarian serous cystadenocarcinoma,cancer or benign tumor; endocrine system disease; reproductive system or breast disease,0
RNASEH2C,ENSG00000172922,Orphanet_51,Aicardi-Goutières syndrome,"genetic, familial or congenital disease",0.804171358716269
RNASEH2C,ENSG00000172922,MONDO_0012471,Aicardi-Goutieres syndrome 3,"immune system disease; musculoskeletal or connective tissue disease; genetic, familial or congenital disease; nervous system disease",0.751829210574608
RNASEH2C,ENSG00000172922,MONDO_0018866,Aicardi-Goutieres syndrome,"immune system disease; musculoskeletal or connective tissue disease; genetic, familial or congenital disease; nervous system disease",0.647089354640409
RNASEH2C,ENSG00000172922,EFO_0700095,type 1 interferonopathy,musculoskeletal or connective tissue disease,0.461974818355877
RNASEH2C,ENSG00000172922,EFO_0000508,genetic disorder,"genetic, familial or congenital disease",0.412154709649931
RNASEH2C,ENSG00000172922,MONDO_0030852,"neurodevelopmental disorder with dysmorphic facies, sleep disturbance, and brain abnormalities","nervous system disease; genetic, familial or congenital disease",0.387451093880122
RNASEH2C,ENSG00000172922,MONDO_0700258,RNASEH2C-related type 1 interferonopathy,"musculoskeletal or connective tissue disease; genetic, familial or congenital disease",0.369579854684702
RNASEH2C,ENSG00000172922,HP_0001249,Intellectual disability,phenotype,0.369579854684702
RNASEH2C,ENSG00000172922,HP_0000707,Abnormality of the nervous system,phenotype,0.340013466309926
RNASEH2C,ENSG00000172922,EFO_0004274,gout,nutritional or metabolic disease; musculoskeletal or connective tissue disease; phenotype,0.162644940463477
RNASEH2C,ENSG00000172922,MONDO_0004979,asthma,phenotype; respiratory or thoracic disease,0.124206002752818
RNASEH2C,ENSG00000172922,EFO_0010642,Neurodevelopmental disorder,nervous system disease,0.118265553499105
RNASEH2C,ENSG00000172922,EFO_1000243,Epidermal Inclusion Cyst,integumentary system disease; cancer or benign tumor,0.114958276968009
RNASEH2C,ENSG00000172922,EFO_0003884,chronic kidney disease,urinary system disease,0.110364358419714
RNASEH2C,ENSG00000172922,EFO_1002048,kidney failure,urinary system disease,0.0911661763611163
RNASEH2C,ENSG00000172922,EFO_0003777,heart disease,cardiovascular disease,0.0892090058323794
RNASEH2C,ENSG00000172922,EFO_0003913,angina pectoris,phenotype,0.0740955752754128
RNASEH2C,ENSG00000172922,EFO_1000648,developmental dysplasia of the hip,"genetic, familial or congenital disease; musculoskeletal or connective tissue disease",0.0739159709369404
RNASEH2C,ENSG00000172922,EFO_1000786,"osteoarthritis, hip",musculoskeletal or connective tissue disease; phenotype,0.0685631312876608
RNASEH2C,ENSG00000172922,EFO_0000384,Crohn's disease,"immune system disease; gastrointestinal disease; genetic, familial or congenital disease",0.0543037041567494
RNASEH2C,ENSG00000172922,EFO_0000274,atopic eczema,integumentary system disease; immune system disease,0.0519120859165583
RNASEH2C,ENSG00000172922,EFO_0003086,kidney disease,urinary system disease,0.0503094950750636
RNASEH2C,ENSG00000172922,MONDO_0007841,coxopodopatellar syndrome,"genetic, familial or congenital disease; musculoskeletal or connective tissue disease; phenotype",0.0501741610719951
RNASEH2C,ENSG00000172922,EFO_0004253,nephrolithiasis,urinary system disease,0.049784323026575
RNASEH2C,ENSG00000172922,EFO_1000839,bladder calculus,urinary system disease,0.049784323026575
RNASEH2C,ENSG00000172922,MONDO_0001302,hypertensive heart disease,cardiovascular disease,0.0486231240541868
RNASEH2C,ENSG00000172922,EFO_0000612,myocardial infarction,cardiovascular disease,0.0476051977544844
RNASEH2C,ENSG00000172922,MONDO_0005090,schizophrenia,psychiatric disorder; nervous system disease,0.0455214816610031
RNASEH2C,ENSG00000172922,EFO_1001375,Myocardial Ischemia,cardiovascular disease,0.0450794852271232
RNASEH2C,ENSG00000172922,MONDO_0008624,Upington disease,"genetic, familial or congenital disease; musculoskeletal or connective tissue disease",0.0450148263005967
RNASEH2C,ENSG00000172922,MONDO_0007726,"hip dysplasia, Beukes type","genetic, familial or congenital disease; musculoskeletal or connective tissue disease; phenotype",0.0442534917999462
RNASEH2C,ENSG00000172922,EFO_0000616,neoplasm,cancer or benign tumor,0.0428983656661023
RNASEH2C,ENSG00000172922,Orphanet_210110,Intermediate osteopetrosis,"genetic, familial or congenital disease; musculoskeletal or connective tissue disease",0.0421025370456812
RNASEH2C,ENSG00000172922,MONDO_0012679,autosomal recessive osteopetrosis 6,"disorder of visual system; genetic, familial or congenital disease; musculoskeletal or connective tissue disease; phenotype",0.0421025370456812
RNASEH2C,ENSG00000172922,Orphanet_2779,Osteopathia striata - pigmentary dermopathy - white forelock,"genetic, familial or congenital disease; musculoskeletal or connective tissue disease",0.0419547051038074
RNASEH2C,ENSG00000172922,MONDO_0017197,osteopathia striata-pigmentary dermopathy-white forelock syndrome,"integumentary system disease; genetic, familial or congenital disease; phenotype",0.0419547051038074
RNASEH2C,ENSG00000172922,MONDO_0013329,familial clubfoot due to 17q23.1q23.2 microduplication,"genetic, familial or congenital disease",0.04077944116591
RNASEH2C,ENSG00000172922,EFO_0004213,otosclerosis,"disorder of ear; nervous system disease; genetic, familial or congenital disease",0.0405562259408983
RNASEH2C,ENSG00000172922,MONDO_0004892,refractive error,disorder of visual system,0.0394804153559695
RNASEH2C,ENSG00000172922,MONDO_0002009,major depressive disorder,psychiatric disorder; nervous system disease,0.0370382585143657
RNASEH2C,ENSG00000172922,EFO_0003894,acne,"integumentary system disease; genetic, familial or congenital disease",0.0369212421876948
RNASEH2C,ENSG00000172922,EFO_0000400,diabetes mellitus,endocrine system disease; nutritional or metabolic disease; phenotype,0.0367863000259657
RNASEH2C,ENSG00000172922,Orphanet_370943,Autism spectrum disorder-epilepsy-arthrogryposis syndrome,"nutritional or metabolic disease; genetic, familial or congenital disease",0.0365588392254107
RNASEH2C,ENSG00000172922,MONDO_0014248,autism spectrum disorder - epilepsy - arthrogryposis syndrome,"genetic, familial or congenital disease; nutritional or metabolic disease; musculoskeletal or connective tissue disease",0.0365588392254107
RNASEH2C,ENSG00000172922,MONDO_0011765,multiple epiphyseal dysplasia type 5,"genetic, familial or congenital disease; musculoskeletal or connective tissue disease; phenotype",0.0364701400602864
RNASEH2C,ENSG00000172922,MONDO_0007177,auriculoosteodysplasia,musculoskeletal or connective tissue disease,0.0358196795160413
RNASEH2C,ENSG00000172922,MONDO_0010073,"spondyloepiphyseal dysplasia tarda, Kohn type","genetic, familial or congenital disease; musculoskeletal or connective tissue disease; phenotype",0.0355831484090431
RNASEH2C,ENSG00000172922,MONDO_0011555,radio-ulnar synostosis-amegakaryocytic thrombocytopenia syndrome,"hematologic disease; genetic, familial or congenital disease; musculoskeletal or connective tissue disease",0.0343635348885836
RNASEH2C,ENSG00000172922,Orphanet_71289,Radio-ulnar synostosis - amegakaryocytic thrombocytopenia,"genetic, familial or congenital disease; musculoskeletal or connective tissue disease; hematologic disease",0.0343635348885836
RNASEH2C,ENSG00000172922,MONDO_0015240,digitotalar dysmorphism,"genetic, familial or congenital disease; musculoskeletal or connective tissue disease",0.0342748357234593
RNASET2,ENSG00000026297,MONDO_0013058,cystic leukoencephalopathy without megalencephaly,"nervous system disease; genetic, familial or congenital disease",0.795963580971877
RNASET2,ENSG00000026297,EFO_0004705,hypothyroidism,endocrine system disease,0.559500788728025
RNASET2,ENSG00000026297,EFO_0004193,basal cell carcinoma,cancer or benign tumor; integumentary system disease,0.534608076599687
RNASET2,ENSG00000026297,EFO_1000627,thyroid disease,endocrine system disease,0.508919370139239
RNASET2,ENSG00000026297,EFO_1001055,myxedema,endocrine system disease,0.461958341903673
RNASET2,ENSG00000026297,EFO_0000685,rheumatoid arthritis,immune system disease; musculoskeletal or connective tissue disease; phenotype,0.442629932277941
RNASET2,ENSG00000026297,EFO_0009260,non-melanoma skin carcinoma,integumentary system disease; cancer or benign tumor,0.419060011260864
RNASET2,ENSG00000026297,EFO_0000508,genetic disorder,"genetic, familial or congenital disease",0.412307378963902
RNASET2,ENSG00000026297,EFO_0006812,autoimmune thyroid disease,immune system disease; endocrine system disease,0.410807744325293
RNASET2,ENSG00000026297,EFO_0000384,Crohn's disease,"immune system disease; gastrointestinal disease; genetic, familial or congenital disease",0.403958130632898
RNASET2,ENSG00000026297,EFO_0003767,inflammatory bowel disease,"immune system disease; gastrointestinal disease; genetic, familial or congenital disease",0.403213307136316
RNASET2,ENSG00000026297,EFO_0005140,autoimmune disease,immune system disease,0.396785760182874
RNASET2,ENSG00000026297,EFO_0004208,Vitiligo,immune system disease; integumentary system disease,0.367392676709594
RNASET2,ENSG00000026297,MONDO_0002898,skin cancer,integumentary system disease; cancer or benign tumor,0.353547675984597
RNASET2,ENSG00000026297,MONDO_0008903,lung cancer,respiratory or thoracic disease; cancer or benign tumor,0.33754395885948
RNASET2,ENSG00000026297,EFO_0003779,Hashimoto's thyroiditis,immune system disease; endocrine system disease,0.330196790436092
RNASET2,ENSG00000026297,EFO_0004198,skin neoplasm,integumentary system disease; cancer or benign tumor,0.323142497089475
RNASET2,ENSG00000026297,EFO_0000701,skin disease,integumentary system disease,0.319288409508975
RNASET2,ENSG00000026297,EFO_0000676,psoriasis,"immune system disease; integumentary system disease; genetic, familial or congenital disease",0.318919385129384
RNASET2,ENSG00000026297,HP_0000618,Blindness,phenotype,0.312003350141374
RNASET2,ENSG00000026297,EFO_0006917,spontaneous preterm birth,phenotype,0.287444901040123
RNASET2,ENSG00000026297,EFO_0001421,liver disease,endocrine system disease; gastrointestinal disease,0.287272989252973
RNASET2,ENSG00000026297,EFO_0009189,hyperthyroidism,endocrine system disease,0.284630165646263
RNASET2,ENSG00000026297,EFO_0010282,gastrointestinal disease,gastrointestinal disease,0.279225472664835
RNASET2,ENSG00000026297,EFO_0009518,complication,"injury, poisoning or other complication",0.277416610655893
RNASET2,ENSG00000026297,EFO_0002496,actinic keratosis,cancer or benign tumor; integumentary system disease,0.260557095686079
RNASET2,ENSG00000026297,HP_0001249,Intellectual disability,phenotype,0.230987409177939
RNASET2,ENSG00000026297,EFO_0000094,B-cell acute lymphoblastic leukemia,"hematologic disease; immune system disease; genetic, familial or congenital disease; cancer or benign tumor",0.22050871650774
RNASET2,ENSG00000026297,EFO_0004237,Graves disease,immune system disease; endocrine system disease; phenotype,0.193986504885174
RNASET2,ENSG00000026297,EFO_0000616,neoplasm,cancer or benign tumor,0.100652339668388
RNASET2,ENSG00000026297,MONDO_0007763,nonpapillary renal cell carcinoma,urinary system disease; cancer or benign tumor,0.0944508542739298
RNASET2,ENSG00000026297,EFO_0000400,diabetes mellitus,endocrine system disease; nutritional or metabolic disease; phenotype,0.0888357480699573
RNASET2,ENSG00000026297,MONDO_0008170,ovarian cancer,endocrine system disease; reproductive system or breast disease; cancer or benign tumor,0.088532377694435
RNASET2,ENSG00000026297,MONDO_0005148,type 2 diabetes mellitus,endocrine system disease; nutritional or metabolic disease; phenotype,0.0788976772515616
RNASET2,ENSG00000026297,EFO_0000182,hepatocellular carcinoma,gastrointestinal disease; endocrine system disease; cancer or benign tumor,0.0748399205736521
RNASET2,ENSG00000026297,MONDO_0018899,posterior cortical atrophy,"nervous system disease; genetic, familial or congenital disease; psychiatric disorder; phenotype",0.0746345984321606
RNASET2,ENSG00000026297,EFO_0009190,Thyrotoxicosis,immune system disease; endocrine system disease; phenotype,0.0700646869900867
RNASET2,ENSG00000026297,GO_0009410,response to xenobiotic stimulus,biological_process,0.0663683721571613
RNASET2,ENSG00000026297,EFO_0005755,rheumatic disease,musculoskeletal or connective tissue disease,0.0661451308014527
RNASET2,ENSG00000026297,EFO_0004283,goiter,endocrine system disease; phenotype,0.0611613074649861
RNASET2,ENSG00000026297,MONDO_0005341,skin basal cell carcinoma,integumentary system disease; cancer or benign tumor,0.0606110961682911
RNASET2,ENSG00000026297,EFO_0004329,alcohol drinking,biological_process,0.0534735941378928
RNASET2,ENSG00000026297,MONDO_0007669,renal cysts and diabetes syndrome,"immune system disease; genetic, familial or congenital disease; nutritional or metabolic disease; endocrine system disease; phenotype",0.0441574010377282
RNASET2,ENSG00000026297,MONDO_0033281,polycystic kidney disease 5,"genetic, familial or congenital disease; urinary system disease",0.0428860463376128
RNASET2,ENSG00000026297,MONDO_0004992,cancer,cancer or benign tumor,0.0428209253728199
RNASET2,ENSG00000026297,EFO_0004274,gout,nutritional or metabolic disease; musculoskeletal or connective tissue disease; phenotype,0.0416807551608659
RNASET2,ENSG00000026297,MONDO_0002181,exostosis,phenotype; musculoskeletal or connective tissue disease,0.0416807551608659
RNASET2,ENSG00000026297,EFO_0000349,clear cell renal carcinoma,urinary system disease; cancer or benign tumor,0.0395915436267425
RNASET2,ENSG00000026297,HP_0002352,Leukoencephalopathy,phenotype,0.03919162424021
RNASET2,ENSG00000026297,EFO_0000589,metabolic disease,nutritional or metabolic disease,0.0354796660497314
SCAND3,ENSG00000232040,EFO_0000182,hepatocellular carcinoma,gastrointestinal disease; endocrine system disease; cancer or benign tumor,0.0749709160999237
SCAND3,ENSG00000232040,EFO_0003060,non-small cell lung carcinoma,respiratory or thoracic disease; cancer or benign tumor,0.0739159709369404
SCAND3,ENSG00000232040,EFO_0000616,neoplasm,cancer or benign tumor,0.0669017559393077
SCAND3,ENSG00000232040,EFO_0000537,hypertension,cardiovascular disease; phenotype,0.0158406032160693
SCAND3,ENSG00000232040,EFO_0000272,astrocytoma,nervous system disease; cancer or benign tumor,0.0124120517380284
SCAND3,ENSG00000232040,MONDO_0016060,laryngotracheoesophageal cleft,gastrointestinal disease; respiratory or thoracic disease,0.0110873956405411
SCAND3,ENSG00000232040,MONDO_0008903,lung cancer,respiratory or thoracic disease; cancer or benign tumor,0.00886991651243284
SCAND3,ENSG00000232040,MONDO_0004979,asthma,phenotype; respiratory or thoracic disease,0.00739159709369404
SCAND3,ENSG00000232040,EFO_1000869,chronic interstitial cystitis,urinary system disease,0.00731178630762181
SCAND3,ENSG00000232040,EFO_0000565,leukemia,hematologic disease; cancer or benign tumor,0.00443495825621642
SCAND3,ENSG00000232040,EFO_0000319,cardiovascular disease,cardiovascular disease,0.00443495825621642
SCAND3,ENSG00000232040,EFO_0000641,papillary thyroid carcinoma,endocrine system disease; cancer or benign tumor,0.00443495825621642
SCAND3,ENSG00000232040,EFO_0000707,squamous cell carcinoma,cancer or benign tumor,0.00369579854684702
SCAND3,ENSG00000232040,EFO_0005922,esophageal squamous cell carcinoma,gastrointestinal disease; cancer or benign tumor,0.00369579854684702
SCAND3,ENSG00000232040,EFO_0000571,lung adenocarcinoma,respiratory or thoracic disease; cancer or benign tumor,0.00369579854684702
SCAND3,ENSG00000232040,EFO_0001422,cirrhosis of liver,endocrine system disease; gastrointestinal disease; cancer or benign tumor,0.00369579854684702
SCAND3,ENSG00000232040,EFO_1000796,adrenal cortex carcinoma,cardiovascular disease; endocrine system disease; urinary system disease; cancer or benign tumor,0.00330248813665794
SCAND3,ENSG00000232040,EFO_0000199,oral squamous cell carcinoma,gastrointestinal disease; cancer or benign tumor,0.00215307817114832
SCAND3,ENSG00000232040,MONDO_0004992,cancer,cancer or benign tumor,0.00201215698661671
SCAND3,ENSG00000232040,MONDO_0004975,Alzheimer disease,psychiatric disorder; nervous system disease; phenotype,0.00147831941873881
SCAND3,ENSG00000232040,MONDO_0002691,liver cancer,gastrointestinal disease; endocrine system disease; cancer or benign tumor,0.00147831941873881
SCAND3,ENSG00000232040,EFO_0004906,lymph node metastatic carcinoma,hematologic disease; immune system disease; cancer or benign tumor,0.00147831941873881
SCAND3,ENSG00000232040,MONDO_0000553,uterine corpus endometrial carcinoma,reproductive system or breast disease; cancer or benign tumor,0
SCAND3,ENSG00000232040,EFO_1000043,ovarian serous cystadenocarcinoma,cancer or benign tumor; endocrine system disease; reproductive system or breast disease,0
SCAND3,ENSG00000232040,MONDO_0004986,urinary bladder carcinoma,urinary system disease; cancer or benign tumor,0
SCAND3,ENSG00000232040,MONDO_0001056,gastric cancer,gastrointestinal disease; cancer or benign tumor,0
SCAND3,ENSG00000232040,MONDO_0008567,"thyroid cancer, nonmedullary, 1","endocrine system disease; genetic, familial or congenital disease; cancer or benign tumor",0
SCAND3,ENSG00000232040,MONDO_0001187,urinary bladder cancer,urinary system disease; cancer or benign tumor,0
SCAND3,ENSG00000232040,EFO_1000613,Uterine Carcinosarcoma,reproductive system or breast disease; cancer or benign tumor,0
SCAND3,ENSG00000232040,EFO_0005221,cholangiocarcinoma,gastrointestinal disease; endocrine system disease; cancer or benign tumor,0
SESN3,ENSG00000149212,EFO_0005772,neurodegenerative disease,nervous system disease,0.402499837983217
SESN3,ENSG00000149212,EFO_0000275,atrial fibrillation,cardiovascular disease,0.33355040613502
SESN3,ENSG00000149212,HP_0011024,Abnormality of the gastrointestinal tract,phenotype,0.296941617444893
SESN3,ENSG00000149212,EFO_0000546,injury,"injury, poisoning or other complication",0.269206302840846
SESN3,ENSG00000149212,HP_0000924,Abnormality of the skeletal system,phenotype,0.262365572881587
SESN3,ENSG00000149212,EFO_0004329,alcohol drinking,biological_process,0.208496734063274
SESN3,ENSG00000149212,EFO_0005922,esophageal squamous cell carcinoma,gastrointestinal disease; cancer or benign tumor,0.0744190101835945
SESN3,ENSG00000149212,EFO_0000220,acute lymphoblastic leukemia,"hematologic disease; genetic, familial or congenital disease; cancer or benign tumor",0.0702201723900933
SESN3,ENSG00000149212,EFO_0000341,chronic obstructive pulmonary disease,respiratory or thoracic disease,0.0680026932619852
SESN3,ENSG00000149212,EFO_0001073,obesity,nutritional or metabolic disease; phenotype,0.044112688826837
SESN3,ENSG00000149212,EFO_0009448,pulmonary fibrosis,respiratory or thoracic disease; cancer or benign tumor,0.0428712631434254
SESN3,ENSG00000149212,MONDO_0017910,dehydrated hereditary stomatocytosis,hematologic disease; phenotype,0.041516752976006
SESN3,ENSG00000149212,EFO_0004705,hypothyroidism,endocrine system disease,0.0403390054052025
SESN3,ENSG00000149212,Orphanet_766,Hemolytic anemia due to red cell pyruvate kinase deficiency,"nutritional or metabolic disease; genetic, familial or congenital disease; hematologic disease",0.03681754512369
SESN3,ENSG00000149212,EFO_0000685,rheumatoid arthritis,immune system disease; musculoskeletal or connective tissue disease; phenotype,0.0363754018515025
SESN3,ENSG00000149212,MONDO_0012204,familial pseudohyperkalemia,"genetic, familial or congenital disease; hematologic disease; phenotype",0.0349992122386413
SESN3,ENSG00000149212,HP_0000539,Abnormality of refraction,phenotype,0.033566910917824
SESN3,ENSG00000149212,EFO_0005140,autoimmune disease,immune system disease,0.032816773433796
SESN3,ENSG00000149212,MONDO_0007747,isolated hyperchlorhidrosis,"integumentary system disease; genetic, familial or congenital disease",0.0318503918767276
SESN3,ENSG00000149212,EFO_0000768,idiopathic pulmonary fibrosis,respiratory or thoracic disease; cancer or benign tumor,0.031044707793515
SESN3,ENSG00000149212,EFO_1000627,thyroid disease,endocrine system disease,0.0302882687290771
SESN3,ENSG00000149212,EFO_0006812,autoimmune thyroid disease,immune system disease; endocrine system disease,0.0281841798544478
SESN3,ENSG00000149212,MONDO_0016060,laryngotracheoesophageal cleft,gastrointestinal disease; respiratory or thoracic disease,0.0280880689560373
SESN3,ENSG00000149212,EFO_0004193,basal cell carcinoma,cancer or benign tumor; integumentary system disease,0.0268716149656141
SESN3,ENSG00000149212,MONDO_0008800,microphthalmia with limb anomalies,"genetic, familial or congenital disease",0.0266097495372985
SESN3,ENSG00000149212,EFO_0004208,Vitiligo,immune system disease; integumentary system disease,0.0259878602829131
SESN3,ENSG00000149212,EFO_1001249,non-alcoholic steatohepatitis,endocrine system disease; gastrointestinal disease,0.0254086150095733
SESN3,ENSG00000149212,EFO_0000537,hypertension,cardiovascular disease; phenotype,0.0251314301185597
SESN3,ENSG00000149212,EFO_1001055,myxedema,endocrine system disease,0.0242874086165033
SESN3,ENSG00000149212,EFO_0009189,hyperthyroidism,endocrine system disease,0.024149228583607
SESN3,ENSG00000149212,EFO_0000556,ischemia,phenotype,0.0241048194111022
SESN3,ENSG00000149212,EFO_0009190,Thyrotoxicosis,immune system disease; endocrine system disease; phenotype,0.0240622411284409
SESN3,ENSG00000149212,EFO_1001051,mycosis fungoides,"integumentary system disease; cancer or benign tumor; hematologic disease; genetic, familial or congenital disease",0.0236531106998209
SESN3,ENSG00000149212,EFO_0009492,cardiac arrest,cardiovascular disease,0.022999527891671
SESN3,ENSG00000149212,EFO_1000941,frozen shoulder,musculoskeletal or connective tissue disease,0.0225533274226644
SESN3,ENSG00000149212,EFO_0003779,Hashimoto's thyroiditis,immune system disease; endocrine system disease,0.0221669058962374
SESN3,ENSG00000149212,EFO_0002496,actinic keratosis,cancer or benign tumor; integumentary system disease,0.0216478180456659
SESN3,ENSG00000149212,EFO_0000616,neoplasm,cancer or benign tumor,0.0214326360512584
SESN3,ENSG00000149212,EFO_0004237,Graves disease,immune system disease; endocrine system disease; phenotype,0.0202433325035974
SESN3,ENSG00000149212,EFO_0004198,skin neoplasm,integumentary system disease; cancer or benign tumor,0.0198953826829329
SESN3,ENSG00000149212,EFO_0004991,Myasthenia gravis,immune system disease; nervous system disease; phenotype,0.0194299268932027
SESN3,ENSG00000149212,MONDO_0005301,multiple sclerosis,nervous system disease; immune system disease,0.0193193828668856
SESN3,ENSG00000149212,EFO_0001376,synovial sarcoma,cancer or benign tumor,0.0192181524436045
SESN3,ENSG00000149212,MONDO_0002691,liver cancer,gastrointestinal disease; endocrine system disease; cancer or benign tumor,0.019012830302113
SESN3,ENSG00000149212,EFO_0004283,goiter,endocrine system disease; phenotype,0.0189714330462211
SESN3,ENSG00000149212,EFO_0000701,skin disease,integumentary system disease,0.0189714330462211
SESN3,ENSG00000149212,MONDO_0002898,skin cancer,integumentary system disease; cancer or benign tumor,0.0189714330462211
SESN3,ENSG00000149212,EFO_0000544,infection,biological_process,0.0188485725889198
SESN3,ENSG00000149212,EFO_0000182,hepatocellular carcinoma,gastrointestinal disease; endocrine system disease; cancer or benign tumor,0.0176851984791139
SESN3,ENSG00000149212,MONDO_0005148,type 2 diabetes mellitus,endocrine system disease; nutritional or metabolic disease; phenotype,0.0173164587691102
SPATA21,ENSG00000187144,MONDO_0004975,Alzheimer disease,psychiatric disorder; nervous system disease; phenotype,0.139557962373854
SPATA21,ENSG00000187144,EFO_0001061,cervical carcinoma,cancer or benign tumor; reproductive system or breast disease,0.0737146795046698
SPATA21,ENSG00000187144,MONDO_0020686,acute tonsillitis,gastrointestinal disease; immune system disease; respiratory or thoracic disease,0.0709192350188593
SPATA21,ENSG00000187144,MONDO_0022096,pyogenic granuloma,cardiovascular disease; cancer or benign tumor,0.0215763818031296
SPATA21,ENSG00000187144,EFO_0004191,androgenetic alopecia,"integumentary system disease; genetic, familial or congenital disease; phenotype",0.0200253702650096
SPATA21,ENSG00000187144,MONDO_0100096,COVID-19,infectious disease,0.00819972603448914
SPATA21,ENSG00000187144,EFO_0000479,essential thrombocythemia,"hematologic disease; immune system disease; genetic, familial or congenital disease; cancer or benign tumor; musculoskeletal or connective tissue disease",0.00517411796558583
SPATA21,ENSG00000187144,Orphanet_178333,Åland Islands eye disease,"disorder of visual system; genetic, familial or congenital disease",0.00443495825621642
SPATA21,ENSG00000187144,EFO_0000182,hepatocellular carcinoma,gastrointestinal disease; endocrine system disease; cancer or benign tumor,0.00221747912810821
SPATA21,ENSG00000187144,MONDO_0000726,idiopathic scoliosis,musculoskeletal or connective tissue disease,0.00147831941873881
SPATA21,ENSG00000187144,EFO_0000279,azoospermia,"genetic, familial or congenital disease; reproductive system or breast disease; phenotype",0.00147831941873881
SPATA21,ENSG00000187144,EFO_0000616,neoplasm,cancer or benign tumor,0.00147831941873881
SPATA21,ENSG00000187144,EFO_1001949,colon adenocarcinoma,gastrointestinal disease; cancer or benign tumor,0
SPATA21,ENSG00000187144,MONDO_0016419,hereditary breast carcinoma,"genetic, familial or congenital disease; integumentary system disease; reproductive system or breast disease; cancer or benign tumor",0
SPATA21,ENSG00000187144,MONDO_0007576,esophageal cancer,gastrointestinal disease; cancer or benign tumor,0
SPATA21,ENSG00000187144,EFO_0000691,sarcoma,cancer or benign tumor,0
SPATA21,ENSG00000187144,MONDO_0002974,cervical cancer,reproductive system or breast disease; cancer or benign tumor,0
SPATA21,ENSG00000187144,EFO_1000043,ovarian serous cystadenocarcinoma,cancer or benign tumor; endocrine system disease; reproductive system or breast disease,0
SPATA21,ENSG00000187144,EFO_0000403,diffuse large B-cell lymphoma,"hematologic disease; immune system disease; genetic, familial or congenital disease; cancer or benign tumor",0
SPATA21,ENSG00000187144,Orphanet_227535,Hereditary breast cancer,"reproductive system or breast disease; genetic, familial or congenital disease; integumentary system disease; cancer or benign tumor",0
SPATA21,ENSG00000187144,MONDO_0000553,uterine corpus endometrial carcinoma,reproductive system or breast disease; cancer or benign tumor,0
SPATA21,ENSG00000187144,EFO_0000222,acute myeloid leukemia,hematologic disease; immune system disease; cancer or benign tumor; musculoskeletal or connective tissue disease,0
SPATA21,ENSG00000187144,EFO_1000581,Thymoma,immune system disease; endocrine system disease; hematologic disease; cancer or benign tumor,0
SPATA21,ENSG00000187144,EFO_0000365,colorectal adenocarcinoma,gastrointestinal disease; cancer or benign tumor,0
SPATA21,ENSG00000187144,MONDO_0008903,lung cancer,respiratory or thoracic disease; cancer or benign tumor,0
SPCS1,ENSG00000114902,EFO_0005547,dengue disease,infectious disease,0.461974818355877
SPCS1,ENSG00000114902,MONDO_0005178,osteoarthritis,musculoskeletal or connective tissue disease; phenotype,0.24612090345067
SPCS1,ENSG00000114902,MONDO_0005129,cataract,"genetic, familial or congenital disease; disorder of visual system; phenotype",0.138177392208764
SPCS1,ENSG00000114902,EFO_1000786,"osteoarthritis, hip",musculoskeletal or connective tissue disease; phenotype,0.0665972155780291
SPCS1,ENSG00000114902,MONDO_0004985,bipolar disorder,psychiatric disorder; nervous system disease,0.057517438818906
SPCS1,ENSG00000114902,EFO_0000537,hypertension,cardiovascular disease; phenotype,0.0570797799292268
SPCS1,ENSG00000114902,MONDO_0005090,schizophrenia,psychiatric disorder; nervous system disease,0.0564658154061903
SPCS1,ENSG00000114902,EFO_0004616,"osteoarthritis, knee",musculoskeletal or connective tissue disease; phenotype,0.0553429637758331
SPCS1,ENSG00000114902,HP_0000023,Inguinal hernia,phenotype,0.0546641738377134
SPCS1,ENSG00000114902,HP_0000952,Jaundice,gastrointestinal disease; phenotype,0.0503097399911067
SPCS1,ENSG00000114902,EFO_0004253,nephrolithiasis,urinary system disease,0.0498622329462575
SPCS1,ENSG00000114902,EFO_1001228,ureterolithiasis,urinary system disease,0.0498622329462575
SPCS1,ENSG00000114902,EFO_0009963,bipolar I disorder,psychiatric disorder; nervous system disease,0.0460017405282239
SPCS1,ENSG00000114902,EFO_0000729,ulcerative colitis,"gastrointestinal disease; immune system disease; genetic, familial or congenital disease",0.0452865272452517
SPCS1,ENSG00000114902,HP_0000924,Abnormality of the skeletal system,phenotype,0.0418824287218247
SPCS1,ENSG00000114902,MONDO_0004975,Alzheimer disease,psychiatric disorder; nervous system disease; phenotype,0.0366356204507771
SPCS1,ENSG00000114902,MONDO_0005148,type 2 diabetes mellitus,endocrine system disease; nutritional or metabolic disease; phenotype,0.0345710944995315
SPCS1,ENSG00000114902,EFO_0004318,smoking behavior,biological_process,0.033506968136967
SPCS1,ENSG00000114902,EFO_0004247,mood disorder,psychiatric disorder; nervous system disease,0.0326506666916744
SPCS1,ENSG00000114902,EFO_0002571,medical procedure,medical procedure,0.028055366483407
SPCS1,ENSG00000114902,EFO_0004337,intelligence,biological_process,0.0272752675824335
SPCS1,ENSG00000114902,EFO_0001073,obesity,nutritional or metabolic disease; phenotype,0.0271605981511248
SPCS1,ENSG00000114902,MONDO_0002050,depressive disorder,psychiatric disorder; nervous system disease,0.0267945394646409
SPCS1,ENSG00000114902,EFO_0007490,spinal stenosis,musculoskeletal or connective tissue disease,0.0235556679751981
SPCS1,ENSG00000114902,EFO_0003767,inflammatory bowel disease,"immune system disease; gastrointestinal disease; genetic, familial or congenital disease",0.0225239384153564
SPCS1,ENSG00000114902,HP_0001822,Hallux valgus,phenotype,0.0195153706200617
SPCS1,ENSG00000114902,EFO_0006788,anxiety disorder,psychiatric disorder; nervous system disease,0.0192675934497163
SPCS1,ENSG00000114902,EFO_0009607,pituitary gland disease,endocrine system disease; reproductive system or breast disease; nervous system disease,0.0188027346921761
SPCS1,ENSG00000114902,EFO_0010726,total joint arthroplasty,medical procedure,0.0187133299340221
SPCS1,ENSG00000114902,MONDO_0008800,microphthalmia with limb anomalies,"genetic, familial or congenital disease",0.0158919337514422
SPCS1,ENSG00000114902,EFO_0000544,infection,biological_process,0.0150454578388288
SPCS1,ENSG00000114902,EFO_0001668,human papilloma virus infection,infectious disease,0.0129352949139646
SPCS1,ENSG00000114902,EFO_0001075,ovarian carcinoma,cancer or benign tumor; endocrine system disease; reproductive system or breast disease,0.00971371221944259
SPCS1,ENSG00000114902,MONDO_0001056,gastric cancer,gastrointestinal disease; cancer or benign tumor,0.00739159709369404
SPCS1,ENSG00000114902,EFO_0003047,hepatitis C virus infection,infectious disease; gastrointestinal disease; endocrine system disease,0.00739159709369404
SPCS1,ENSG00000114902,EFO_0000763,viral disease,infectious disease,0.00441442604206727
SPCS1,ENSG00000114902,MONDO_0008903,lung cancer,respiratory or thoracic disease; cancer or benign tumor,0.00406537840153172
SPCS1,ENSG00000114902,HP_0001636,Tetralogy of Fallot,phenotype,0.00369579854684702
SPCS1,ENSG00000114902,EFO_0002622,rotavirus infection,infectious disease; gastrointestinal disease,0.00369579854684702
SPCS1,ENSG00000114902,MONDO_0020380,autosomal dominant cerebellar ataxia,"genetic, familial or congenital disease; nervous system disease; psychiatric disorder; phenotype",0.00369579854684702
SPCS1,ENSG00000114902,EFO_0000319,cardiovascular disease,cardiovascular disease,0.00369579854684702
SPCS1,ENSG00000114902,MONDO_0002974,cervical cancer,reproductive system or breast disease; cancer or benign tumor,0.00369579854684702
SPCS1,ENSG00000114902,MONDO_0009901,Bartsocas-Papas syndrome 1,"genetic, familial or congenital disease; integumentary system disease",0.00295663883747761
SPCS1,ENSG00000114902,EFO_0010716,coinfection,infectious disease,0.00295663883747761
SPCS1,ENSG00000114902,EFO_0000186,invasive breast ductal carcinoma,integumentary system disease; reproductive system or breast disease; cancer or benign tumor,0.00276690568323831
SPCS1,ENSG00000114902,EFO_0000398,dermatomyositis,integumentary system disease; musculoskeletal or connective tissue disease; urinary system disease; immune system disease; nervous system disease; phenotype,0.00231624856566107
SPCS1,ENSG00000114902,MONDO_0007763,nonpapillary renal cell carcinoma,urinary system disease; cancer or benign tumor,0.00221747912810821
SPCS1,ENSG00000114902,EFO_0000181,head and neck squamous cell carcinoma,cancer or benign tumor,0.00221747912810821
SPCS1,ENSG00000114902,EFO_0007332,Japanese encephalitis,infectious disease; nervous system disease; phenotype,0.00221747912810821
SPCS1,ENSG00000114902,MONDO_0009685,Miyoshi myopathy,"nervous system disease; genetic, familial or congenital disease; musculoskeletal or connective tissue disease; phenotype",0.00221747912810821
THEMIS2,ENSG00000130775,EFO_0001421,liver disease,endocrine system disease; gastrointestinal disease,0.126004312833226
THEMIS2,ENSG00000130775,MONDO_0007254,breast cancer,integumentary system disease; reproductive system or breast disease; cancer or benign tumor,0.0747973802806353
THEMIS2,ENSG00000130775,EFO_0005537,triple-negative breast cancer,integumentary system disease; reproductive system or breast disease; cancer or benign tumor,0.0746551306463098
THEMIS2,ENSG00000130775,EFO_0000616,neoplasm,cancer or benign tumor,0.0679191889902211
THEMIS2,ENSG00000130775,MONDO_0008170,ovarian cancer,endocrine system disease; reproductive system or breast disease; cancer or benign tumor,0.0651328776389774
THEMIS2,ENSG00000130775,MONDO_0004992,cancer,cancer or benign tumor,0.0571375811820073
THEMIS2,ENSG00000130775,MONDO_0002108,thyroid cancer,endocrine system disease; cancer or benign tumor,0.0469366415449571
THEMIS2,ENSG00000130775,EFO_0000519,glioblastoma multiforme,nervous system disease; cancer or benign tumor,0.042677926982132
THEMIS2,ENSG00000130775,GO_0009410,response to xenobiotic stimulus,biological_process,0.0387684705777921
THEMIS2,ENSG00000130775,EFO_0000182,hepatocellular carcinoma,gastrointestinal disease; endocrine system disease; cancer or benign tumor,0.0292501338082492
THEMIS2,ENSG00000130775,EFO_0004192,alopecia areata,"integumentary system disease; genetic, familial or congenital disease; phenotype",0.0290303364060671
THEMIS2,ENSG00000130775,HP_0006554,Acute hepatic failure,phenotype,0.0270236789745454
THEMIS2,ENSG00000130775,EFO_0000095,chronic lymphocytic leukemia,"hematologic disease; immune system disease; genetic, familial or congenital disease; cancer or benign tumor",0.0253162200459021
THEMIS2,ENSG00000130775,MONDO_0018177,glioblastoma,nervous system disease; cancer or benign tumor,0.0236531106998209
THEMIS2,ENSG00000130775,EFO_0000349,clear cell renal carcinoma,urinary system disease; cancer or benign tumor,0.0223418438155102
THEMIS2,ENSG00000130775,EFO_0001071,lung carcinoma,respiratory or thoracic disease; cancer or benign tumor,0.0149014597408872
THEMIS2,ENSG00000130775,EFO_0000640,papillary renal cell carcinoma,cancer or benign tumor; urinary system disease,0.0116721216951584
THEMIS2,ENSG00000130775,EFO_0005232,endometrium adenocarcinoma,cancer or benign tumor; reproductive system or breast disease,0.0104919614302157
THEMIS2,ENSG00000130775,EFO_0000685,rheumatoid arthritis,immune system disease; musculoskeletal or connective tissue disease; phenotype,0.00958310606622419
THEMIS2,ENSG00000130775,EFO_0000649,periodontitis,gastrointestinal disease; musculoskeletal or connective tissue disease,0.00951298545958423
THEMIS2,ENSG00000130775,MONDO_0007915,systemic lupus erythematosus,immune system disease; urinary system disease; musculoskeletal or connective tissue disease; phenotype,0.00923949636711754
THEMIS2,ENSG00000130775,MONDO_0018948,multiminicore myopathy,"nervous system disease; genetic, familial or congenital disease",0.00923949636711754
THEMIS2,ENSG00000130775,EFO_0003834,cutaneous lupus erythematosus,immune system disease; musculoskeletal or connective tissue disease,0.00917961160857607
THEMIS2,ENSG00000130775,EFO_0002892,thyroid carcinoma,endocrine system disease; cancer or benign tumor,0.00886991651243284
THEMIS2,ENSG00000130775,EFO_0000199,oral squamous cell carcinoma,gastrointestinal disease; cancer or benign tumor,0.00871786445888893
THEMIS2,ENSG00000130775,EFO_1000869,chronic interstitial cystitis,urinary system disease,0.00863419087117854
THEMIS2,ENSG00000130775,EFO_0000729,ulcerative colitis,"gastrointestinal disease; immune system disease; genetic, familial or congenital disease",0.0085878171244031
THEMIS2,ENSG00000130775,EFO_0000544,infection,biological_process,0.00757638702103639
THEMIS2,ENSG00000130775,EFO_0000637,osteosarcoma,musculoskeletal or connective tissue disease; cancer or benign tumor,0.00749471681086769
THEMIS2,ENSG00000130775,EFO_1001331,"Genital neoplasm, female",reproductive system or breast disease; cancer or benign tumor,0.00739159709369404
THEMIS2,ENSG00000130775,MONDO_0011962,endometrial cancer,reproductive system or breast disease; cancer or benign tumor,0.00644711524283313
THEMIS2,ENSG00000130775,EFO_0000186,invasive breast ductal carcinoma,integumentary system disease; reproductive system or breast disease; cancer or benign tumor,0.00565083357178719
THEMIS2,ENSG00000130775,EFO_0003894,acne,"integumentary system disease; genetic, familial or congenital disease",0.00542500958339368
THEMIS2,ENSG00000130775,MONDO_0005184,pancreatic ductal adenocarcinoma,gastrointestinal disease; cancer or benign tumor; endocrine system disease,0.00540673915472475
THEMIS2,ENSG00000130775,EFO_0000571,lung adenocarcinoma,respiratory or thoracic disease; cancer or benign tumor,0.00521655992646455
THEMIS2,ENSG00000130775,EFO_0003095,non-alcoholic fatty liver disease,endocrine system disease; gastrointestinal disease,0.00517411796558583
THEMIS2,ENSG00000130775,EFO_0000384,Crohn's disease,"immune system disease; gastrointestinal disease; genetic, familial or congenital disease",0.00494421671153191
THEMIS2,ENSG00000130775,EFO_0001061,cervical carcinoma,cancer or benign tumor; reproductive system or breast disease,0.00443495825621642
THEMIS2,ENSG00000130775,EFO_0005856,arthritis,musculoskeletal or connective tissue disease; phenotype,0.00369579854684702
THEMIS2,ENSG00000130775,EFO_0005741,infectious disease,infectious disease,0.00369579854684702
THEMIS2,ENSG00000130775,MONDO_0009685,Miyoshi myopathy,"nervous system disease; genetic, familial or congenital disease; musculoskeletal or connective tissue disease; phenotype",0.00369579854684702
THEMIS2,ENSG00000130775,EFO_0007328,influenza,infectious disease; respiratory or thoracic disease,0.00369579854684702
THEMIS2,ENSG00000130775,EFO_0000565,leukemia,hematologic disease; cancer or benign tumor,0.00369579854684702
THEMIS2,ENSG00000130775,EFO_1000760,rosacea,integumentary system disease,0.00357372712715802
THEMIS2,ENSG00000130775,MONDO_0022529,BK-virus nephropathy,urinary system disease; infectious disease,0.00338677569969487
THEMIS2,ENSG00000130775,EFO_0000339,chronic myelogenous leukemia,"musculoskeletal or connective tissue disease; genetic, familial or congenital disease; hematologic disease; immune system disease; cancer or benign tumor",0.00317948306755341
THEMIS2,ENSG00000130775,EFO_0008504,hepatitis C virus induced hepatocellular carcinoma,gastrointestinal disease; endocrine system disease; cancer or benign tumor,0.00314151596677101
THEMIS2,ENSG00000130775,EFO_0000222,acute myeloid leukemia,hematologic disease; immune system disease; cancer or benign tumor; musculoskeletal or connective tissue disease,0.00295663883747761
THEMIS2,ENSG00000130775,HP_0012115,Hepatitis,phenotype,0.00295663883747761
THEMIS2,ENSG00000130775,EFO_0000178,gastric carcinoma,gastrointestinal disease; cancer or benign tumor,0.00275575766994797
TNFRSF14,ENSG00000157873,EFO_0000403,diffuse large B-cell lymphoma,"hematologic disease; immune system disease; genetic, familial or congenital disease; cancer or benign tumor",0.598317141383377
TNFRSF14,ENSG00000157873,EFO_0004705,hypothyroidism,endocrine system disease,0.520707566996773
TNFRSF14,ENSG00000157873,EFO_1001055,myxedema,endocrine system disease,0.424296238549616
TNFRSF14,ENSG00000157873,EFO_0005854,allergic rhinitis,respiratory or thoracic disease; immune system disease,0.406081292280262
TNFRSF14,ENSG00000157873,EFO_0000685,rheumatoid arthritis,immune system disease; musculoskeletal or connective tissue disease; phenotype,0.399513092954085
TNFRSF14,ENSG00000157873,EFO_0000574,lymphoma,"hematologic disease; genetic, familial or congenital disease; cancer or benign tumor",0.372523775339997
TNFRSF14,ENSG00000157873,EFO_0005952,non-Hodgkins lymphoma,"hematologic disease; genetic, familial or congenital disease; cancer or benign tumor",0.372059478856959
TNFRSF14,ENSG00000157873,MONDO_0019465,nodal marginal zone B-cell lymphoma,"gastrointestinal disease; hematologic disease; immune system disease; cancer or benign tumor; genetic, familial or congenital disease",0.370868251122561
TNFRSF14,ENSG00000157873,MONDO_0005341,skin basal cell carcinoma,integumentary system disease; cancer or benign tumor,0.369579854684702
TNFRSF14,ENSG00000157873,EFO_0001663,prostate carcinoma,cancer or benign tumor; reproductive system or breast disease,0.369579854684702
TNFRSF14,ENSG00000157873,MONDO_0016691,pilocytic astrocytoma,nervous system disease; cancer or benign tumor,0.369579854684702
TNFRSF14,ENSG00000157873,EFO_0000096,neoplasm of mature B-cells,"hematologic disease; immune system disease; genetic, familial or congenital disease; cancer or benign tumor",0.369579854684702
TNFRSF14,ENSG00000157873,EFO_0001642,lymphoid neoplasm,hematologic disease; cancer or benign tumor,0.369579854684702
TNFRSF14,ENSG00000157873,EFO_0001071,lung carcinoma,respiratory or thoracic disease; cancer or benign tumor,0.369579854684702
TNFRSF14,ENSG00000157873,EFO_0000729,ulcerative colitis,"gastrointestinal disease; immune system disease; genetic, familial or congenital disease",0.36429162481121
TNFRSF14,ENSG00000157873,EFO_1000627,thyroid disease,endocrine system disease,0.343109111024347
TNFRSF14,ENSG00000157873,EFO_0006812,autoimmune thyroid disease,immune system disease; endocrine system disease,0.338031145412386
TNFRSF14,ENSG00000157873,EFO_0000756,melanoma,cancer or benign tumor,0.297389802177294
TNFRSF14,ENSG00000157873,EFO_0000182,hepatocellular carcinoma,gastrointestinal disease; endocrine system disease; cancer or benign tumor,0.296488656284335
TNFRSF14,ENSG00000157873,EFO_0003060,non-small cell lung carcinoma,respiratory or thoracic disease; cancer or benign tumor,0.295628421068277
TNFRSF14,ENSG00000157873,EFO_0004268,sclerosing cholangitis,endocrine system disease; gastrointestinal disease; phenotype,0.291373732233576
TNFRSF14,ENSG00000157873,EFO_0005543,glioma,nervous system disease; cancer or benign tumor,0.285924723784569
TNFRSF14,ENSG00000157873,EFO_0003898,ankylosing spondylitis,immune system disease; musculoskeletal or connective tissue disease; phenotype,0.282182118182508
TNFRSF14,ENSG00000157873,EFO_0000676,psoriasis,"immune system disease; integumentary system disease; genetic, familial or congenital disease",0.281583202417685
TNFRSF14,ENSG00000157873,EFO_0001060,celiac disease,"gastrointestinal disease; genetic, familial or congenital disease; immune system disease",0.280237691452695
TNFRSF14,ENSG00000157873,EFO_0000384,Crohn's disease,"immune system disease; gastrointestinal disease; genetic, familial or congenital disease",0.280190194348736
TNFRSF14,ENSG00000157873,EFO_1000172,cervical squamous cell carcinoma,cancer or benign tumor; reproductive system or breast disease,0.28018772733284
TNFRSF14,ENSG00000157873,EFO_0000571,lung adenocarcinoma,respiratory or thoracic disease; cancer or benign tumor,0.279554581998204
TNFRSF14,ENSG00000157873,EFO_1001938,B-cell non-Hodgkins lymphoma,"hematologic disease; immune system disease; genetic, familial or congenital disease; cancer or benign tumor",0.279419172045891
TNFRSF14,ENSG00000157873,EFO_0005922,esophageal squamous cell carcinoma,gastrointestinal disease; cancer or benign tumor,0.278688744230927
TNFRSF14,ENSG00000157873,EFO_0000389,cutaneous melanoma,integumentary system disease; cancer or benign tumor,0.278339828059416
TNFRSF14,ENSG00000157873,EFO_0000708,squamous cell lung carcinoma,respiratory or thoracic disease; cancer or benign tumor,0.278339828059416
TNFRSF14,ENSG00000157873,EFO_0000673,prostate adenocarcinoma,cancer or benign tumor; reproductive system or breast disease,0.278339828059416
TNFRSF14,ENSG00000157873,MONDO_0005184,pancreatic ductal adenocarcinoma,gastrointestinal disease; cancer or benign tumor; endocrine system disease,0.27829363057758
TNFRSF14,ENSG00000157873,EFO_0000349,clear cell renal carcinoma,urinary system disease; cancer or benign tumor,0.278242300042208
TNFRSF14,ENSG00000157873,EFO_0000305,breast carcinoma,integumentary system disease; reproductive system or breast disease; cancer or benign tumor,0.278108840650238
TNFRSF14,ENSG00000157873,EFO_1001949,colon adenocarcinoma,gastrointestinal disease; cancer or benign tumor,0.278108840650238
TNFRSF14,ENSG00000157873,EFO_0000272,astrocytoma,nervous system disease; cancer or benign tumor,0.278108840650238
TNFRSF14,ENSG00000157873,EFO_1001972,undifferentiated pleomorphic sarcoma,cancer or benign tumor; musculoskeletal or connective tissue disease,0.278108840650238
TNFRSF14,ENSG00000157873,EFO_0000181,head and neck squamous cell carcinoma,cancer or benign tumor,0.278057510114865
TNFRSF14,ENSG00000157873,EFO_0000199,oral squamous cell carcinoma,gastrointestinal disease; cancer or benign tumor,0.277646865831882
TNFRSF14,ENSG00000157873,EFO_0000503,gastric adenocarcinoma,gastrointestinal disease; cancer or benign tumor,0.277554470868211
TNFRSF14,ENSG00000157873,MONDO_0002529,skin squamous cell carcinoma,integumentary system disease; cancer or benign tumor,0.277184891013526
TNFRSF14,ENSG00000157873,EFO_1000544,Spinal Cord Astrocytoma,nervous system disease; cancer or benign tumor,0.277184891013526
TNFRSF14,ENSG00000157873,EFO_0000178,gastric carcinoma,gastrointestinal disease; cancer or benign tumor,0.277184891013526
TNFRSF14,ENSG00000157873,MONDO_0011719,gastrointestinal stromal tumor,"genetic, familial or congenital disease; gastrointestinal disease; cancer or benign tumor",0.277184891013526
TNFRSF14,ENSG00000157873,EFO_1000223,Duodenal Adenocarcinoma,gastrointestinal disease; cancer or benign tumor,0.277184891013526
TNFRSF14,ENSG00000157873,EFO_0000183,Hodgkins lymphoma,"hematologic disease; genetic, familial or congenital disease; infectious disease; cancer or benign tumor",0.277184891013526
TNFRSF14,ENSG00000157873,EFO_1000547,Splenic Diffuse Large B-Cell Lymphoma,"hematologic disease; immune system disease; cancer or benign tumor; genetic, familial or congenital disease",0.277184891013526
TNFRSF14,ENSG00000157873,EFO_1000495,Primary Pulmonary Diffuse Large B-Cell Lymphoma,"hematologic disease; immune system disease; cancer or benign tumor; respiratory or thoracic disease; genetic, familial or congenital disease",0.277184891013526
TYMP,ENSG00000025708,MONDO_0011283,mitochondrial DNA depletion syndrome 1,"nervous system disease; genetic, familial or congenital disease; nutritional or metabolic disease; phenotype; musculoskeletal or connective tissue disease",0.810425826317789
TYMP,ENSG00000025708,MONDO_0017575,mitochondrial neurogastrointestinal encephalomyopathy,"nervous system disease; genetic, familial or congenital disease; nutritional or metabolic disease; phenotype; musculoskeletal or connective tissue disease",0.628131543547216
TYMP,ENSG00000025708,MONDO_0005575,colorectal cancer,gastrointestinal disease; cancer or benign tumor,0.516012392171988
TYMP,ENSG00000025708,EFO_0000508,genetic disorder,"genetic, familial or congenital disease",0.470619287631874
TYMP,ENSG00000025708,EFO_0004142,colorectal neoplasm,gastrointestinal disease; cancer or benign tumor,0.443923354508077
TYMP,ENSG00000025708,EFO_1001480,metastatic colorectal cancer,gastrointestinal disease; cancer or benign tumor,0.3712161306477
TYMP,ENSG00000025708,HP_0002352,Leukoencephalopathy,phenotype,0.370973110772359
TYMP,ENSG00000025708,MONDO_0044970,mitochondrial disease,"genetic, familial or congenital disease",0.370721343130324
TYMP,ENSG00000025708,EFO_0000365,colorectal adenocarcinoma,gastrointestinal disease; cancer or benign tumor,0.369579854684702
TYMP,ENSG00000025708,EFO_0002890,renal carcinoma,urinary system disease; cancer or benign tumor,0.363559591837188
TYMP,ENSG00000025708,EFO_0000616,neoplasm,cancer or benign tumor,0.313685728144673
TYMP,ENSG00000025708,MONDO_0001056,gastric cancer,gastrointestinal disease; cancer or benign tumor,0.267292705170044
TYMP,ENSG00000025708,EFO_1000988,intestinal pseudo-obstruction,phenotype,0.266097495372985
TYMP,ENSG00000025708,MONDO_0005301,multiple sclerosis,nervous system disease; immune system disease,0.205362156410038
TYMP,ENSG00000025708,MONDO_0015487,fatal infantile encephalocardiomyopathy,"genetic, familial or congenital disease; cardiovascular disease; nutritional or metabolic disease; musculoskeletal or connective tissue disease; phenotype",0.182369266563047
TYMP,ENSG00000025708,EFO_0009135,leigh syndrome due to mitochondrial complex iv deficiency,"nervous system disease; genetic, familial or congenital disease; phenotype; nutritional or metabolic disease",0.182331554332977
TYMP,ENSG00000025708,Orphanet_254905,Isolated cytochrome C oxidase deficiency,"genetic, familial or congenital disease; nutritional or metabolic disease",0.182331554332977
TYMP,ENSG00000025708,EFO_0000095,chronic lymphocytic leukemia,"hematologic disease; immune system disease; genetic, familial or congenital disease; cancer or benign tumor",0.148586136149694
TYMP,ENSG00000025708,EFO_1000657,rectum cancer,gastrointestinal disease; cancer or benign tumor,0.108000614771726
TYMP,ENSG00000025708,MONDO_0007254,breast cancer,integumentary system disease; reproductive system or breast disease; cancer or benign tumor,0.104557920624746
TYMP,ENSG00000025708,MONDO_0800195,achalasia-alacrima syndrome,"genetic, familial or congenital disease",0.0969120507839885
TYMP,ENSG00000025708,MONDO_0004992,cancer,cancer or benign tumor,0.0968290330983048
TYMP,ENSG00000025708,EFO_0000182,hepatocellular carcinoma,gastrointestinal disease; endocrine system disease; cancer or benign tumor,0.0913974344369416
TYMP,ENSG00000025708,MONDO_0011962,endometrial cancer,reproductive system or breast disease; cancer or benign tumor,0.0853175075154161
TYMP,ENSG00000025708,MONDO_0007763,nonpapillary renal cell carcinoma,urinary system disease; cancer or benign tumor,0.0850356875881921
TYMP,ENSG00000025708,EFO_0000681,renal cell carcinoma,urinary system disease; cancer or benign tumor,0.0836870066558745
TYMP,ENSG00000025708,EFO_0001361,pulmonary arterial hypertension,respiratory or thoracic disease; cardiovascular disease; phenotype,0.0826112207203815
TYMP,ENSG00000025708,MONDO_0100096,COVID-19,infectious disease,0.0803695460297241
TYMP,ENSG00000025708,EFO_0005221,cholangiocarcinoma,gastrointestinal disease; endocrine system disease; cancer or benign tumor,0.0788483430321589
TYMP,ENSG00000025708,EFO_0002618,pancreatic carcinoma,gastrointestinal disease; endocrine system disease; cancer or benign tumor,0.0769298436461892
TYMP,ENSG00000025708,EFO_0003869,breast neoplasm,integumentary system disease; reproductive system or breast disease; cancer or benign tumor,0.0762380616961385
TYMP,ENSG00000025708,MONDO_0100319,COVID-19–associated multisystem inflammatory syndrome in adults,infectious disease,0.0759435270841689
TYMP,ENSG00000025708,EFO_0000708,squamous cell lung carcinoma,respiratory or thoracic disease; cancer or benign tumor,0.0751119724111284
TYMP,ENSG00000025708,EFO_0008583,acute myocardial infarction,cardiovascular disease,0.0748399205736521
TYMP,ENSG00000025708,MONDO_0001187,urinary bladder cancer,urinary system disease; cancer or benign tumor,0.0739159709369404
TYMP,ENSG00000025708,EFO_0004252,nasopharyngeal neoplasm,respiratory or thoracic disease; cancer or benign tumor,0.0739159709369404
TYMP,ENSG00000025708,EFO_1000359,Malignant Pancreatic Neoplasm,gastrointestinal disease; endocrine system disease; cancer or benign tumor,0.0739159709369404
TYMP,ENSG00000025708,EFO_0003060,non-small cell lung carcinoma,respiratory or thoracic disease; cancer or benign tumor,0.0585011065771699
TYMP,ENSG00000025708,EFO_0009454,gastric ulcer,gastrointestinal disease; integumentary system disease; phenotype,0.055395913774407
TYMP,ENSG00000025708,MONDO_0019297,lymphedema,hematologic disease; integumentary system disease; immune system disease; phenotype,0.0487845408183806
TYMP,ENSG00000025708,EFO_1001951,colorectal carcinoma,gastrointestinal disease; cancer or benign tumor,0.0466510423341453
TYMP,ENSG00000025708,MONDO_0004986,urinary bladder carcinoma,urinary system disease; cancer or benign tumor,0.0430540532650559
TYMP,ENSG00000025708,EFO_0000685,rheumatoid arthritis,immune system disease; musculoskeletal or connective tissue disease; phenotype,0.0419818643722218
TYMP,ENSG00000025708,EFO_0000519,glioblastoma multiforme,nervous system disease; cancer or benign tumor,0.0398809358066236
TYMP,ENSG00000025708,MONDO_0044937,rectal carcinoma,gastrointestinal disease; cancer or benign tumor,0.0395450444512631
TYMP,ENSG00000025708,EFO_1001249,non-alcoholic steatohepatitis,endocrine system disease; gastrointestinal disease,0.0378511367839582
TYMP,ENSG00000025708,EFO_0003095,non-alcoholic fatty liver disease,endocrine system disease; gastrointestinal disease,0.03769068090586
TYMP,ENSG00000025708,MONDO_0001314,chondrocalcinosis,nutritional or metabolic disease; musculoskeletal or connective tissue disease; phenotype,0.0369727920430131
TYMP,ENSG00000025708,EFO_0000676,psoriasis,"immune system disease; integumentary system disease; genetic, familial or congenital disease",0.0348001528134522
TYMP,ENSG00000025708,EFO_1000796,adrenal cortex carcinoma,cardiovascular disease; endocrine system disease; urinary system disease; cancer or benign tumor,0.0332211224933249
VPS52,ENSG00000223501,MONDO_0005180,Parkinson disease,"nervous system disease; genetic, familial or congenital disease",0.0342995122427323
VPS52,ENSG00000223501,MONDO_0001056,gastric cancer,gastrointestinal disease; cancer or benign tumor,0.0301926209063252
VPS52,ENSG00000223501,MONDO_0005148,type 2 diabetes mellitus,endocrine system disease; nutritional or metabolic disease; phenotype,0.0149474519005813
VPS52,ENSG00000223501,EFO_0000220,acute lymphoblastic leukemia,"hematologic disease; genetic, familial or congenital disease; cancer or benign tumor",0.0147831941873881
VPS52,ENSG00000223501,EFO_0000544,infection,biological_process,0.0145984042600457
VPS52,ENSG00000223501,MONDO_0008458,spinocerebellar ataxia type 2,"genetic, familial or congenital disease; nervous system disease; psychiatric disorder; phenotype",0.0110873956405411
VPS52,ENSG00000223501,MONDO_0018899,posterior cortical atrophy,"nervous system disease; genetic, familial or congenital disease; psychiatric disorder; phenotype",0.00739159709369404
VPS52,ENSG00000223501,MONDO_0043797,spinal cord injury,"nervous system disease; injury, poisoning or other complication; musculoskeletal or connective tissue disease",0.00739159709369404
VPS52,ENSG00000223501,EFO_0000616,neoplasm,cancer or benign tumor,0.00718627495220254
VPS52,ENSG00000223501,MONDO_0007254,breast cancer,integumentary system disease; reproductive system or breast disease; cancer or benign tumor,0.00461974818355877
VPS52,ENSG00000223501,EFO_0006819,mild disease course,biological_process,0.00369579854684702
VPS52,ENSG00000223501,MONDO_0005090,schizophrenia,psychiatric disorder; nervous system disease,0.00369579854684702
VPS52,ENSG00000223501,EFO_0005537,triple-negative breast cancer,integumentary system disease; reproductive system or breast disease; cancer or benign tumor,0.00369579854684702
VPS52,ENSG00000223501,EFO_1001249,non-alcoholic steatohepatitis,endocrine system disease; gastrointestinal disease,0.00369579854684702
VPS52,ENSG00000223501,OTAR_0000003,cyst,cancer or benign tumor,0.00369579854684702
VPS52,ENSG00000223501,EFO_0000618,nervous system disease,nervous system disease,0.00295663883747761
VPS52,ENSG00000223501,MONDO_0004976,amyotrophic lateral sclerosis,nervous system disease; phenotype,0.00295663883747761
VPS52,ENSG00000223501,MONDO_0004992,cancer,cancer or benign tumor,0.00258705898279291
VPS52,ENSG00000223501,EFO_0002503,cardiac hypertrophy,phenotype,0.00221747912810821
VPS52,ENSG00000223501,MONDO_0020380,autosomal dominant cerebellar ataxia,"genetic, familial or congenital disease; nervous system disease; psychiatric disorder; phenotype",0.00221747912810821
VPS52,ENSG00000223501,HP_0001251,Ataxia,phenotype,0.00221747912810821
VPS52,ENSG00000223501,MONDO_0008315,prostate cancer,reproductive system or breast disease; cancer or benign tumor,0.00147831941873881
VPS52,ENSG00000223501,MONDO_0002691,liver cancer,gastrointestinal disease; endocrine system disease; cancer or benign tumor,0.00147831941873881
VPS52,ENSG00000223501,EFO_0000621,neuroblastoma,nervous system disease; cancer or benign tumor,0.00147831941873881
VPS52,ENSG00000223501,EFO_0000474,epilepsy,nervous system disease,0.00147831941873881
VPS52,ENSG00000223501,EFO_0003096,Pick disease,"nervous system disease; genetic, familial or congenital disease; psychiatric disorder; phenotype",0.00147831941873881
VPS52,ENSG00000223501,Orphanet_227535,Hereditary breast cancer,"reproductive system or breast disease; genetic, familial or congenital disease; integumentary system disease; cancer or benign tumor",0
VPS52,ENSG00000223501,EFO_0000222,acute myeloid leukemia,hematologic disease; immune system disease; cancer or benign tumor; musculoskeletal or connective tissue disease,0
VPS52,ENSG00000223501,MONDO_0007576,esophageal cancer,gastrointestinal disease; cancer or benign tumor,0
VPS52,ENSG00000223501,EFO_0000756,melanoma,cancer or benign tumor,0
VPS52,ENSG00000223501,EFO_1000581,Thymoma,immune system disease; endocrine system disease; hematologic disease; cancer or benign tumor,0
VPS52,ENSG00000223501,EFO_0000640,papillary renal cell carcinoma,cancer or benign tumor; urinary system disease,0
VPS52,ENSG00000223501,EFO_0000574,lymphoma,"hematologic disease; genetic, familial or congenital disease; cancer or benign tumor",0
VPS52,ENSG00000223501,EFO_0000181,head and neck squamous cell carcinoma,cancer or benign tumor,0
VPS52,ENSG00000223501,EFO_0000691,sarcoma,cancer or benign tumor,0
VPS52,ENSG00000223501,MONDO_0016419,hereditary breast carcinoma,"genetic, familial or congenital disease; integumentary system disease; reproductive system or breast disease; cancer or benign tumor",0
VPS52,ENSG00000223501,EFO_0000182,hepatocellular carcinoma,gastrointestinal disease; endocrine system disease; cancer or benign tumor,0
VPS52,ENSG00000223501,EFO_1001949,colon adenocarcinoma,gastrointestinal disease; cancer or benign tumor,0
VPS52,ENSG00000223501,MONDO_0002974,cervical cancer,reproductive system or breast disease; cancer or benign tumor,0
VPS52,ENSG00000223501,MONDO_0007763,nonpapillary renal cell carcinoma,urinary system disease; cancer or benign tumor,0
VPS52,ENSG00000223501,MONDO_0000553,uterine corpus endometrial carcinoma,reproductive system or breast disease; cancer or benign tumor,0
VPS52,ENSG00000223501,MONDO_0008567,"thyroid cancer, nonmedullary, 1","endocrine system disease; genetic, familial or congenital disease; cancer or benign tumor",0
VPS52,ENSG00000223501,EFO_0000365,colorectal adenocarcinoma,gastrointestinal disease; cancer or benign tumor,0
VPS52,ENSG00000223501,EFO_1000043,ovarian serous cystadenocarcinoma,cancer or benign tumor; endocrine system disease; reproductive system or breast disease,0
VPS52,ENSG00000223501,EFO_0000403,diffuse large B-cell lymphoma,"hematologic disease; immune system disease; genetic, familial or congenital disease; cancer or benign tumor",0
VPS52,ENSG00000223501,EFO_1000613,Uterine Carcinosarcoma,reproductive system or breast disease; cancer or benign tumor,0
VPS52,ENSG00000223501,EFO_0000349,clear cell renal carcinoma,urinary system disease; cancer or benign tumor,0
VPS52,ENSG00000223501,MONDO_0008903,lung cancer,respiratory or thoracic disease; cancer or benign tumor,0
VPS52,ENSG00000223501,MONDO_0024498,glioma susceptibility 1,"genetic, familial or congenital disease; cancer or benign tumor",0
VPS52,ENSG00000223501,EFO_1000616,Uveal Melanoma,phenotype; disorder of visual system; cancer or benign tumor; nervous system disease,0
YWHAB,ENSG00000166913,MONDO_0004992,cancer,cancer or benign tumor,0.596828178699744
YWHAB,ENSG00000166913,MONDO_0018997,Noonan syndrome,"cardiovascular disease; genetic, familial or congenital disease; hematologic disease; integumentary system disease; immune system disease; musculoskeletal or connective tissue disease; phenotype",0.558729734847908
YWHAB,ENSG00000166913,EFO_0000538,hypertrophic cardiomyopathy,cardiovascular disease; musculoskeletal or connective tissue disease,0.540921181759359
YWHAB,ENSG00000166913,MONDO_0009026,Costello syndrome,"genetic, familial or congenital disease; cardiovascular disease; musculoskeletal or connective tissue disease",0.540921181759359
YWHAB,ENSG00000166913,EFO_0005772,neurodegenerative disease,nervous system disease,0.530006437518825
YWHAB,ENSG00000166913,MONDO_0100096,COVID-19,infectious disease,0.369949434539386
YWHAB,ENSG00000166913,EFO_0000694,severe acute respiratory syndrome,respiratory or thoracic disease; infectious disease,0.369579854684702
YWHAB,ENSG00000166913,MONDO_0004975,Alzheimer disease,psychiatric disorder; nervous system disease; phenotype,0.255660028433798
YWHAB,ENSG00000166913,MONDO_0002561,lysosomal storage disease,"genetic, familial or congenital disease; nutritional or metabolic disease",0.252225677168944
YWHAB,ENSG00000166913,MONDO_0005301,multiple sclerosis,nervous system disease; immune system disease,0.252225677168944
YWHAB,ENSG00000166913,MONDO_0005180,Parkinson disease,"nervous system disease; genetic, familial or congenital disease",0.252225677168944
YWHAB,ENSG00000166913,MONDO_0007254,breast cancer,integumentary system disease; reproductive system or breast disease; cancer or benign tumor,0.0931190437957691
YWHAB,ENSG00000166913,EFO_0000616,neoplasm,cancer or benign tumor,0.0679677634554277
YWHAB,ENSG00000166913,MONDO_0008903,lung cancer,respiratory or thoracic disease; cancer or benign tumor,0.0440535753108896
YWHAB,ENSG00000166913,Orphanet_255132,Adult-onset autosomal recessive sideroblastic anemia,"nutritional or metabolic disease; genetic, familial or congenital disease; hematologic disease",0.040116045326751
YWHAB,ENSG00000166913,MONDO_0014850,retinitis pigmentosa and erythrocytic microcytosis,"genetic, familial or congenital disease",0.0384510880813964
YWHAB,ENSG00000166913,HP_0100806,Sepsis,phenotype,0.0362188257591008
YWHAB,ENSG00000166913,Orphanet_247790,FTH1-related iron overload,"nutritional or metabolic disease; genetic, familial or congenital disease; gastrointestinal disease",0.0360044694433837
YWHAB,ENSG00000166913,MONDO_0014225,hemochromatosis type 5,"genetic, familial or congenital disease; nutritional or metabolic disease",0.0360044694433837
YWHAB,ENSG00000166913,EFO_0001068,malaria,infectious disease; hematologic disease; endocrine system disease; gastrointestinal disease,0.0356496727828863
YWHAB,ENSG00000166913,MONDO_0011426,aceruloplasminemia,"genetic, familial or congenital disease; nervous system disease; hematologic disease; nutritional or metabolic disease; psychiatric disorder; disorder of visual system; phenotype",0.0343191853060214
YWHAB,ENSG00000166913,Orphanet_766,Hemolytic anemia due to red cell pyruvate kinase deficiency,"nutritional or metabolic disease; genetic, familial or congenital disease; hematologic disease",0.033772207121088
YWHAB,ENSG00000166913,MONDO_0014252,familial hypobetalipoproteinemia 1,"genetic, familial or congenital disease; nutritional or metabolic disease",0.0328482574843763
YWHAB,ENSG00000166913,MONDO_0008810,familial apolipoprotein C-II deficiency,"genetic, familial or congenital disease; nutritional or metabolic disease; phenotype",0.0325821599890033
YWHAB,ENSG00000166913,Orphanet_411,Hyperlipoproteinemia type 1,"endocrine system disease; nutritional or metabolic disease; genetic, familial or congenital disease",0.0325821599890033
YWHAB,ENSG00000166913,Orphanet_79211,Combined hyperlipidemia,"endocrine system disease; nutritional or metabolic disease; genetic, familial or congenital disease",0.0324269364500357
YWHAB,ENSG00000166913,MONDO_0014804,sideroblastic anemia 3,"genetic, familial or congenital disease; hematologic disease; nutritional or metabolic disease; phenotype",0.0321164893721006
YWHAB,ENSG00000166913,MONDO_0012381,hyperinsulinism due to INSR deficiency,"endocrine system disease; nutritional or metabolic disease; genetic, familial or congenital disease",0.0314955952162303
YWHAB,ENSG00000166913,EFO_0000182,hepatocellular carcinoma,gastrointestinal disease; endocrine system disease; cancer or benign tumor,0.030803419003754
YWHAB,ENSG00000166913,MONDO_0015762,progressive familial intrahepatic cholestasis,"endocrine system disease; nutritional or metabolic disease; gastrointestinal disease; genetic, familial or congenital disease; phenotype",0.0305420791911438
YWHAB,ENSG00000166913,MONDO_0009528,chylomicron retention disease,"genetic, familial or congenital disease; nutritional or metabolic disease",0.0305272959969564
YWHAB,ENSG00000166913,MONDO_0011141,"megaloblastic anemia, folate-responsive","genetic, familial or congenital disease; nutritional or metabolic disease",0.0304312052347383
YWHAB,ENSG00000166913,EFO_0000095,chronic lymphocytic leukemia,"hematologic disease; immune system disease; genetic, familial or congenital disease; cancer or benign tumor",0.0286390784005817
YWHAB,ENSG00000166913,MONDO_0001056,gastric cancer,gastrointestinal disease; cancer or benign tumor,0.023311865300662
YWHAB,ENSG00000166913,MONDO_0002974,cervical cancer,reproductive system or breast disease; cancer or benign tumor,0.02270862884896
YWHAB,ENSG00000166913,EFO_0003869,breast neoplasm,integumentary system disease; reproductive system or breast disease; cancer or benign tumor,0.0225443711357668
YWHAB,ENSG00000166913,EFO_0001075,ovarian carcinoma,cancer or benign tumor; endocrine system disease; reproductive system or breast disease,0.0192181524436045
YWHAB,ENSG00000166913,EFO_0004593,gestational diabetes,pregnancy or perinatal disease; endocrine system disease; nutritional or metabolic disease; phenotype,0.0184789927342351
YWHAB,ENSG00000166913,MONDO_0007915,systemic lupus erythematosus,immune system disease; urinary system disease; musculoskeletal or connective tissue disease; phenotype,0.0123603929177884
YWHAB,ENSG00000166913,MONDO_0008840,ataxia telangiectasia,"genetic, familial or congenital disease; endocrine system disease; immune system disease; nervous system disease; reproductive system or breast disease; phenotype",0.0122616679678893
YWHAB,ENSG00000166913,EFO_0003928,necrotizing enterocolitis,"gastrointestinal disease; genetic, familial or congenital disease",0.0118265553499105
YWHAB,ENSG00000166913,EFO_0005537,triple-negative breast cancer,integumentary system disease; reproductive system or breast disease; cancer or benign tumor,0.0118060231357613
YWHAB,ENSG00000166913,MONDO_0018899,posterior cortical atrophy,"nervous system disease; genetic, familial or congenital disease; psychiatric disorder; phenotype",0.0116417654225681
YWHAB,ENSG00000166913,EFO_0000544,infection,biological_process,0.0113594474780173
YWHAB,ENSG00000166913,MONDO_0008108,oculocerebrocutaneous syndrome,"nervous system disease; genetic, familial or congenital disease",0.0110873956405411
YWHAB,ENSG00000166913,MONDO_0003001,seminoma,cancer or benign tumor,0.0110873956405411
YWHAB,ENSG00000166913,MONDO_0001999,idiopathic pulmonary arterial hypertension,respiratory or thoracic disease; cardiovascular disease; phenotype,0.0103482359311717
YWHAB,ENSG00000166913,MONDO_0008170,ovarian cancer,endocrine system disease; reproductive system or breast disease; cancer or benign tumor,0.0102353087533513
YWHAB,ENSG00000166913,EFO_0003108,essential tremor,"nervous system disease; phenotype; genetic, familial or congenital disease",0.00923949636711754
YWHAB,ENSG00000166913,EFO_1001951,colorectal carcinoma,gastrointestinal disease; cancer or benign tumor,0.00831554673040579
ZBTB22,ENSG00000236104,OTAR_0000003,cyst,cancer or benign tumor,0.0528499192199124
ZBTB22,ENSG00000236104,EFO_1000737,multiple symmetric lipomatosis,"integumentary system disease; musculoskeletal or connective tissue disease; genetic, familial or congenital disease; cancer or benign tumor",0.0417255655939028
ZBTB22,ENSG00000236104,Orphanet_79084,"Familial partial lipodystrophy, Köbberling type","endocrine system disease; genetic, familial or congenital disease; nutritional or metabolic disease; integumentary system disease; phenotype",0.0399959318739784
ZBTB22,ENSG00000236104,MONDO_0012072,"familial partial lipodystrophy, Kobberling type","genetic, familial or congenital disease; nutritional or metabolic disease; integumentary system disease; phenotype",0.0399959318739784
ZBTB22,ENSG00000236104,Orphanet_411,Hyperlipoproteinemia type 1,"endocrine system disease; nutritional or metabolic disease; genetic, familial or congenital disease",0.0384658712755838
ZBTB22,ENSG00000236104,MONDO_0958023,"lipodystrophy, congenital generalized, type 5","nutritional or metabolic disease; integumentary system disease; genetic, familial or congenital disease; phenotype",0.0383697805133657
ZBTB22,ENSG00000236104,MONDO_0012923,congenital generalized lipodystrophy type 3,"nutritional or metabolic disease; integumentary system disease; genetic, familial or congenital disease; phenotype",0.0375049636534035
ZBTB22,ENSG00000236104,Orphanet_228429,Generalized congenital lipodystrophy with myopathy,"cardiovascular disease; genetic, familial or congenital disease; endocrine system disease; musculoskeletal or connective tissue disease; nutritional or metabolic disease; phenotype",0.0375049636534035
ZBTB22,ENSG00000236104,EFO_0000616,neoplasm,cancer or benign tumor,0.0374918230363481
ZBTB22,ENSG00000236104,Orphanet_79085,Familial partial lipodystrophy due to AKT2 mutations,"endocrine system disease; nutritional or metabolic disease; integumentary system disease; genetic, familial or congenital disease; phenotype",0.0344300592624268
ZBTB22,ENSG00000236104,MONDO_0019192,AKT2-related familial partial lipodystrophy,"genetic, familial or congenital disease; nutritional or metabolic disease; integumentary system disease; phenotype",0.0344300592624268
ZBTB22,ENSG00000236104,MONDO_0009294,glycogen storage disease VI,"nutritional or metabolic disease; genetic, familial or congenital disease",0.0341861365583349
ZBTB22,ENSG00000236104,EFO_0004610,acute lung injury,"injury, poisoning or other complication; respiratory or thoracic disease",0.0325230272122538
ZBTB22,ENSG00000236104,EFO_0008527,steatosis,phenotype,0.0184789927342351
ZBTB22,ENSG00000236104,MONDO_0004992,cancer,cancer or benign tumor,0.0160459253575608
ZBTB22,ENSG00000236104,MONDO_0008006,Mobius syndrome,"nervous system disease; disorder of visual system; genetic, familial or congenital disease",0.0120113452772528
ZBTB22,ENSG00000236104,HP_0000855,Insulin resistance,phenotype,0.0118265553499105
ZBTB22,ENSG00000236104,EFO_0000544,infection,biological_process,0.00857219940727017
ZBTB22,ENSG00000236104,HP_0003074,Hyperglycemia,phenotype,0.00776117694837874
ZBTB22,ENSG00000236104,EFO_1001951,colorectal carcinoma,gastrointestinal disease; cancer or benign tumor,0.00739159709369404
ZBTB22,ENSG00000236104,EFO_0003095,non-alcoholic fatty liver disease,endocrine system disease; gastrointestinal disease,0.00720680716635169
ZBTB22,ENSG00000236104,HP_0001397,Hepatic steatosis,phenotype,0.00665243738432463
ZBTB22,ENSG00000236104,HP_0001952,Glucose intolerance,phenotype,0.00443495825621642
ZBTB22,ENSG00000236104,EFO_1001237,vitamin A deficiency,nutritional or metabolic disease,0.00443495825621642
ZBTB22,ENSG00000236104,HP_0100543,Cognitive impairment,phenotype,0.00369579854684702
ZBTB22,ENSG00000236104,EFO_0005543,glioma,nervous system disease; cancer or benign tumor,0.00369579854684702
ZBTB22,ENSG00000236104,EFO_0000589,metabolic disease,nutritional or metabolic disease,0.00369579854684702
ZBTB22,ENSG00000236104,EFO_0004248,male infertility,reproductive system or breast disease; phenotype,0.00295663883747761
ZBTB22,ENSG00000236104,EFO_0600064,serum lipopolysaccharide activity,infectious disease,0.00221747912810821
ZBTB22,ENSG00000236104,EFO_0000182,hepatocellular carcinoma,gastrointestinal disease; endocrine system disease; cancer or benign tumor,0.00221747912810821
ZBTB22,ENSG00000236104,EFO_0000400,diabetes mellitus,endocrine system disease; nutritional or metabolic disease; phenotype,0.00221747912810821
ZBTB22,ENSG00000236104,EFO_0000545,infertility,reproductive system or breast disease; phenotype,0.00221747912810821
ZBTB22,ENSG00000236104,MONDO_0009588,Langer mesomelic dysplasia,"genetic, familial or congenital disease; musculoskeletal or connective tissue disease; phenotype",0.00221747912810821
ZBTB22,ENSG00000236104,MONDO_0008315,prostate cancer,reproductive system or breast disease; cancer or benign tumor,0.00147831941873881
ZBTB22,ENSG00000236104,EFO_0001068,malaria,infectious disease; hematologic disease; endocrine system disease; gastrointestinal disease,0.00147831941873881
ZBTB22,ENSG00000236104,EFO_0001073,obesity,nutritional or metabolic disease; phenotype,0.00147831941873881
ZBTB22,ENSG00000236104,EFO_0003819,dental caries,gastrointestinal disease; musculoskeletal or connective tissue disease,0.00147831941873881
ZBTB22,ENSG00000236104,HP_0001943,Hypoglycemia,phenotype,0.00147831941873881
ZBTB22,ENSG00000236104,HP_0000112,Nephropathy,phenotype,0.00147831941873881
ZBTB22,ENSG00000236104,EFO_0003884,chronic kidney disease,urinary system disease,0.00147831941873881
ZBTB22,ENSG00000236104,EFO_0000691,sarcoma,cancer or benign tumor,0
ZBTB9,ENSG00000213588,EFO_0005772,neurodegenerative disease,nervous system disease,0.390898828238462
ZBTB9,ENSG00000213588,MONDO_0004975,Alzheimer disease,psychiatric disorder; nervous system disease; phenotype,0.319417392415047
ZBTB9,ENSG00000213588,MONDO_0005180,Parkinson disease,"nervous system disease; genetic, familial or congenital disease",0.319417392415047
ZBTB9,ENSG00000213588,MONDO_0002561,lysosomal storage disease,"genetic, familial or congenital disease; nutritional or metabolic disease",0.319417392415047
ZBTB9,ENSG00000213588,MONDO_0005301,multiple sclerosis,nervous system disease; immune system disease,0.319417392415047
ZBTB9,ENSG00000213588,EFO_0000616,neoplasm,cancer or benign tumor,0.0739159709369404
ZBTB9,ENSG00000213588,EFO_0005670,smoking initiation,biological_process,0.0710077379780915
ZBTB9,ENSG00000213588,EFO_0009959,diverticular disease,gastrointestinal disease,0.0481418704545674
ZBTB9,ENSG00000213588,EFO_0000685,rheumatoid arthritis,immune system disease; musculoskeletal or connective tissue disease; phenotype,0.0427169173033474
ZBTB9,ENSG00000213588,MONDO_0005405,childhood onset asthma,phenotype; respiratory or thoracic disease,0.0346364027912228
ZBTB9,ENSG00000213588,EFO_0000684,respiratory system disease,respiratory or thoracic disease,0.0326555212611379
ZBTB9,ENSG00000213588,MONDO_0004992,cancer,cancer or benign tumor,0.0325230272122538
ZBTB9,ENSG00000213588,EFO_0000400,diabetes mellitus,endocrine system disease; nutritional or metabolic disease; phenotype,0.0311538043926354
ZBTB9,ENSG00000213588,MONDO_0002491,substance abuse,psychiatric disorder,0.0307018861054263
ZBTB9,ENSG00000213588,EFO_0001663,prostate carcinoma,cancer or benign tumor; reproductive system or breast disease,0.0297708138267748
ZBTB9,ENSG00000213588,MONDO_0004979,asthma,phenotype; respiratory or thoracic disease,0.0291838652631328
ZBTB9,ENSG00000213588,EFO_0003898,ankylosing spondylitis,immune system disease; musculoskeletal or connective tissue disease; phenotype,0.0286164616422317
ZBTB9,ENSG00000213588,EFO_0003888,attention deficit hyperactivity disorder,psychiatric disorder; nervous system disease,0.0286164616422317
ZBTB9,ENSG00000213588,MONDO_0019338,sarcoidosis,musculoskeletal or connective tissue disease,0.0281020204654944
ZBTB9,ENSG00000213588,EFO_0001060,celiac disease,"gastrointestinal disease; genetic, familial or congenital disease; immune system disease",0.0262229220884597
ZBTB9,ENSG00000213588,EFO_0009486,diabetic eye disease,disorder of visual system,0.0261644607360606
ZBTB9,ENSG00000213588,EFO_0000384,Crohn's disease,"immune system disease; gastrointestinal disease; genetic, familial or congenital disease",0.0252251249503416
ZBTB9,ENSG00000213588,EFO_0000717,systemic scleroderma,"respiratory or thoracic disease; urinary system disease; integumentary system disease; immune system disease; musculoskeletal or connective tissue disease; disorder of visual system; genetic, familial or congenital disease; phenotype",0.0252251249503416
ZBTB9,ENSG00000213588,EFO_0000676,psoriasis,"immune system disease; integumentary system disease; genetic, familial or congenital disease",0.024889719083841
ZBTB9,ENSG00000213588,MONDO_0001314,chondrocalcinosis,nutritional or metabolic disease; musculoskeletal or connective tissue disease; phenotype,0.0207412664369364
ZBTB9,ENSG00000213588,MONDO_0005148,type 2 diabetes mellitus,endocrine system disease; nutritional or metabolic disease; phenotype,0.0126273117017273
ZBTB9,ENSG00000213588,EFO_0001073,obesity,nutritional or metabolic disease; phenotype,0.00893151315488029
ZBTB9,ENSG00000213588,Orphanet_91088,Other metabolic disease,"nutritional or metabolic disease; genetic, familial or congenital disease",0.00221747912810821
ZBTB9,ENSG00000213588,EFO_0000341,chronic obstructive pulmonary disease,respiratory or thoracic disease,0.00221747912810821
ZBTB9,ENSG00000213588,MONDO_0000553,uterine corpus endometrial carcinoma,reproductive system or breast disease; cancer or benign tumor,0
ZBTB9,ENSG00000213588,MONDO_0002974,cervical cancer,reproductive system or breast disease; cancer or benign tumor,0
ZBTB9,ENSG00000213588,MONDO_0007576,esophageal cancer,gastrointestinal disease; cancer or benign tumor,0
ZBTB9,ENSG00000213588,EFO_1000043,ovarian serous cystadenocarcinoma,cancer or benign tumor; endocrine system disease; reproductive system or breast disease,0
ZFP36L1,ENSG00000185650,EFO_0005772,neurodegenerative disease,nervous system disease,0.536227011056612
ZFP36L1,ENSG00000185650,EFO_0000537,hypertension,cardiovascular disease; phenotype,0.490152631460984
ZFP36L1,ENSG00000185650,MONDO_0004979,asthma,phenotype; respiratory or thoracic disease,0.475080729621088
ZFP36L1,ENSG00000185650,MONDO_0005147,type 1 diabetes mellitus,endocrine system disease; gastrointestinal disease; immune system disease; nutritional or metabolic disease; phenotype,0.467653733549468
ZFP36L1,ENSG00000185650,EFO_0003924,hair color,phenotype,0.439237770643722
ZFP36L1,ENSG00000185650,EFO_0003767,inflammatory bowel disease,"immune system disease; gastrointestinal disease; genetic, familial or congenital disease",0.433827643999937
ZFP36L1,ENSG00000185650,MONDO_0007254,breast cancer,integumentary system disease; reproductive system or breast disease; cancer or benign tumor,0.433104155378116
ZFP36L1,ENSG00000185650,MONDO_0005301,multiple sclerosis,nervous system disease; immune system disease,0.424004319294059
ZFP36L1,ENSG00000185650,EFO_0000384,Crohn's disease,"immune system disease; gastrointestinal disease; genetic, familial or congenital disease",0.414565898857733
ZFP36L1,ENSG00000185650,EFO_0000305,breast carcinoma,integumentary system disease; reproductive system or breast disease; cancer or benign tumor,0.40228757683128
ZFP36L1,ENSG00000185650,EFO_0003869,breast neoplasm,integumentary system disease; reproductive system or breast disease; cancer or benign tumor,0.399633720882293
ZFP36L1,ENSG00000185650,HP_0032263,Increased blood pressure,phenotype,0.39644727249915
ZFP36L1,ENSG00000185650,EFO_0002609,juvenile idiopathic arthritis,immune system disease; musculoskeletal or connective tissue disease; phenotype,0.37806925591119
ZFP36L1,ENSG00000185650,EFO_0009606,macular degeneration,nervous system disease; disorder of visual system; phenotype,0.376748741790472
ZFP36L1,ENSG00000185650,EFO_0004191,androgenetic alopecia,"integumentary system disease; genetic, familial or congenital disease; phenotype",0.371933970557361
ZFP36L1,ENSG00000185650,HP_0000924,Abnormality of the skeletal system,phenotype,0.371681963460546
ZFP36L1,ENSG00000185650,EFO_0001663,prostate carcinoma,cancer or benign tumor; reproductive system or breast disease,0.335663095433824
ZFP36L1,ENSG00000185650,HP_0012594,Moderate albuminuria,phenotype,0.33528581021663
ZFP36L1,ENSG00000185650,EFO_0009648,parp inhibitor response,biological_process,0.332621869216232
ZFP36L1,ENSG00000185650,EFO_0009433,lower respiratory tract disease,respiratory or thoracic disease,0.327224300600487
ZFP36L1,ENSG00000185650,MONDO_0005178,osteoarthritis,musculoskeletal or connective tissue disease; phenotype,0.324814263808007
ZFP36L1,ENSG00000185650,EFO_1000726,lichen planus,integumentary system disease,0.321053831657331
ZFP36L1,ENSG00000185650,EFO_0000319,cardiovascular disease,cardiovascular disease,0.317527397854005
ZFP36L1,ENSG00000185650,EFO_0000685,rheumatoid arthritis,immune system disease; musculoskeletal or connective tissue disease; phenotype,0.311378172440735
ZFP36L1,ENSG00000185650,HP_0002619,Varicose veins,phenotype,0.307203844107007
ZFP36L1,ENSG00000185650,EFO_0001645,coronary artery disease,cardiovascular disease,0.306861636886806
ZFP36L1,ENSG00000185650,EFO_0004286,venous thromboembolism,cardiovascular disease,0.30425381614127
ZFP36L1,ENSG00000185650,MONDO_0005277,migraine disorder,nervous system disease; cardiovascular disease,0.296138011346068
ZFP36L1,ENSG00000185650,MONDO_0001187,urinary bladder cancer,urinary system disease; cancer or benign tumor,0.291338387383356
ZFP36L1,ENSG00000185650,MONDO_0002260,hidradenitis,integumentary system disease,0.289292027547594
ZFP36L1,ENSG00000185650,HP_0002140,Ischemic stroke,nervous system disease; cardiovascular disease; phenotype,0.286027245599064
ZFP36L1,ENSG00000185650,EFO_0001380,hypopituitarism,endocrine system disease; reproductive system or breast disease; nervous system disease,0.274079354363472
ZFP36L1,ENSG00000185650,HP_0100022,Abnormality of movement,phenotype,0.272552502775705
ZFP36L1,ENSG00000185650,EFO_1000649,estrogen-receptor positive breast cancer,integumentary system disease; reproductive system or breast disease; cancer or benign tumor,0.265268853243365
ZFP36L1,ENSG00000185650,EFO_0004285,albuminuria,phenotype,0.257438253715747
ZFP36L1,ENSG00000185650,EFO_0000729,ulcerative colitis,"gastrointestinal disease; immune system disease; genetic, familial or congenital disease",0.24759548496336
ZFP36L1,ENSG00000185650,EFO_0001075,ovarian carcinoma,cancer or benign tumor; endocrine system disease; reproductive system or breast disease,0.231640618346701
ZFP36L1,ENSG00000185650,MONDO_0021116,luminal A breast carcinoma,integumentary system disease; reproductive system or breast disease; cancer or benign tumor,0.21745325501553
ZFP36L1,ENSG00000185650,MONDO_0004126,thyroiditis,endocrine system disease,0.211553623136067
ZFP36L1,ENSG00000185650,HP_0000952,Jaundice,gastrointestinal disease; phenotype,0.210747704026267
ZFP36L1,ENSG00000185650,MONDO_0000627,benign endocrine neoplasm,endocrine system disease; cancer or benign tumor,0.207050741484183
ZFP36L1,ENSG00000185650,EFO_0005140,autoimmune disease,immune system disease,0.206012217707931
ZFP36L1,ENSG00000185650,EFO_0001365,age-related macular degeneration,"nervous system disease; genetic, familial or congenital disease; disorder of visual system; phenotype",0.202117190824042
ZFP36L1,ENSG00000185650,EFO_0000574,lymphoma,"hematologic disease; genetic, familial or congenital disease; cancer or benign tumor",0.197500412546956
ZFP36L1,ENSG00000185650,EFO_0009534,biliary tract disease,gastrointestinal disease,0.19175856680854
ZFP36L1,ENSG00000185650,MONDO_0002050,depressive disorder,psychiatric disorder; nervous system disease,0.186912081869115
ZFP36L1,ENSG00000185650,EFO_0009846,muscle cramp,phenotype,0.177748967733003
ZFP36L1,ENSG00000185650,EFO_0000389,cutaneous melanoma,integumentary system disease; cancer or benign tumor,0.170917072496618
ZFP36L1,ENSG00000185650,EFO_0009483,breast disease,reproductive system or breast disease,0.170214841140721
ZFP36L1,ENSG00000185650,MONDO_0005575,colorectal cancer,gastrointestinal disease; cancer or benign tumor,0.167976800506505
ZNF322,ENSG00000181315,MONDO_0008903,lung cancer,respiratory or thoracic disease; cancer or benign tumor,0.106911434856833
ZNF322,ENSG00000181315,EFO_0000616,neoplasm,cancer or benign tumor,0.0839577653101769
ZNF322,ENSG00000181315,MONDO_0004992,cancer,cancer or benign tumor,0.0355175291287215
ZNF322,ENSG00000181315,MONDO_0001056,gastric cancer,gastrointestinal disease; cancer or benign tumor,0.0123603929177884
ZNF322,ENSG00000181315,EFO_0003060,non-small cell lung carcinoma,respiratory or thoracic disease; cancer or benign tumor,0.0106972835717072
ZNF322,ENSG00000181315,EFO_0000217,gastritis,gastrointestinal disease,0.00739159709369404
ZNF322,ENSG00000181315,MONDO_0005575,colorectal cancer,gastrointestinal disease; cancer or benign tumor,0.00739159709369404
ZNF322,ENSG00000181315,MONDO_0005148,type 2 diabetes mellitus,endocrine system disease; nutritional or metabolic disease; phenotype,0.00739159709369404
ZNF322,ENSG00000181315,MONDO_0004627,duodenitis,gastrointestinal disease,0.00739159709369404
ZNF322,ENSG00000181315,EFO_0000232,adenoma,cancer or benign tumor,0.00739159709369404
ZNF322,ENSG00000181315,HP_0100526,Neoplasm of the lung,phenotype,0.00449655489866387
ZNF322,ENSG00000181315,MONDO_0008315,prostate cancer,reproductive system or breast disease; cancer or benign tumor,0.00443495825621642
ZNF322,ENSG00000181315,EFO_0000571,lung adenocarcinoma,respiratory or thoracic disease; cancer or benign tumor,0.00406537840153172
ZNF322,ENSG00000181315,EFO_0000729,ulcerative colitis,"gastrointestinal disease; immune system disease; genetic, familial or congenital disease",0.00397370930868215
ZNF322,ENSG00000181315,EFO_0000341,chronic obstructive pulmonary disease,respiratory or thoracic disease,0.00369579854684702
ZNF322,ENSG00000181315,EFO_0000708,squamous cell lung carcinoma,respiratory or thoracic disease; cancer or benign tumor,0.00369579854684702
ZNF322,ENSG00000181315,EFO_0001071,lung carcinoma,respiratory or thoracic disease; cancer or benign tumor,0.00369579854684702
ZNF322,ENSG00000181315,EFO_0000707,squamous cell carcinoma,cancer or benign tumor,0.00369579854684702
ZNF322,ENSG00000181315,EFO_0002608,AIDS dementia,infectious disease; psychiatric disorder; nervous system disease; phenotype,0.00369579854684702
ZNF322,ENSG00000181315,MONDO_0015459,nasopharyngeal carcinoma,infectious disease; gastrointestinal disease; respiratory or thoracic disease; cancer or benign tumor,0.00369579854684702
ZNF322,ENSG00000181315,EFO_0000228,adenocarcinoma,cancer or benign tumor,0.00369579854684702
ZNF322,ENSG00000181315,MONDO_0008758,mitochondrial DNA depletion syndrome 4a,"nervous system disease; genetic, familial or congenital disease; phenotype; nutritional or metabolic disease",0.00295663883747761
ZNF322,ENSG00000181315,MONDO_0007254,breast cancer,integumentary system disease; reproductive system or breast disease; cancer or benign tumor,0.00147831941873881
ZNF322,ENSG00000181315,MONDO_0000553,uterine corpus endometrial carcinoma,reproductive system or breast disease; cancer or benign tumor,0
ZNF322,ENSG00000181315,EFO_1000581,Thymoma,immune system disease; endocrine system disease; hematologic disease; cancer or benign tumor,0
ZNF391,ENSG00000124613,MONDO_0005090,schizophrenia,psychiatric disorder; nervous system disease,0.0114569754952258
ZNF391,ENSG00000124613,MONDO_0002009,major depressive disorder,psychiatric disorder; nervous system disease,0.00923949636711754
ZNF391,ENSG00000124613,MONDO_0004985,bipolar disorder,psychiatric disorder; nervous system disease,0.00923949636711754
ZNF391,ENSG00000124613,EFO_0000182,hepatocellular carcinoma,gastrointestinal disease; endocrine system disease; cancer or benign tumor,0.00369579854684702
ZNF391,ENSG00000124613,MONDO_0002025,psychiatric disorder,psychiatric disorder,0.00221747912810821
ZNF391,ENSG00000124613,EFO_0000191,MALT lymphoma,"gastrointestinal disease; hematologic disease; immune system disease; cancer or benign tumor; genetic, familial or congenital disease",0.00160328582238205
ZNF391,ENSG00000124613,EFO_0000685,rheumatoid arthritis,immune system disease; musculoskeletal or connective tissue disease; phenotype,0.00147831941873881
ZNF391,ENSG00000124613,MONDO_0005180,Parkinson disease,"nervous system disease; genetic, familial or congenital disease",0.00147831941873881
ZNF391,ENSG00000124613,MONDO_0007576,esophageal cancer,gastrointestinal disease; cancer or benign tumor,0
ZNF391,ENSG00000124613,EFO_1000043,ovarian serous cystadenocarcinoma,cancer or benign tumor; endocrine system disease; reproductive system or breast disease,0
ZNF391,ENSG00000124613,EFO_1000581,Thymoma,immune system disease; endocrine system disease; hematologic disease; cancer or benign tumor,0
ZNF391,ENSG00000124613,MONDO_0001056,gastric cancer,gastrointestinal disease; cancer or benign tumor,0
ZNF391,ENSG00000124613,EFO_1000613,Uterine Carcinosarcoma,reproductive system or breast disease; cancer or benign tumor,0
ZNF391,ENSG00000124613,MONDO_0008903,lung cancer,respiratory or thoracic disease; cancer or benign tumor,0
ZSCAN12,ENSG00000158691,EFO_0000616,neoplasm,cancer or benign tumor,0.0155018216826083
ZSCAN12,ENSG00000158691,MONDO_0011962,endometrial cancer,reproductive system or breast disease; cancer or benign tumor,0.012478453149146
ZSCAN12,ENSG00000158691,EFO_0000178,gastric carcinoma,gastrointestinal disease; cancer or benign tumor,0.0110873956405411
ZSCAN12,ENSG00000158691,MONDO_0011549,hypotrichosis 1,"genetic, familial or congenital disease; integumentary system disease; phenotype",0.0110873956405411
ZSCAN12,ENSG00000158691,MONDO_0007254,breast cancer,integumentary system disease; reproductive system or breast disease; cancer or benign tumor,0.0103482359311717
ZSCAN12,ENSG00000158691,HP_0100806,Sepsis,phenotype,0.00768267834148268
ZSCAN12,ENSG00000158691,EFO_1000796,adrenal cortex carcinoma,cardiovascular disease; endocrine system disease; urinary system disease; cancer or benign tumor,0.00369579854684702
ZSCAN12,ENSG00000158691,EFO_0003767,inflammatory bowel disease,"immune system disease; gastrointestinal disease; genetic, familial or congenital disease",0.00369579854684702
ZSCAN12,ENSG00000158691,MONDO_0002050,depressive disorder,psychiatric disorder; nervous system disease,0.00369579854684702
ZSCAN12,ENSG00000158691,MONDO_0001056,gastric cancer,gastrointestinal disease; cancer or benign tumor,0.00369579854684702
ZSCAN12,ENSG00000158691,EFO_0000474,epilepsy,nervous system disease,0.00369579854684702
ZSCAN12,ENSG00000158691,EFO_0001071,lung carcinoma,respiratory or thoracic disease; cancer or benign tumor,0.0036164257249814
ZSCAN12,ENSG00000158691,MONDO_0002009,major depressive disorder,psychiatric disorder; nervous system disease,0.00295663883747761
ZSCAN12,ENSG00000158691,MONDO_0004992,cancer,cancer or benign tumor,0.00275131669598611
ZSCAN12,ENSG00000158691,MONDO_0022529,BK-virus nephropathy,urinary system disease; infectious disease,0.00228688964591491
ZSCAN12,ENSG00000158691,MONDO_0018559,fetal lower urinary tract obstruction,"urinary system disease; genetic, familial or congenital disease",0.00221747912810821
ZSCAN12,ENSG00000158691,MONDO_0008315,prostate cancer,reproductive system or breast disease; cancer or benign tumor,0.00221747912810821
ZSCAN12,ENSG00000158691,EFO_0000763,viral disease,infectious disease,0.00147831941873881
ZSCAN12,ENSG00000158691,MONDO_0002974,cervical cancer,reproductive system or breast disease; cancer or benign tumor,0
ZSCAN12,ENSG00000158691,MONDO_0015278,familial pancreatic carcinoma,"genetic, familial or congenital disease; gastrointestinal disease; endocrine system disease; cancer or benign tumor",0
ZSCAN12,ENSG00000158691,MONDO_0007576,esophageal cancer,gastrointestinal disease; cancer or benign tumor,0
ZSCAN12,ENSG00000158691,EFO_1000043,ovarian serous cystadenocarcinoma,cancer or benign tumor; endocrine system disease; reproductive system or breast disease,0
ZSCAN12,ENSG00000158691,EFO_0005221,cholangiocarcinoma,gastrointestinal disease; endocrine system disease; cancer or benign tumor,0
ZSCAN12,ENSG00000158691,EFO_0000222,acute myeloid leukemia,hematologic disease; immune system disease; cancer or benign tumor; musculoskeletal or connective tissue disease,0
ZSCAN12,ENSG00000158691,EFO_1000581,Thymoma,immune system disease; endocrine system disease; hematologic disease; cancer or benign tumor,0
ZSCAN16,ENSG00000196812,EFO_0004705,hypothyroidism,endocrine system disease,0.147227468975434
ZSCAN16,ENSG00000196812,EFO_0000182,hepatocellular carcinoma,gastrointestinal disease; endocrine system disease; cancer or benign tumor,0.0950924859660908
ZSCAN16,ENSG00000196812,EFO_0000756,melanoma,cancer or benign tumor,0.0761334500650486
ZSCAN16,ENSG00000196812,EFO_0004274,gout,nutritional or metabolic disease; musculoskeletal or connective tissue disease; phenotype,0.0473062213996418
ZSCAN16,ENSG00000196812,EFO_0000616,neoplasm,cancer or benign tumor,0.0378628401460232
ZSCAN16,ENSG00000196812,MONDO_0004986,urinary bladder carcinoma,urinary system disease; cancer or benign tumor,0.0325230272122538
ZSCAN16,ENSG00000196812,MONDO_0005575,colorectal cancer,gastrointestinal disease; cancer or benign tumor,0.0134822730988979
ZSCAN16,ENSG00000196812,EFO_0000637,osteosarcoma,musculoskeletal or connective tissue disease; cancer or benign tumor,0.0127491447537267
ZSCAN16,ENSG00000196812,EFO_0000544,infection,biological_process,0.00739159709369404
ZSCAN16,ENSG00000196812,EFO_0004239,chronic hepatitis B virus infection,infectious disease; gastrointestinal disease; endocrine system disease,0.00702201723900934
ZSCAN16,ENSG00000196812,EFO_0006544,bladder transitional cell carcinoma,urinary system disease; cancer or benign tumor,0.00369579854684702
ZSCAN16,ENSG00000196812,MONDO_0002050,depressive disorder,psychiatric disorder; nervous system disease,0.00369579854684702
ZSCAN16,ENSG00000196812,EFO_0000571,lung adenocarcinoma,respiratory or thoracic disease; cancer or benign tumor,0.00267106373692952
ZSCAN16,ENSG00000196812,MONDO_0004979,asthma,phenotype; respiratory or thoracic disease,0.00259327653746385
ZSCAN16,ENSG00000196812,MONDO_0007154,arteriovenous malformations of the brain,"genetic, familial or congenital disease; cardiovascular disease; cancer or benign tumor",0.00221747912810821
ZSCAN16,ENSG00000196812,MONDO_0007254,breast cancer,integumentary system disease; reproductive system or breast disease; cancer or benign tumor,0.00147831941873881
ZSCAN16,ENSG00000196812,MONDO_0004992,cancer,cancer or benign tumor,0.00147831941873881
ZSCAN16,ENSG00000196812,EFO_1000043,ovarian serous cystadenocarcinoma,cancer or benign tumor; endocrine system disease; reproductive system or breast disease,0.00147831941873881
ZSCAN16,ENSG00000196812,EFO_0000199,oral squamous cell carcinoma,gastrointestinal disease; cancer or benign tumor,0.00133737276093133
ZSCAN16,ENSG00000196812,EFO_0000673,prostate adenocarcinoma,cancer or benign tumor; reproductive system or breast disease,0.00122441513421091
ZSCAN16,ENSG00000196812,MONDO_0001056,gastric cancer,gastrointestinal disease; cancer or benign tumor,0
ZSCAN16,ENSG00000196812,MONDO_0001187,urinary bladder cancer,urinary system disease; cancer or benign tumor,0
